{"chats":[{"chat":4,"command":0,"jid":"6285624669919@s.whatsapp.net","lastchat":0,"lastseen":1684244849775},{"chat":128,"command":1684256646490,"jid":"6285200808240@s.whatsapp.net","lastchat":0,"lastseen":1684256646454},{"chat":436,"command":1684246511939,"jid":"120363152060966582@g.us","lastchat":0,"lastseen":1684256515562},{"chat":42,"command":1684225509108,"jid":"6282317327233@s.whatsapp.net","lastchat":0,"lastseen":1684225521380},{"chat":5,"command":0,"jid":"6281350320733@s.whatsapp.net","lastchat":0,"lastseen":1684244761783}],"groups":[{"activity":1684256515562,"antidelete":false,"antilink":true,"antivirtex":true,"autoread":true,"expired":0,"filter":true,"jid":"120363152060966582@g.us","left":true,"localonly":false,"member":{"6281212592955@s.whatsapp.net":{"lastseen":1684237383061,"warning":0},"6281244622905@s.whatsapp.net":{"lastseen":1684231562808,"warning":0},"6281251499510@s.whatsapp.net":{"lastseen":1684245899936,"warning":0},"6281320913089@s.whatsapp.net":{"lastseen":1684233698681,"warning":0},"6281325513353@s.whatsapp.net":{"lastseen":1684227462992,"warning":0},"6281367905771@s.whatsapp.net":{"lastseen":1684246494215,"warning":0},"6281389436166@s.whatsapp.net":{"lastseen":1684234177612,"warning":0},"6281555945914@s.whatsapp.net":{"lastseen":1684235549157,"warning":0},"6281994594484@s.whatsapp.net":{"lastseen":1684256515576,"warning":0},"6282126380180@s.whatsapp.net":{"lastseen":1684231027399,"warning":0},"6282127837759@s.whatsapp.net":{"lastseen":1684256265787,"warning":0},"6282135679070@s.whatsapp.net":{"lastseen":1684243839258,"warning":0},"6282181887668@s.whatsapp.net":{"lastseen":1684226431716,"warning":0},"6282192109799@s.whatsapp.net":{"lastseen":1684238721704,"warning":1},"6282230555504@s.whatsapp.net":{"lastseen":1684253360432,"warning":0},"6282241430506@s.whatsapp.net":{"lastseen":1684227339571,"warning":0},"6282252554501@s.whatsapp.net":{"lastseen":1684239030687,"warning":0},"6282315087441@s.whatsapp.net":{"lastseen":1684234560720,"warning":0},"6282317327233@s.whatsapp.net":{"lastseen":1684237665839,"warning":0},"6282329200723@s.whatsapp.net":{"lastseen":1684238797309,"warning":0},"6283157740194@s.whatsapp.net":{"lastseen":1684243998798,"warning":0},"6285200808240@s.whatsapp.net":{"lastseen":1684256139205,"warning":0},"6285282760049@s.whatsapp.net":{"lastseen":1684252637700,"warning":0},"6285322061099@s.whatsapp.net":{"lastseen":1684253313566,"warning":0},"6285720384543@s.whatsapp.net":{"lastseen":1684221024859,"warning":0},"6285753784220@s.whatsapp.net":{"lastseen":1684244104670,"warning":1},"6285823504350@s.whatsapp.net":{"lastseen":1684237779151,"warning":0},"6285872104890@s.whatsapp.net":{"lastseen":1684221050652,"warning":0},"62895400527277@s.whatsapp.net":{"lastseen":1684256084414,"warning":0},"6289657539338@s.whatsapp.net":{"lastseen":1684243763656,"warning":0},"628970647997@s.whatsapp.net":{"lastseen":1684225640673,"warning":0}},"mute":false,"stay":false,"text_left":"","text_welcome":"","welcome":true}],"setting":{"autodownload":true,"chatbot":true,"cover":"https://srv.neoxr.tk/files/Ff86r7.jpg","debug":false,"error":[],"groupmode":true,"lastReset":1684256400600,"link":"https://chat.whatsapp.com/CigZCYRcG2tCFP3ZvuQY1R","menuStyle":4,"mimic":[],"msg":"Hi +tag 🪸\nI am an automated system (WhatsApp Bot) that can help to do something, search and get data / information only through WhatsApp.\n\n◦ *Database* : +db\n◦ *Library* : Baileys v+version\n◦ *Rest API* : https://api.neoxr.my.id\n◦ *Source* : https://youtube.com/@itsukabotz\n\nIf you find an error or want to upgrade premium plan contact the owner.","multiprefix":true,"noprefix":false,"online":true,"onlyprefix":"+","owners":["6285692195658"],"pluginDisable":[],"prefix":[".","/","!","#"],"self":false,"sk_author":"@itsukabotz","sk_pack":"Sticker","toxic":["ajg","ajig","anjas","anjg","anjim","anjing","anjrot","anying","asw","autis","babi","bacod","bacot","bagong","bajingan","bangsad","bangsat","bastard","bego","bgsd","biadab","biadap","bitch","bngst","bodoh","bokep","cocote","coli","colmek","comli","dajjal","dancok","dongo","fuck","gelay","goblog","goblok","guoblog","guoblok","hairul","henceut","idiot","itil","jamet","jancok","jembut","jingan","kafir","kanjut","kanyut","keparat","kntl","kontol","lana","loli","lont","lonte","mancing","meki","memek","ngentod","ngentot","ngewe","ngocok","ngtd","njeng","njing","njinx","oppai","pantek","pantek","peler","pepek","pilat","pler","pornhub","pucek","puki","pukimak","redhub","sange","setan","silit","telaso","tempek","tete","titit","toket","tolol","tomlol","tytyd","wildan","xnxx"]},"statistic":{"afk":{"hitstat":7,"lasthit":1684237757667,"sender":"6285200808240","today":0},"antidelete":{"hitstat":4,"lasthit":1684252812812,"sender":"6285200808240","today":0},"antilink":{"hitstat":1,"lasthit":1684223237093,"sender":"6285200808240","today":0},"antivirtex":{"hitstat":1,"lasthit":1684223251080,"sender":"6285200808240","today":0},"artinama":{"hitstat":1,"lasthit":1684233212678,"sender":"6285200808240","today":0},"autoread":{"hitstat":4,"lasthit":1684246493999,"sender":"6285200808240","today":0},"ban":{"hitstat":3,"lasthit":1684237726898,"sender":"6285200808240","today":0},"cerpen-anak":{"hitstat":1,"lasthit":1684253442207,"sender":"6285200808240","today":0},"cerpen-misteri":{"hitstat":1,"lasthit":1684233003015,"sender":"6285200808240","today":0},"checkapi":{"hitstat":4,"lasthit":1684256007458,"sender":"6285200808240","today":0},"couple":{"hitstat":2,"lasthit":1684237500786,"sender":"6282317327233","today":0},"filter":{"hitstat":1,"lasthit":1684223280131,"sender":"6285200808240","today":0},"gempa":{"hitstat":1,"lasthit":1684228314509,"sender":"6285200808240","today":0},"groupinfo":{"hitstat":1,"lasthit":1684245198854,"sender":"6285200808240","today":0},"groupmode":{"hitstat":1,"lasthit":1684245017321,"sender":"6285624669919","today":0},"groups":{"hitstat":1,"lasthit":1684227040759,"sender":"6285200808240","today":0},"kick":{"hitstat":1,"lasthit":1684237734564,"sender":"6285200808240","today":0},"left":{"hitstat":2,"lasthit":1684237346841,"sender":"6285624669919","today":0},"limit":{"hitstat":3,"lasthit":1684246703615,"sender":"6285200808240","today":0},"link":{"hitstat":3,"lasthit":1684241307741,"sender":"6285200808240","today":0},"listonline":{"hitstat":1,"lasthit":1684226771563,"sender":"6285200808240","today":0},"me":{"hitstat":4,"lasthit":1684226881884,"sender":"6285200808240","today":0},"mute":{"hitstat":5,"lasthit":1684237612413,"sender":"6282317327233","today":0},"owelcome":{"hitstat":1,"lasthit":1684219230002,"sender":"6285200808240","today":0},"owner":{"hitstat":2,"lasthit":1684232893273,"sender":"6285200808240","today":0},"ping":{"hitstat":13,"lasthit":1684246725599,"sender":"6285200808240","today":0},"premium":{"hitstat":1,"lasthit":1684226679590,"sender":"6285200808240","today":0},"reset":{"hitstat":1,"lasthit":1684253640720,"sender":"6285200808240","today":0},"response":{"hitstat":8,"lasthit":1684236374790,"sender":"6285200808240","today":0},"restart":{"hitstat":4,"lasthit":1684245138064,"sender":"6285624669919","today":0},"runtime":{"hitstat":2,"lasthit":1684234439488,"sender":"6285200808240","today":0},"rvo":{"hitstat":1,"lasthit":1684243866994,"sender":"6285200808240","today":0},"script":{"hitstat":2,"lasthit":1684236868347,"sender":"6285200808240","today":0},"self":{"hitstat":6,"lasthit":1684245125959,"sender":"6285624669919","today":0},"setlink":{"hitstat":2,"lasthit":1684252752552,"sender":"6285200808240","today":0},"sholat":{"hitstat":1,"lasthit":1684226642013,"sender":"6285200808240","today":0},"sticker":{"hitstat":2,"lasthit":1684234008630,"sender":"6282317327233","today":0},"stiker":{"hitstat":1,"lasthit":1684233944873,"sender":"6282317327233","today":0},"toimg":{"hitstat":2,"lasthit":1684228104568,"sender":"6285200808240","today":0},"unban":{"hitstat":3,"lasthit":1684235157305,"sender":"6285200808240","today":0},"unblock":{"hitstat":1,"lasthit":1684234181709,"sender":"6285200808240","today":0},"welcome":{"hitstat":4,"lasthit":1684237579210,"sender":"6285624669919","today":0},"yt":{"hitstat":2,"lasthit":1684241317645,"sender":"6285200808240","today":0}},"sticker":{},"users":[{"afk":-1,"afkReason":"","banTemp":0,"banTimes":0,"banned":false,"expired":0,"hit":19,"jid":"6285624669919@s.whatsapp.net","lastseen":1684256010466,"limit":25,"name":"6285624669919@s.whatsapp.net","premium":false,"spam":0,"usebot":1684245138063,"warning":0},{"afk":-1,"afkReason":"","banTemp":0,"banTimes":0,"banned":false,"expired":0,"hit":102,"jid":"6285200808240@s.whatsapp.net","lastseen":1684256646454,"limit":25,"name":"6285200808240@s.whatsapp.net","premium":false,"spam":1,"usebot":1684256646490,"warning":0},{"afk":-1,"afkReason":"","banTemp":0,"banTimes":0,"banned":true,"expired":0,"hit":13,"jid":"6282317327233@s.whatsapp.net","lastseen":1684237665827,"limit":25,"name":"6282317327233@s.whatsapp.net","premium":false,"spam":0,"usebot":1684237612412,"warning":0},{"afk":-1,"afkReason":"","banTemp":0,"banTimes":0,"banned":false,"expired":0,"hit":0,"jid":"6282135679070@s.whatsapp.net","lastseen":1684243839247,"limit":25,"name":"6282135679070@s.whatsapp.net","premium":false,"spam":1,"warning":0},{"afk":-1,"afkReason":"","banTemp":0,"banTimes":0,"banned":false,"expired":0,"hit":0,"jid":"6285720384543@s.whatsapp.net","lastseen":1684221024827,"limit":25,"name":"6285720384543@s.whatsapp.net","premium":false,"spam":1,"warning":0},{"afk":-1,"afkReason":"","banTemp":0,"banTimes":0,"banned":false,"expired":0,"hit":0,"jid":"6285872104890@s.whatsapp.net","lastseen":1684221050621,"limit":25,"name":"6285872104890@s.whatsapp.net","premium":false,"spam":1,"warning":0},{"afk":-1,"afkReason":"","banTemp":0,"banTimes":0,"banned":false,"expired":0,"hit":0,"jid":"6282181887668@s.whatsapp.net","lastseen":1684226431707,"limit":25,"name":"6282181887668@s.whatsapp.net","premium":false,"spam":1,"warning":0},{"afk":-1,"afkReason":"","banTemp":0,"banTimes":0,"banned":false,"expired":0,"hit":0,"jid":"628970647997@s.whatsapp.net","lastseen":1684225640668,"limit":25,"name":"628970647997@s.whatsapp.net","premium":false,"spam":1,"warning":0},{"afk":-1,"afkReason":"","banTemp":0,"banTimes":0,"banned":false,"expired":0,"hit":0,"jid":"6282315087441@s.whatsapp.net","lastseen":1684234560689,"limit":25,"name":"6282315087441@s.whatsapp.net","premium":false,"spam":0,"warning":0},{"afk":-1,"afkReason":"","banTemp":0,"banTimes":0,"banned":false,"expired":0,"hit":2,"jid":"6281389436166@s.whatsapp.net","lastseen":1684234177585,"limit":25,"name":"6281389436166@s.whatsapp.net","premium":false,"spam":0,"usebot":1684233960307,"warning":0},{"afk":-1,"afkReason":"","banTemp":0,"banTimes":0,"banned":false,"expired":0,"hit":0,"jid":"6282241430506@s.whatsapp.net","lastseen":1684227339538,"limit":25,"name":"6282241430506@s.whatsapp.net","premium":false,"spam":0,"warning":0},{"afk":-1,"afkReason":"","banTemp":0,"banTimes":0,"banned":false,"expired":0,"hit":0,"jid":"6281325513353@s.whatsapp.net","lastseen":1684227462984,"limit":25,"name":"6281325513353@s.whatsapp.net","premium":false,"spam":0,"warning":0},{"afk":-1,"afkReason":"","banTemp":0,"banTimes":0,"banned":false,"expired":0,"hit":0,"jid":"6281350320733@s.whatsapp.net","lastseen":1684244761783,"limit":25,"name":"6281350320733@s.whatsapp.net","premium":false,"spam":1,"warning":0},{"afk":-1,"afkReason":"","banTemp":0,"banTimes":0,"banned":false,"expired":0,"hit":0,"jid":"6282126380180@s.whatsapp.net","lastseen":1684231027386,"limit":25,"name":"6282126380180@s.whatsapp.net","premium":false,"spam":1,"warning":0},{"afk":-1,"afkReason":"","banTemp":0,"banTimes":0,"banned":false,"expired":0,"hit":0,"jid":"6282192109799@s.whatsapp.net","lastseen":1684238721692,"limit":25,"name":"6282192109799@s.whatsapp.net","premium":false,"spam":1,"warning":0},{"afk":-1,"afkReason":"","banTemp":0,"banTimes":0,"banned":false,"expired":0,"hit":0,"jid":"6281244622905@s.whatsapp.net","lastseen":1684231562782,"limit":25,"name":"6281244622905@s.whatsapp.net","premium":false,"spam":1,"warning":0},{"afk":-1,"afkReason":"","banTemp":0,"banTimes":0,"banned":false,"expired":0,"hit":0,"jid":"6282329200723@s.whatsapp.net","lastseen":1684238797283,"limit":25,"name":"6282329200723@s.whatsapp.net","premium":false,"spam":0,"warning":0},{"afk":-1,"afkReason":"","banTemp":0,"banTimes":0,"banned":false,"expired":0,"hit":0,"jid":"6281320913089@s.whatsapp.net","lastseen":1684233698673,"limit":25,"name":"6281320913089@s.whatsapp.net","premium":false,"spam":1,"warning":0},{"afk":-1,"afkReason":"","banTemp":0,"banTimes":0,"banned":false,"expired":0,"hit":0,"jid":"6281212592955@s.whatsapp.net","lastseen":1684237383049,"limit":25,"name":"6281212592955@s.whatsapp.net","premium":false,"spam":1,"warning":0},{"afk":-1,"afkReason":"","banTemp":0,"banTimes":0,"banned":false,"expired":0,"hit":0,"jid":"6281555945914@s.whatsapp.net","lastseen":1684235549130,"limit":25,"name":"6281555945914@s.whatsapp.net","premium":false,"spam":1,"warning":0},{"afk":-1,"afkReason":"","banTemp":0,"banTimes":0,"banned":false,"expired":0,"hit":0,"jid":"6282127837759@s.whatsapp.net","lastseen":1684256265764,"limit":25,"name":"6282127837759@s.whatsapp.net","premium":false,"spam":1,"warning":0},{"afk":-1,"afkReason":"","banTemp":0,"banTimes":0,"banned":false,"expired":0,"hit":0,"jid":"6285753784220@s.whatsapp.net","lastseen":1684244104657,"limit":25,"name":"6285753784220@s.whatsapp.net","premium":false,"spam":0,"warning":0},{"afk":-1,"afkReason":"","banTemp":0,"banTimes":0,"banned":false,"expired":0,"hit":0,"jid":"6285823504350@s.whatsapp.net","lastseen":1684237779129,"limit":25,"name":"6285823504350@s.whatsapp.net","premium":false,"spam":0,"warning":0},{"afk":-1,"afkReason":"","banTemp":0,"banTimes":0,"banned":false,"expired":0,"hit":0,"jid":"6282252554501@s.whatsapp.net","lastseen":1684239030673,"limit":25,"name":"6282252554501@s.whatsapp.net","premium":false,"spam":1,"warning":0},{"afk":-1,"afkReason":"","banTemp":0,"banTimes":0,"banned":false,"expired":0,"hit":0,"jid":"6289657539338@s.whatsapp.net","lastseen":1684243763646,"limit":25,"name":"6289657539338@s.whatsapp.net","premium":false,"spam":1,"warning":0},{"afk":-1,"afkReason":"","banTemp":0,"banTimes":0,"banned":false,"expired":0,"hit":0,"jid":"6283157740194@s.whatsapp.net","lastseen":1684243998789,"limit":25,"name":"6283157740194@s.whatsapp.net","premium":false,"spam":1,"warning":0},{"afk":-1,"afkReason":"","banTemp":0,"banTimes":0,"banned":false,"expired":0,"hit":0,"jid":"6285282760049@s.whatsapp.net","lastseen":1684252637629,"limit":25,"name":"6285282760049@s.whatsapp.net","premium":false,"spam":0,"warning":0},{"afk":-1,"afkReason":"","banTemp":0,"banTimes":0,"banned":false,"expired":0,"hit":0,"jid":"6281251499510@s.whatsapp.net","lastseen":1684245899917,"limit":25,"name":"6281251499510@s.whatsapp.net","premium":false,"spam":1,"warning":0},{"afk":-1,"afkReason":"","banTemp":0,"banTimes":0,"banned":false,"expired":0,"hit":0,"jid":"6281367905771@s.whatsapp.net","lastseen":1684246494208,"limit":25,"name":"6281367905771@s.whatsapp.net","premium":false,"spam":0,"warning":0},{"afk":-1,"afkReason":"","banTemp":0,"banTimes":0,"banned":false,"expired":0,"hit":0,"jid":"6282230555504@s.whatsapp.net","lastseen":1684253360417,"limit":25,"name":"6282230555504@s.whatsapp.net","premium":false,"spam":1,"warning":0},{"afk":-1,"afkReason":"","banTemp":0,"banTimes":0,"banned":false,"expired":0,"hit":0,"jid":"6285322061099@s.whatsapp.net","lastseen":1684253313534,"limit":25,"name":"6285322061099@s.whatsapp.net","premium":false,"spam":1,"warning":0},{"afk":-1,"afkReason":"","banTemp":0,"banTimes":0,"banned":false,"expired":0,"hit":0,"jid":"62895400527277@s.whatsapp.net","lastseen":1684256084399,"limit":25,"name":"62895400527277@s.whatsapp.net","premium":false,"spam":0,"warning":0},{"afk":-1,"afkReason":"","banTemp":0,"banTimes":0,"banned":false,"expired":0,"hit":0,"jid":"6281994594484@s.whatsapp.net","lastseen":1684256515562,"limit":25,"name":"6281994594484@s.whatsapp.net","premium":false,"spam":1,"warning":0}]}