{"version":16,"hash":{"type":"Buffer","data":"bKAcwdP27Eei+FZCKnQHhEQaDa3eW6HfIvjBokIZqQzgzD+UMPuvef9vtok00Fi1UeF3EU7JKYCjOUmtmee6tDx/+6VtWVXPugsWGss17s7U9iHKHknXnuLjE8YSsgt7nn7I/9dYZdvaEsUHRlSOc7F3v90EW0kllO15RUi38n8="},"indexValueMap":{"OswF5fLx3yJrWxuNnQKJAz8xbuitAvGs5pA6FtkrRGw=":{"valueMac":{"type":"Buffer","data":"RrFBa7J2zDRizfzm55taC+E4HUQO94hJukSQlsMBMn0="}},"Tbfr2G0x7jqxXzQsD3Sj5d2wVWFuVkj92dUeg6nTRfc=":{"valueMac":{"type":"Buffer","data":"BLW9YDxh3+OZo7UJcTqnEw8sZ6pg/cLJZIdBaY2WT98="}},"WcoLYZi5DdoHFSSJoAcL2Y9NLzjxO6BDzIrEe5/VTiQ=":{"valueMac":{"type":"Buffer","data":"wrs3ynWdMIOopx/nQMAfWgp1Hbzr6X36qdetLhOjWiw="}},"bMsXyEd2os+zyVwMeAvdNAoW6lSMHW4HoSSeWjzC2NY=":{"valueMac":{"type":"Buffer","data":"MqhYncKunJNkuV/VfnJ5qc3PRMHm7EpiDcZQE+mgqa0="}},"cqEuUOCYNquXd5Xaallmjd2bAwWrjGBMAucIWATy4yY=":{"valueMac":{"type":"Buffer","data":"qh9GIrPKUc3gQdfz3H5CHUnbciSgizndNSYHd/6/6c8="}},"yPXQvAVxIVpZw0RgBaPD8KJGJvhEcJcqdK7DbEhnu0Q=":{"valueMac":{"type":"Buffer","data":"j8YGkyqZg7RyjBnjp084SUxGpajAIo+QO9dWg5lDQI0="}},"AEER0pUtwV8pgDvdCKmXtDfkIOKyj1/CN6GGe55LDy0=":{"valueMac":{"type":"Buffer","data":"SMFdhVSEH9xrhSBdKB5WsQd2Ac70018BdOnqA2AIy8s="}},"wT0VGbnE26EupB1YTE2Rlf2kAHsUOVS94ZYIZKhPelE=":{"valueMac":{"type":"Buffer","data":"A8y7X68CpPkJZIq6FNu5za0bK98vLki3WGK4Y6yk5R4="}},"Fn4TejijnRJqzYz9x2Btr9rlMeJQZbCCRehH124KMDU=":{"valueMac":{"type":"Buffer","data":"EitwaeGRUSiDOURRgrWg7BE0S6m5JTIbOb2difo+y9Q="}},"XizK0b8EZc2xf9tHThPUrFWYoYI42m3JRWLZySuN4Ug=":{"valueMac":{"type":"Buffer","data":"scg4C2XYpp29RobrA/q9f1NvmHDmyIKOD7QR/RT+LtU="}},"pEdp71w/KijUIoLsYSztZYnSz+WLiqFLIjSt0m6GaDY=":{"valueMac":{"type":"Buffer","data":"FzwAVWVVXm8G4jDARERSMtDJEkm3M/6JpMBXv2X03Qs="}},"K2BseXeEpj8EylIcmiowEvviV5B8jhfMPf6ECwyOqTE=":{"valueMac":{"type":"Buffer","data":"nW9iSfGPIZ1QdArZI8pVMtY1IrdoDTgN2imJoPykSHQ="}},"o4UQnwSTxxHTgUTWpuOs+ngKP6yZwO4wuJMzld9jZtg=":{"valueMac":{"type":"Buffer","data":"VS5gQc+MrBx0ReOGWLNk8QqsGH9Cc7f8RnjcnfRfjKM="}},"FL6nYvMMlWcq2UU4KIFleR7G6rXEpQIHdeAg62WJDW8=":{"valueMac":{"type":"Buffer","data":"SUrU3LE8vEyPPHcWeMcMWcku4tu81vxq7TS+IhKjJLk="}}}}