{"version":5,"hash":{"type":"Buffer","data":"QhSV/Ml0cnK48f9VhDTs46CDQC1DGwDqqtKMngNvnOEK/Z5Qa43TXzGIbA7zKKGmZhUU3ut56qkB9InLywoA8273Hee5Mx+6SjxsldDEEYV/15qUEJ9W25PAqnx0Vw57T1J2lU2gUjtfyOokI7qewp7anzEPXATXTPqLy66xHfw="},"indexValueMap":{"I6lAWQaCxa4If79JzLjAZh2zMyiYBTT591bB7LcIhK0=":{"valueMac":{"type":"Buffer","data":"o4KeLNOhsoS+vn3kUV/NOK/ywk6P8PfVxseCjC57YJE="}},"dnyz0+ZVNDmFi363zwqdYkJ0InQJLMv51XhoszVCnQ0=":{"valueMac":{"type":"Buffer","data":"x79afty6a7pHW3hUyVeI2WTWFMsMu/q7jP+CVj6VKAA="}},"g1p/Ps5RbA1lu2oEyd0CewV9qWw2zErZviII+FRmMT0=":{"valueMac":{"type":"Buffer","data":"Kl3tKRuMoLHEYAwH4xsoI67x/GC/r7HMP80omfgqkZk="}},"wWLu8TzZcksiOcnp2ZVI5DcutIE3KZjDxafN6pEPkEY=":{"valueMac":{"type":"Buffer","data":"p7ze8PH4H9a3kahe5LRv4IxMkFAvZ0BgysHYXJ86FDY="}},"y8+297aJqjLv3/QqoUIyyKHQDOB8j3STay5gLA71wKM=":{"valueMac":{"type":"Buffer","data":"JpI6Zm5DUTsZNNOXmLx8ya6zkN+shJTkgmSVkiSIXrk="}},"643yNYzdsHu/3LUewG9rg0GYAn3Zb2dslTWhmVQPWF0=":{"valueMac":{"type":"Buffer","data":"Qo8iI3Vf4y8Qej6hLORWR6k7mr2kxZv86XhgFvqYmgU="}},"Gl43U2/MZa1n4/ZqPtmUHktoVkUJSNphvHkmBhtGZuk=":{"valueMac":{"type":"Buffer","data":"5LGNteUcoyXNljXcU8eQvcaLp1vd/pDTgez2V5767Jo="}},"QE7ks55pczwmEnaZLht8CI20hPM7azxMpEDh0vms9q8=":{"valueMac":{"type":"Buffer","data":"/K/pnUHTurNUwd9NAR2ENwB3Ou8DnUgvA++STJcE3bA="}}}}