{"version":4,"hash":{"type":"Buffer","data":"n0kDxX+54s1PFbBEGwfgcw65c+51RL4NecMNniDhIE7IOCj0OTDGtBqX/Q+CwnD8CpLEN0fHsRP0TywhafydwHll0pONsVP9Zd9isuermOQBjf3nYSzcuXgQu0GjNjwmyoOnSv06kBxzV/JMLZs+nx79w4GdK3Ok7KRE6S4OoHI="},"indexValueMap":{"sc9ZPKPDTlKbyxa1Eh/aeDf5PVoODklbC76JEuUUA0g=":{"valueMac":{"type":"Buffer","data":"heCr8jgIesTPa5/Y/nXW3K80wltqkQQvCkr2tO6+xHc="}},"bvq6v3winrpfsmiKmPrdcwiVwgs8X6LKuAHqUDVE4eo=":{"valueMac":{"type":"Buffer","data":"kaF6pGhXYMU+K941YAN96VlXJLLBwZbKMBuVcfYQpG8="}},"1oLfo2YThNBWalYmDHK9CyBCMp8+VLcPwDK8mpvJycA=":{"valueMac":{"type":"Buffer","data":"McFVGz7Gblw4crYDF2NIox1bx59XwPXxgj11uEgEWlw="}}}}