{"version":8,"hash":{"type":"Buffer","data":"eywuAT9IcCP/UblT/FtBTZmZ2hKDrOvWOCxdO2MPGHKtzFEMLfOerIzWhwS/kX1w5MFgES13isVN0xGLb6gJniWgHK2ckhw8swmG6hC4dqbYLIeDCAe46FbbeoiSb4cRt95Nd1wHz14D/NlJ4b3KiuPU3Czim0rhN+CHuMYRIaE="},"indexValueMap":{"ASyioOBgmoqtWVkx1BqkS5hyZ2ln+C0ghYQtlBmqKXw=":{"valueMac":{"type":"Buffer","data":"y9a1DYhJYeZPkuJEL6MwHAXxveDQJVLsMDfzfb4TPSM="}},"BOLYjLQZn2rdjySiuiZcb+G3Uren+xI/XBZDltMaHqc=":{"valueMac":{"type":"Buffer","data":"5sa3tPQNXY/MX8pcLAxu3nyFuQbq8ovg8LpkfsJ/SWk="}},"BVQin/Rxy53yNx6SjTC0/jOF23rGBqc7qXIeuiVMtXY=":{"valueMac":{"type":"Buffer","data":"aMB4a3vFZrji91gY4pX6fCfwxX1YjquUBZY9ndo6sTY="}},"BvgnIRXGcpiqadVJLNxe+DoCOvb0d7SJ3tbTzbln1GM=":{"valueMac":{"type":"Buffer","data":"m6QUB7bFDzFA9l0hlqYSqRUzA5FKfJsmT6ZOzmyrIME="}},"C55K3LagtGVe2sd1MrkLZ15gnEkQNEmPuaOKFANpa/U=":{"valueMac":{"type":"Buffer","data":"7UaMsf6r17+PfxnjeAeZuIMzbjl1bhurRuVe93a6F+o="}},"E0hc68co+8VZnhhVQve32U7TnukW1c/y6mWKC1NkK6E=":{"valueMac":{"type":"Buffer","data":"J0LsT0HDhbsz7grFoCdSMem/e2UEtx4zmLFIyIn9gGg="}},"F/wOVD0K4PyGroSgTTXFj1WU6k1EMBmRq3Qg7gQlEAA=":{"valueMac":{"type":"Buffer","data":"rVIJ8IjE0lpqDodp1kw+oHeHVTbqIdlXFCTyHNIHWxk="}},"GIAh8lhRDw3eiOJXHTV3qg4dXeNEEby5YqKbJjT+8Q0=":{"valueMac":{"type":"Buffer","data":"4vzegh19CSmjQ7ksZ7inaaahfePfLa0N38kOs+MX5K4="}},"GR4jEcUyr2XxWbJKVk8PmrCgZEmMAxD7ruEaNVageKc=":{"valueMac":{"type":"Buffer","data":"otikOThzYr84vv93G4HOkeop5VhhYZ0ryu+5XI1cmQk="}},"GoS7wKV2E0AOoJwwB2vWbtXF5Pu9Ile2ui/qRJIFmsw=":{"valueMac":{"type":"Buffer","data":"2WPyDCv028IcL72QS4wfi7WrYBzfFGIZdbcYfvL649c="}},"H4GJFAEDifAk08TqI9/TtPkztwu/ODU7HF9a3NojkrE=":{"valueMac":{"type":"Buffer","data":"tNNIrrGxpCHczLxeOiRo1svUsY6iMQwk2Qeu19XP1HI="}},"IUUdwldjaDEKovDCfgYwXTMfYhIseDnYR3rT4syoTps=":{"valueMac":{"type":"Buffer","data":"pjwzkyJb1usEgcYkRw2Ah9nVg23HyT6dFSx/AOuiQig="}},"IWskVZpRFVdge8eh96JEaYaTaeIV7L0w1qRYyH7+rXQ=":{"valueMac":{"type":"Buffer","data":"kCUJDgEbKRLWrvZ2nRYv9uYuyTQE4L8dV8rZCbN+ZdE="}},"Ipr8KBuV+ieOJa9hxgSpsyjrPG/Y0NIfUYVV/0qzVe0=":{"valueMac":{"type":"Buffer","data":"F6kR5EhZUcAbHvaAvgpYc8mBNoj7MjfCN/7l9wrLmoQ="}},"Iug44NgiFiUOJuKc7u2pXhQd/5A2MzV3YTagxEm3EG0=":{"valueMac":{"type":"Buffer","data":"itvGUeSeZmetBgCHuq1lC/XvPHgfhLBCR0IgqYEzcfQ="}},"JXg0WEGLI4az6LHPI7eGmfoRjpHukAvSobbPaqNGaiQ=":{"valueMac":{"type":"Buffer","data":"KtXcWz3t1EKaz+w9JoqvI96XrVLcGCplbfzE972LzCc="}},"KHxQDGwLWjpit+17MNyCNvRjEMPqY/vELz6iJEKitDw=":{"valueMac":{"type":"Buffer","data":"hP+nUL4weZezlKxYpbCxSzJ6pZFqBnyigAjUMFXVXs8="}},"LT0miPfyslT0wXwHFG6SogrDn6GjAZHBGpm5/jxa5m0=":{"valueMac":{"type":"Buffer","data":"5lMX24OZ51Dy2aLVO8CRit1f8Squic3l3q3r1OtufXU="}},"Mq2t3CFxphI3Posaua+hvYJ6yms0P2SdZq5/2ouEhcQ=":{"valueMac":{"type":"Buffer","data":"Z95XbnBcvaVEo95GuKK5M7wJjdk88FKYkRH0+5S8rww="}},"NI1CT93elAkJdB8JgH45ourCEoLC89zz8IXu92kYYpE=":{"valueMac":{"type":"Buffer","data":"pJDC4XAiKjDV2HSkN9F6VENSxUaDb3jNU4P2r+lZI5w="}},"NoMkKsu5rOysK9vbxBYy+hEQr9r+rFAHJb7mQKGTIcE=":{"valueMac":{"type":"Buffer","data":"I0fuHZNFUEDcafPwLu16bbFr8F3mQ3k/2BewkHOPH14="}},"N5vc9fW+J3UeQqiGiHjmlX1bzKKvp4FfLe+WvYBnAH8=":{"valueMac":{"type":"Buffer","data":"aFONnH9pz2pF/aJANHYUzQNRTkU9M+etyuO+pz63v+Q="}},"N+Zw5ixfHiSX7Jsh+x0iR7896byYPPRaAQnFRGgSqFU=":{"valueMac":{"type":"Buffer","data":"T3mTRwCV90dktxOkiqiNF3tICzN5hVTdKgB9cLko7RI="}},"OXUL3YHMBCj2r4GBzp1snhH7+ofubaMyoRsL1m1P2+w=":{"valueMac":{"type":"Buffer","data":"gb8vVR6mz9odU/E7v03uhwc7SXYUq0RIJpiN/1aYDs8="}},"Ov2qsPhxVwf7Pdm2WFNZRWyhquT5OzMKCiojGjvid3w=":{"valueMac":{"type":"Buffer","data":"ghs5+M3qMGr0EcCP6G8JSaE2dcs3ChE0UVdR++xejFg="}},"PcaCXMGwpz95TX9agmqWp+5J3ovJQBUDcvBjqCKXR0Y=":{"valueMac":{"type":"Buffer","data":"StN6iRCME2MGhAJoE4xTrn6NZYQL0a75+SgWowaKpoQ="}},"QlfKeiTZx/iNNJScjfSP/11otfsHUykx7zZ+MRrxmkw=":{"valueMac":{"type":"Buffer","data":"zar/GYBWM2/4Zkf4SuvoXXDLypTnfMcOgRZ1rbI9JaE="}},"Q6c4qn1CWGMYUEEFObaDoAY45letTzM86pVfI98JwRc=":{"valueMac":{"type":"Buffer","data":"SGh52Jm/yT25TijbhEXgROfqzctIx7bT/fxYCq+X6h4="}},"RSILOa8KRU+e6zDoAw47je7tDn5ag1YsKVOhRfnTgtQ=":{"valueMac":{"type":"Buffer","data":"ZQL8JHv87pEyuBB/jfB+77S4NRIszSasAdquUnhuGTQ="}},"SG1qS3ouUcetk3nPSHXGwBZnHp9dLMGJkVNfsCVfoh0=":{"valueMac":{"type":"Buffer","data":"1SHeUTv6BOj6lZ3EKHwfyK1cQYANiPfOa8v+Xb/24hc="}},"TEiZi1DtzJCOU+SgzeiW2nPWcnb7H6r2fOqhHzRo7D0=":{"valueMac":{"type":"Buffer","data":"5LzYA29kOCkuaXLiAM+oFLRStH2zedKbM254vWk1QFc="}},"TMEgogcSsD4XRtvPmOgCXcGTNeVfxeUQ+RjIrwII86E=":{"valueMac":{"type":"Buffer","data":"b69FDvef2wquCMIQCKZ9QT9Kc14CT5Na2jHsh/8dZ58="}},"UP75q1p1Jii3ggwcaWeLxXad6V2xu2fIXm0pQjkHHRs=":{"valueMac":{"type":"Buffer","data":"Ao7btbv9bmXOPxRP0n4qnrNO80Cbj526xilxtEp9xQ0="}},"US7qk80JhhYvPqwLkn+eecvLAYctiBjYNnN8z15PfUM=":{"valueMac":{"type":"Buffer","data":"TSXZzbjNsd2JooOzCB2jnmBoW1yqymRsfZ3dX8AQDeU="}},"Vam6UqM6KryL8jrikqljdKB8Pa1Ol0m7MT4qzHcSaMo=":{"valueMac":{"type":"Buffer","data":"GJZCqLSJ/Xm6sZm0nmoyJ2nXvpKmDNH5AYJU1r5kxik="}},"VbAhVXLaWBhVhaWfrUaWc3hpCuF5s8WnGyM8FUOjXbQ=":{"valueMac":{"type":"Buffer","data":"3eMlS4iZSk5tA9H8b8l28ezfbUuaD1qGeXPYeON1oEQ="}},"WIq8cY7ru2gljdBVSV92St263AQrHwxlTZohXClZryc=":{"valueMac":{"type":"Buffer","data":"KF1zQPSfcQicHihzgIYHi+vNp7BivnAtMqhJFwq+Q28="}},"Wj2WI7kHZLQc5O6CpZvvBHLqmiCC4ugJH/zXNVLM47k=":{"valueMac":{"type":"Buffer","data":"r+lQVNRlNscd/XBQJ0wMQ5jPnTuaXvCorgplWhQM8HU="}},"W9ZAOBtfZc+uyi5E/IbqmaNIc/NjIHZf/7KszSPKsCE=":{"valueMac":{"type":"Buffer","data":"NcLahHw3eBiBM1trxrNWrO8DHfarHC7W+j1urvoPVOE="}},"X3hnZTw6L3sZwkMhKSlg0K+5D44Yf6pttZ1iuf7i+r8=":{"valueMac":{"type":"Buffer","data":"fnc4age6QV2M+NydsVzLzCa3d961idY7PRHcZWrMvBk="}},"Z7ni+4ecKxo3TFe9sDxYEAcF+P7zP61FHcoEDzdp0wA=":{"valueMac":{"type":"Buffer","data":"AEcp71JKxj06pdPlLtTqoymzKYt1xq8fgW1uAvcET2s="}},"bLmJE4qDKTUa9SC1tdn843ACWP7m/ZcqxIU5ZKLWTqw=":{"valueMac":{"type":"Buffer","data":"0WCCGVypmniOQwHhZM/P7TzWZFhJTEM1tt5DTGxm9UQ="}},"bmfABVSZjkPAUfn7P0j9x4hb6gdIbtAk91N3RhhVAUs=":{"valueMac":{"type":"Buffer","data":"CUzjxYOdPXWqpFd8F4XAG+Ba+occuMYLYGlw08lsMGI="}},"ci/zRJke3ky5pg1XJAN5nKCSE2norz7W0zL6ulk8Wfw=":{"valueMac":{"type":"Buffer","data":"+oZNwtzshvxpvkVZu5laNh0H0Z+C+4SsSDnB4mZZodE="}},"dPB/EB7332UQjlNV2/Y5wVl0W5z5FOEvvn9ycGeI2zo=":{"valueMac":{"type":"Buffer","data":"v5TzAVZNsEPvPKTXIGDYfF8v0Z7+nneQKI2BqnqQ6ZI="}},"duq8OsLzZts170b5tlkJwG3KuUOd8TPkQbUA/KFA3xs=":{"valueMac":{"type":"Buffer","data":"Xk8MJ71n1ZOYmmn5nhrgHOrgh3fn5XHhqqjQJo5APC4="}},"edVw1gPuwxun7KyydPexEpLu85X2o5s46r2WeeP4wUo=":{"valueMac":{"type":"Buffer","data":"1NvtGR8dxrlXdULKFUT/w3Cizm2WwtBs3OQpL6oCioo="}},"ffRyCK9vyEBgAar/JblbHMwfLX3yyDrqDgUyJxqlpy0=":{"valueMac":{"type":"Buffer","data":"AaoDt19iYrAJDaVTU5wl0e13p/w2GAQjdRRNpno6ooI="}},"fyIC6Jw7v/BBBvV8Z/2ZG3zCoPgChMNAb9g5G2aNloA=":{"valueMac":{"type":"Buffer","data":"BmnOGKMTNc4hMMh2c7k93bsolhxG8g/xVJUcaRm4U3U="}},"gU0WsBQsLRWs0nRjneP3SZhu7EI5V7fwe1Dinf8yOU8=":{"valueMac":{"type":"Buffer","data":"6diEQ9wH59NjgwH/xqqVKj2JT6kPh2TZzPjV1rUjyJA="}},"glvoBpZK2xShUphYxEq1qt/FXknlqJrqcOcthxWJVxA=":{"valueMac":{"type":"Buffer","data":"IbkHb32IUyrtje2wNxAQpbRLmN6rGmoJJOMcXBfhjYE="}},"hUCHUov6WOxXlF4e0PbXMScWGi/nZI3ErYaMsEfB0A0=":{"valueMac":{"type":"Buffer","data":"mdxRkb55Ob/NLZ//zUN2cSncZsUINxpmyBVNMdJe0AQ="}},"h0KwYeFvNavAO/BnVVE+/M9GhvFm+VK8iKV4c6B9P7w=":{"valueMac":{"type":"Buffer","data":"2RxvJiId03CikgK2uwLEbWmM1KSb6mQ9k/4WLk3+W4M="}},"iOzq63WMl0qbQwFmmqyjOLE3U7aO2OORNgWVrR+4I6U=":{"valueMac":{"type":"Buffer","data":"5JqutSE0DztgXna1aifShO9caIIIFxwP7qlXiV0Prsg="}},"k88fUFL3/NckgjE8EeZHUXhEbKoxBRwRaqZ0EIApcdw=":{"valueMac":{"type":"Buffer","data":"hMBfJVAzdU41ZNDRbj7qZifCXpqK+Cgm5+9n3xALJck="}},"k+aXdJznqluxfFhyLYvh/p4VUjn87B1RdSjrbPNDz7M=":{"valueMac":{"type":"Buffer","data":"M1D69j1DU+Bi1Xvfef/p/JgwvjBbN8nxPVbSL1bGC4E="}},"mgEfSp3uRaeB7W68H2hTD+yqGbQEiDCP7zbOZQ/OM7I=":{"valueMac":{"type":"Buffer","data":"p/8KBlnbYJbca9+XEg3KK7xT49BINrgH3/xl6ifKTh8="}},"nyEo1F8EXsSr11UCdZCgJ/vHqSoViXjx8vtyJ0Yknmg=":{"valueMac":{"type":"Buffer","data":"3LYlKT2Hxp1YuVKAtkSHqTV3o+RRzN4JTqJ9Sc5Bpak="}},"n0nNqE2BmTfC8xtNwx9w4S45jEmsSyDH8lW2vVz/Jb4=":{"valueMac":{"type":"Buffer","data":"wGXELRJ7iIkrH4CjsgvA1Td4yfxwAWFuA+2TocpVOxo="}},"oKj1N8rtjsWoLMTuxv8wMwdp+RDC0iCvpSDRG9uq20M=":{"valueMac":{"type":"Buffer","data":"R3Si2kk8Wj0hVVFZuXLoLeNnpsTVBR8IAWWHXrJl0j0="}},"pFxFfa23hUkQiV4vJadu1f20XvLVUKS78tgQBo06z4M=":{"valueMac":{"type":"Buffer","data":"/conJEeEoKNj+lE+pcBaRoe+w/rew2HW11UAe2evsj0="}},"rqmJyhXBY7h7wYm3TVd8VRzcY9RkcEe97ZUvj4nsASs=":{"valueMac":{"type":"Buffer","data":"c1Wp94PrEn5YJnyyCTSVTdxOoZQFS35jL0gWZTu+0jo="}},"rtIB1lux87FCHP2/1KMeL3APr6OGgMqfQyjgvShabi8=":{"valueMac":{"type":"Buffer","data":"993fbXFwJyG9hVN8OH1yxvjhr0DoEnrEuLT13e+q7zU="}},"sLLrNKVIIiHHPVIJ81DBEQw6OZezHJf1FRwUpyIZ4x4=":{"valueMac":{"type":"Buffer","data":"/NCKBpXdNnTlmNGbUTq6/CSNOx6E39HddznStmMvUQE="}},"sTFwRZY20vQtBni1m45wcGlh4VBPYcJDsrPyhhDklPQ=":{"valueMac":{"type":"Buffer","data":"P2PMEoYC5nQE9BkgANYD1Usi7DWsQglXC1BniHHNQdc="}},"tDBud6F8nLgJFkiUue/W9oqbAvs0YlfmQHWMFj2iAag=":{"valueMac":{"type":"Buffer","data":"DZa5d8gOfRpQnG+2iTmI/ijgd8yi34LBOlmoGFMh4lQ="}},"triTiViXE/2g4QTsbEN1FFxhJyQIRPkiyi2OCR69W5A=":{"valueMac":{"type":"Buffer","data":"LgsBC/eJ432SVSGiTb+BQzLSqo/YDn2rC2BKHN8lllg="}},"uPDYlnWunp/DSa78FdE7ZOJXL9jTqct0XsJzkGHQzEc=":{"valueMac":{"type":"Buffer","data":"/UiyOTSmXOREvIRnUUJ49mXfQ/hU3AIpfuuCcdoVrYM="}},"ujTmosodl+gq1OqJI8+PwVdGgJ78q0E/PvvzPAXT0SM=":{"valueMac":{"type":"Buffer","data":"ePn/GQ9oqUMRz+b8rzY+cDzMzeVFAhocZhYShNXj/GE="}},"uw5/mM3ZN1qdRsxfFzJyYtBV6iwmx0hn+IsDSB6+fh4=":{"valueMac":{"type":"Buffer","data":"/rHS4C9QKuhtk2w/T6PS2CLGHjT57xlk9ttUu/IIOEU="}},"vIPIRby+LOg/OaUYyDo4l7Dvk5q0lDoneIT1szXFf7M=":{"valueMac":{"type":"Buffer","data":"eFhd/foNJnKIUeV2jY0hwaYHLu0/tLBemRPFmRa+n0g="}},"vke5XfQ/cKBW6+FRSdXyI6ip+LGGdvForPJ6icG3O30=":{"valueMac":{"type":"Buffer","data":"SqMj5OBMP0j9eoDR6uPctc/UYC8PnYhnFjYtBsSFsIQ="}},"vwrIkk4A5xgaqCZo4bgA1aUqkMiXPMbAVS/rJRPsiks=":{"valueMac":{"type":"Buffer","data":"/ej/z+IyGCSlBgb0Wpth/fLueKrDzikvohYg7A9uQGc="}},"xCbG+umXv6DZga8oE9zIcM7HxRfLRw86wU9uE0tGuEg=":{"valueMac":{"type":"Buffer","data":"86Yc6O0onQrXZHih7ZsNsDF8EAy9KEgpEEBE4BBGQXc="}},"xDIQUgbetpmGScXt/mQnNvSTyXb3PpWjcbIfascyoJs=":{"valueMac":{"type":"Buffer","data":"4BGnBWYyttcAwe/hfs8xnS0RmZh1TNevXfJzI1PcyWE="}},"xDOOCEQIl7x0AXZ+0Rs3D5xV4MKGAFl8sSHrlb2Su4k=":{"valueMac":{"type":"Buffer","data":"QNEUkbCTULfIguQxygBEGpqIooHQ7C14r6sMjELuEzk="}},"xtT/tIexUlw11DoDTH7riu76/8eEogVe95XBdvUKYgA=":{"valueMac":{"type":"Buffer","data":"f8z4xyvwKVhRS/I2JEShyTOCbX8a9yv9MkXXxZjKFTU="}},"yECNL7HaEYTRGw0kjqxvd4i7A7Cj7/HB4cdO6OXTjgY=":{"valueMac":{"type":"Buffer","data":"LZe7954ZpJVXQoKybjgKRF6tMybmgHpKIyawA4PwHq4="}},"yYkYa/cm0F9/RYmT9NLFFroHpLmNsZF+6X0qO7AvRBw=":{"valueMac":{"type":"Buffer","data":"s1XP30e8oszc6EbVjomLEZUWpKTwo+HOwVeJgYWXog4="}},"yb9ThjoZKIJGfpMLKIEP7194H9hwfFBlvDUF9jttzNo=":{"valueMac":{"type":"Buffer","data":"/uMryN74hQIWwL1d8xmJDZ2V8bvUYjVQhmJR5+tEdAE="}},"yfHyBkiXRhA0jp1sT7/rlp+MBPYm5Pukydin/GMyVrg=":{"valueMac":{"type":"Buffer","data":"L3VYsdywgVeejRtnD+DD1xYZRiEQB0CNSy7bSkTisho="}},"y14bb3niIAUkTd+a14E+QJtfX+3zPe9LzpzYI9Fff+s=":{"valueMac":{"type":"Buffer","data":"i6lEtF7eovLAJMKzmEs5sCKRY1Zbqmrw3xnIuZII3NE="}},"y6lpJgZ+tH/vhtmlojjQzQ9vboXm6Us2YUKj7FCQz2k=":{"valueMac":{"type":"Buffer","data":"GEmBfXgfq+wVLBcokeep915debDqfECcurhF03/q2I0="}},"zFq5JE1wgQjd86+DwPwmBkal6gO4xCrSmk5NDhQLdpg=":{"valueMac":{"type":"Buffer","data":"JQf0j+iqvzNYx11Yr44nZGCP12LF3VOqvv99RwH5A4c="}},"zn034CI4w5+z61xDV3I8A9YdQU0J1KgQtDdPDH4AcdU=":{"valueMac":{"type":"Buffer","data":"PSNeVOYNUrYNaq4Yaa6T5HwcJHsrg60XrnEHkiFEsYE="}},"1d1EnmE2IuW5zr7o+M0zbEmBhehQOhqb9cPQMamvVlM=":{"valueMac":{"type":"Buffer","data":"mTr0ErABq0zC+4l53dcyoLfpmx22z2QHSAPOkQR98mA="}},"1/v7UjclZ3InjLyK2c8fOO7eHp5uh2v0fkkn3yZrm5k=":{"valueMac":{"type":"Buffer","data":"TX7Run8AgVqxR1Ti8C3b1WrGXdVAL6TBI0Ki1Xs7l1M="}},"2TlVqMZIClqUwLNuyBohcJZQVW6oQTpX1uXTfncXQus=":{"valueMac":{"type":"Buffer","data":"TdVrn3E8FGynikk7rJJT7avxuW6JYGXPqxxTi+/VoTc="}},"2kNM0p4O4zAfHDMDkSXdo+vWgwOsF/YfwF0f6a2if3Y=":{"valueMac":{"type":"Buffer","data":"80vYM0DclZqHnwFv04sJiSAZll+7z4HcxgWhwICEMNQ="}},"3xYVBI+J8V9OtBa7yIk0KqrrezFaC5mQmPxj3RQjTLM=":{"valueMac":{"type":"Buffer","data":"xlPoeE6Gn/hsA3HI+4hivOn24d+cDxzIYNqWZ3UQIU4="}},"4Utl2AtPjkvVHbN+lGXoI3QTJYEjk9Cw2dBwWGjQsMk=":{"valueMac":{"type":"Buffer","data":"Fm0zhK7mKOMGqlRhpgrtaykFK/ATIHyhQeyo9bl1wzw="}},"4mJHJsci6UnXE1ZuJ4O3k0S2VldfKlkFlA4JQjMwI/c=":{"valueMac":{"type":"Buffer","data":"c8VHpkpF6xHrcDvc9szrI77s0HQMQxWkF/CG5OJb3UU="}},"4wBpoMla2C1AJMiR4PVVNSsNtVk+jagsPw5BNaiJLas=":{"valueMac":{"type":"Buffer","data":"tgsclnHocJbvlSIWr6VIlmK/MfkiJyKk+PNmhVFzqVs="}},"5da675PiFhmEj6bdKiIK/KUcrqzstLw0eU7/+KCyfPI=":{"valueMac":{"type":"Buffer","data":"X9Skzny5qq8WOPcOJIxTqu+PEvmGhjUxLfKab41R/3o="}},"7AtiYBXsBQfn3fWoaVhFADIBjWEPHjvO9WvOhaqCOF8=":{"valueMac":{"type":"Buffer","data":"kOjRiE3qIq92+V/pEpFxR7IMAEcM5PTDb1GM3F6Yn7A="}},"7HB3lAzo2hRS7fXxZX5P5hG4dvIpa80YwbbaZswZvhA=":{"valueMac":{"type":"Buffer","data":"pAJckblGqw+IQPGjYNcSpz3i2lZBv/MMm+jMM+m+/tA="}},"7Z4H2tHKcOyPBiRhdiI/b7L9UB4O3cPP1+z1g5nFieE=":{"valueMac":{"type":"Buffer","data":"nJMqxR0A+NMyNTxVBd5+ILGLLLpBUQPHcoThWqfmrA0="}},"7c8ajdpjpv2xY5q3P3i+JUhzFOIS9Pxa/Y4w/5xYF78=":{"valueMac":{"type":"Buffer","data":"OZIlI9/2U9V7HEPJgOcZVTzJ1hY4IYNbmHEAMzYMdvc="}},"8MzDTc7McLpJ8LOt4w45kkuKmQ5XtuqHOKyJRN1/4VI=":{"valueMac":{"type":"Buffer","data":"Ap6TRl32nriv9F1j3DaJzxf9lXZv6KSupDjFmlc8l9Q="}},"89Kz+eo8dcFgWAzN9OeN0q5O0v+91tqEX44BMtS7a6Y=":{"valueMac":{"type":"Buffer","data":"zdTFkzEs5Q4KxWz/wumUU6dNxPMC8cWIbohc5HhPNZA="}},"9Q/ZiAB3UPsgjgxYklE1POqKpPQOGW53senW1KB7Uv0=":{"valueMac":{"type":"Buffer","data":"tOM56m6UJr89mLmaJleHfFpMgH2sychG+NDBLhC6DYk="}},"+GbFYtB83DVoALUq3zAoKeDaUH3sg+Qbmxe2xxJgIq4=":{"valueMac":{"type":"Buffer","data":"4kvwmWmoaRcfrysfZ8j9FCa7d0aZKM3Tb6wunXc+PD4="}},"+gKp/+Wgfwz9VO4uAPI1sb+9jEGvoTwNqULikm+3aLc=":{"valueMac":{"type":"Buffer","data":"Quu2faGdugnq0cVmEsIUAhJ+WiSDpz1ID+3i8WMb10Y="}},"+6CG9rKAcnYO8q7VdfseQ+f8PnQcKgSS0Gj3THagVyg=":{"valueMac":{"type":"Buffer","data":"KBtdtuU9Sd2GGFn2/s6DEvOW94amegZBF1VJiEjARxc="}},"oOemVpWDKNhGwxDaWVfBcK7hrhmI1bj0t0C8z4z/9WU=":{"valueMac":{"type":"Buffer","data":"O7Wn6L2SPrIuBBNFe82kFBW/M1GFxBl8pkKO6C2ivtw="}},"S4fTEMl3OFjM3NekPex9IYZluhnlVAM87DqrDqVPlQo=":{"valueMac":{"type":"Buffer","data":"0EG5+T6OmTXNvGasRU8qkQ6kqp9eo7Vde9joMVURG8k="}},"VLgHWNJyS8FcQWOh4QNsBjF0nyewam8lAWJVxm2PfJQ=":{"valueMac":{"type":"Buffer","data":"pqPr6d60yE70Bb6xhUZbAuYm4V6K1wq1TN/q2woghFk="}},"Rv41HdChWPme21Cx3v0Hq1WTGEEGGJinwhg+HZ9HJEQ=":{"valueMac":{"type":"Buffer","data":"o5hIReVEkEb1x9dIcbdFwPRGtx9XeJb+fpaRTTXkCLc="}}}}