{"noiseKey":{"private":{"type":"Buffer","data":"2EV4UDqV8X5O5uP8OE0eCkgpiB0QgYVN/ivO5/LiI1I="},"public":{"type":"Buffer","data":"arM6cbQBn6RVEKUesJSppWtGctfzhp7qduTiCL2uaCg="}},"signedIdentityKey":{"private":{"type":"Buffer","data":"IOfHZWydcrbr8AhAbgAgITKGBBjFSxPiljLQ9M2CH2A="},"public":{"type":"Buffer","data":"uRXOHtafG8ruwno3A1keNyLVaHlWiZIObDhMROEKi1o="}},"signedPreKey":{"keyPair":{"private":{"type":"Buffer","data":"qGSJYb8fj+McNvw3e161GmK3pbfPxSOxPyv9zdoRc1I="},"public":{"type":"Buffer","data":"IwAPM6yD43IYhoZcPzbbVQpcmgOaXc1QKdNkitauTHs="}},"signature":{"type":"Buffer","data":"3rJd0k1evTPx3FCh0yn2wG0D0lWPX5CoZqhYhS8Nr6Ir6aoluuaZZm5DePfflAolwQG4ikhgW6tPk7pvHB8shQ=="},"keyId":1},"registrationId":202,"advSecretKey":"kXgEJsbZ+xKboptOE+nG5de+8uavi7zYZ+UKe2zEC4s=","processedHistoryMessages":[{"key":{"remoteJid":"6285624669919@s.whatsapp.net","fromMe":true,"id":"0E1428C6D7974EC481BBB120426D5573"},"messageTimestamp":1684219058},{"key":{"remoteJid":"6285624669919@s.whatsapp.net","fromMe":true,"id":"7F3132C0132D23D6CB14F9A992195B24"},"messageTimestamp":1684219058},{"key":{"remoteJid":"6285624669919@s.whatsapp.net","fromMe":true,"id":"F054FCB15E2A6F9EB8B486A922FA25D6"},"messageTimestamp":1684219063},{"key":{"remoteJid":"6285624669919@s.whatsapp.net","fromMe":true,"id":"11F6FF6AE7ADEB3642E04E45006E0E40"},"messageTimestamp":1684219063}],"nextPreKeyId":31,"firstUnuploadedPreKeyId":31,"accountSyncCounter":1,"accountSettings":{"unarchiveChats":false},"account":{"details":"CO6AtooBEK3JjKMGGAM=","accountSignatureKey":"frGZIrEZh5Z4fpcLCfLhC13GeW+0eqiCmUteHfaWVlo=","accountSignature":"93VNjPpizlB23cdovHTPc4Uly22zTXgd3xyAY9PXAr/VjzBltssE7kPaA3vRhzQl6R7uMoMREQWjUGQbo/tLDA==","deviceSignature":"WRxU3loNyOGjgGIeMGIWOgql5EQPdqW8CqfbXCyEvcBO3kAwgaYXPWxycmLgN3Ajl/TNb23f9BKhJpT7p7yLgQ=="},"me":{"id":"6285624669919:6@s.whatsapp.net","name":"𝑻𝒆𝒎𝒂𝒏 𝑨𝒅𝒎𝒊𝒏"},"signalIdentities":[{"identifier":{"name":"6285624669919:6@s.whatsapp.net","deviceId":0},"identifierKey":{"type":"Buffer","data":"BX6xmSKxGYeWeH6XCwny4QtdxnlvtHqogplLXh32llZa"}}],"platform":"smba","lastAccountSyncTimestamp":1684219491,"myAppStateKeyId":"AAAAANnj"}