[{"senderKeyId":616691190,"senderChainKey":{"iteration":2,"seed":"xrlS/iU5Qrr0aDONonsl0NayOW4U73tU3qiLD6oA1ug="},"senderSigningKey":{"public":"BbZffblVnu1P3rJbTyDkH97yIercix22KTcDHIQaACYr"},"senderMessageKeys":[]},{"senderKeyId":1979308626,"senderChainKey":{"iteration":4,"seed":"kBaNnzjVUf6RcJ5ldYyBym73klDAiqb1BUZt3t7kGFE="},"senderSigningKey":{"public":"BfCfrMmGp0haWh0Ol7TKKwTgYF+JStClVQtRjuaeGahZ"},"senderMessageKeys":[]},{"senderKeyId":1979308626,"senderChainKey":{"iteration":2,"seed":"IjJC0tfIRgHJoHhRmu6hmsn8Eg2ETUaULye9t/AwDoc="},"senderSigningKey":{"public":"BfCfrMmGp0haWh0Ol7TKKwTgYF+JStClVQtRjuaeGahZ"},"senderMessageKeys":[]}]