[{"senderKeyId":1478965121,"senderChainKey":{"iteration":14,"seed":"mQ5CT5eVVeL+ipGCrGYkZw2pVYZupTL2u96mUVHGEf8="},"senderSigningKey":{"public":"BXL71kpc0eY0GZquCR8RjjmDo48AVwBXSXT/s61QoEV6"},"senderMessageKeys":[]},{"senderKeyId":1025862610,"senderChainKey":{"iteration":7,"seed":"pXhUB7V6tU/YhuwbN1EbGbpmISn35+sphiTKcGurXdk="},"senderSigningKey":{"public":"BfaiNK6huwK4yiz6UAz7KhmsvHVW/YsfnFlVDU6ZvmVy"},"senderMessageKeys":[]},{"senderKeyId":623729651,"senderChainKey":{"iteration":12,"seed":"oyOdRSW84NA49O1tK8cM5aourj3gb5FrC86ZPiLW3iI="},"senderSigningKey":{"public":"BTN8g70U4wprsgZPJyIbOgs+35bs186NT0XVT4E0Uc8O"},"senderMessageKeys":[]}]