[{"senderKeyId":1758299136,"senderChainKey":{"iteration":17,"seed":"in6FMJa0NpzrogxalGHjepg47UWOPbyaWkKEhcpDr1M="},"senderSigningKey":{"public":"BRVni3QXH/TnzzzhF28VktWP3KLQcSAvTzgus91V+elX"},"senderMessageKeys":[]},{"senderKeyId":599248296,"senderChainKey":{"iteration":5,"seed":"k+572+DWj1lZoIOdSwwe359Awi6HLz0n9UNBmdxwHlA="},"senderSigningKey":{"public":"BZ6uiRPZGUd+YL/cGxd4GwweuQVobkeDGeV4clo89s9S"},"senderMessageKeys":[]},{"senderKeyId":282566859,"senderChainKey":{"iteration":1,"seed":"7uzvwXCBe91ozDE7ffN0CHXD/4Dkq34JwB6denLj5t4="},"senderSigningKey":{"public":"BQRxrsFw9rtH/T3mnZ72OOZg20XJWPRtxF3P/PkywJ8j"},"senderMessageKeys":[]}]