[{"senderKeyId":215677415,"senderChainKey":{"iteration":7,"seed":"46mUwj9CV+fajpMstD4wdY6CwOe1dmJC2TTjy6qIOpQ="},"senderSigningKey":{"public":"BXpJaZHIOC4ZAXqiWfPib3VHclJN896djuHqqdTozuVU"},"senderMessageKeys":[]},{"senderKeyId":215677415,"senderChainKey":{"iteration":4,"seed":"m4TKfNkXo6v1X6o/QyXObvvow2BikrWRswtvTTut6DA="},"senderSigningKey":{"public":"BXpJaZHIOC4ZAXqiWfPib3VHclJN896djuHqqdTozuVU"},"senderMessageKeys":[]},{"senderKeyId":215677415,"senderChainKey":{"iteration":5,"seed":"9VAFqQJOgqwdt1sJgaSb4Fr/Nk3OMGUt9pCh5AQLCnI="},"senderSigningKey":{"public":"BXpJaZHIOC4ZAXqiWfPib3VHclJN896djuHqqdTozuVU"},"senderMessageKeys":[]}]