[{"senderKeyId":6388717,"senderChainKey":{"iteration":109,"seed":"t2BaODqXL2Th2yXYjy32LGr7WW+RhoPR5j+vrcWCvFA="},"senderSigningKey":{"public":"BVnPtHcbfKX50/QvAd/aIzvulABsObuhRao5tPrwF3kq"},"senderMessageKeys":[{}]},{"senderKeyId":1689828288,"senderChainKey":{"iteration":3,"seed":"meqIALypckb644y+8Nh20DQx/zwTiwEAUuRanQLKpzQ="},"senderSigningKey":{"public":"BbbiS0GlSfcdfieoI/jI6GVQLmHaKUYzUJQDyzepGEZ2"},"senderMessageKeys":[]},{"senderKeyId":755484117,"senderChainKey":{"iteration":52,"seed":"JGJoibgQedcSSvqPpiOKbovmxEdoaNxToqseu7uWRJE="},"senderSigningKey":{"public":"BYdDoZwRAFmQLWoy7E16Y4oVAvX1hCRCraeqD/hjTFcY"},"senderMessageKeys":[{}]}]