{"_sessions":{"BVFh3x1diiKheyl5aH4Q6Yca8MRf9nT7wF2gLAc7PuFK":{"registrationId":721960111,"currentRatchet":{"ephemeralKeyPair":{"pubKey":"BW6xjXgBmEsZXmZXNdMHN6QqtUaZ6Szi+c/aWZEXH/g/","privKey":"0BVU4inbqzelFrmUESB1A24HimdTv/xpdFXo8SRM6VI="},"lastRemoteEphemeralKey":"BYEIY5NVjDuBpwkKJCY/GVKJ/dvZ6YvJIM/LHg9VHq4/","previousCounter":0,"rootKey":"snIdniZKelzlA1A8+jUXFVmuV3k2Qx523FY44iLxqJo="},"indexInfo":{"baseKey":"BVFh3x1diiKheyl5aH4Q6Yca8MRf9nT7wF2gLAc7PuFK","baseKeyType":1,"closed":-1,"used":1684233532284,"created":1684220983881,"remoteIdentityKey":"BT0HWNlwzPpQJhrqK8j+QETMEg08GzvWM0W6fW1jJhxl"},"_chains":{"BYEIY5NVjDuBpwkKJCY/GVKJ/dvZ6YvJIM/LHg9VHq4/":{"chainKey":{"counter":0,"key":"xuBoW04ABno1qBBMxKnpTVtDT0VCNjz5KQWlHsVbdxQ="},"chainType":2,"messageKeys":{}},"BW6xjXgBmEsZXmZXNdMHN6QqtUaZ6Szi+c/aWZEXH/g/":{"chainKey":{"counter":62,"key":"HEFYvSNRccKVrp7v01Y8WCqX9DgilUmQaxq9xnfqS4I="},"chainType":1,"messageKeys":{}}}}},"version":"v1"}