{"_sessions":{"BWLc90MUA4Yb0hKGHGKh/H2rr6DFerKDHFUkymd4ynwt":{"registrationId":1518837573,"currentRatchet":{"ephemeralKeyPair":{"pubKey":"BYz7oYAdeIsgz2/3KUH9MqPBSJHenM3MocysQGXKd3xg","privKey":"yGdg3nuHfVIYcNTsDDzNJ3jhEDccq8pa5TQmm49yh0U="},"lastRemoteEphemeralKey":"BT5GYHP93w/vQiOPTrcg3nXV2icAvB49TiYENMTZwKtB","previousCounter":0,"rootKey":"p+ordbn9CmX8E3rW3dVyFAU0EJvNa+Hfrq5pX+53wTM="},"indexInfo":{"baseKey":"BWLc90MUA4Yb0hKGHGKh/H2rr6DFerKDHFUkymd4ynwt","baseKeyType":1,"closed":-1,"used":1684220984383,"created":1684220984383,"remoteIdentityKey":"BRS7hl4WyIYisUwsXAdH6Wb9hSzSXdK+mZ2vnfyMj9YV"},"_chains":{"BYz7oYAdeIsgz2/3KUH9MqPBSJHenM3MocysQGXKd3xg":{"chainKey":{"counter":63,"key":"NA+/5lk/xJtS+AaPwcnGqJ4qtlxOCyaiBY5hL8D9/kg="},"chainType":1,"messageKeys":{}}},"pendingPreKey":{"signedKeyId":26,"baseKey":"BWLc90MUA4Yb0hKGHGKh/H2rr6DFerKDHFUkymd4ynwt","preKeyId":12653395}}},"version":"v1"}