{"_sessions":{"BXtRuiBvjA4huHcMHK9WLfkiNB8CHMkG8i0QFOlPaHIT":{"registrationId":13134,"currentRatchet":{"ephemeralKeyPair":{"pubKey":"BbZe7KiSc51cUaqOOdXxj/YmrDbHhnak7v81HxbXKwR5","privKey":"qGEWefb5oIbyR9RN2niAODRvU6mDKclQ42hH0p19Un4="},"lastRemoteEphemeralKey":"BSlNkRHJ6SgIG2giwtSdQwKaFXvxmkP4hIRq7QL3+Stn","previousCounter":0,"rootKey":"yFmYvKppgEoV47hQn1DY5xchBgS31VTJVu6ZWSxxlR8="},"indexInfo":{"baseKey":"BXtRuiBvjA4huHcMHK9WLfkiNB8CHMkG8i0QFOlPaHIT","baseKeyType":1,"closed":-1,"used":1684234314670,"created":1684234314669,"remoteIdentityKey":"BRuTFb9XXURxixqOAlhvzp8iECXjNEmDKCl8/nAYM+JN"},"_chains":{"BbZe7KiSc51cUaqOOdXxj/YmrDbHhnak7v81HxbXKwR5":{"chainKey":{"counter":63,"key":"x2qnIfJ+fkzzMJ7gB5zq9PumnsswagRlLt/9CACOMGU="},"chainType":1,"messageKeys":{}}},"pendingPreKey":{"signedKeyId":1,"baseKey":"BXtRuiBvjA4huHcMHK9WLfkiNB8CHMkG8i0QFOlPaHIT","preKeyId":172}}},"version":"v1"}