{"_sessions":{"BYds+UJY4jbkpodgqL+kblGv86UUVRzLHBn5cCushIMF":{"registrationId":1070969727,"currentRatchet":{"ephemeralKeyPair":{"pubKey":"BVnrvw3fArOINchsLFporw+EJnb8MacqQ18ZS+fatlce","privKey":"oFx8Xmpo3FZK5KqYQD9nFA1dJVoOoG0ZkOvSkkCxiHU="},"lastRemoteEphemeralKey":"BYkYVkO559brPQwLgKFmqhqHfvC7meSUWeQFh4nLTv07","previousCounter":0,"rootKey":"zgKmdmG8LmxEWrDTAjJ7m+bSYxSAzUGpfEAs8cLpBSQ="},"indexInfo":{"baseKey":"BYds+UJY4jbkpodgqL+kblGv86UUVRzLHBn5cCushIMF","baseKeyType":1,"closed":-1,"used":1684220984169,"created":1684220984169,"remoteIdentityKey":"BeVi1rc2SJikg53u1bMDwKVqkZyUBfXnMSVfTR+MjB9P"},"_chains":{"BVnrvw3fArOINchsLFporw+EJnb8MacqQ18ZS+fatlce":{"chainKey":{"counter":63,"key":"shYa4NemR4mDuosmLu3deqogEmroYwxrZACbEItNJU4="},"chainType":1,"messageKeys":{}}},"pendingPreKey":{"signedKeyId":0,"baseKey":"BYds+UJY4jbkpodgqL+kblGv86UUVRzLHBn5cCushIMF","preKeyId":2912889}}},"version":"v1"}