{"_sessions":{"BRUsuOE5XPEyqy5Y/koD4n9RYu01Pv91w+JZ7iL2UJd4":{"registrationId":1914919715,"currentRatchet":{"ephemeralKeyPair":{"pubKey":"BWsAXqawWQ+B2ocITk3L9qj89VOLMJ8wfS/DBUAME5tW","privKey":"cEzYLjABzRm4thq994Hma87cpUsjGBtxK6VllW9lL1k="},"lastRemoteEphemeralKey":"BTmuN/UwY0qJzGg4UOD3UHAyX3f0edx0wBNj2A4OlGIk","previousCounter":0,"rootKey":"+WWf2WP9lP+WrZkgUl4uxeMJUkk1X0z3ULFiPhESHaI="},"indexInfo":{"baseKey":"BRUsuOE5XPEyqy5Y/koD4n9RYu01Pv91w+JZ7iL2UJd4","baseKeyType":1,"closed":-1,"used":1684220984297,"created":1684220984297,"remoteIdentityKey":"BTr+2BgLVz8VNvuwfz0v5/ApOHt+cy9PHWDJkB1djlEZ"},"_chains":{"BWsAXqawWQ+B2ocITk3L9qj89VOLMJ8wfS/DBUAME5tW":{"chainKey":{"counter":63,"key":"qy0n/KXAvVnZlkqc/db/OYDgQ1HqGDE0EseaJn3DGB8="},"chainType":1,"messageKeys":{}}},"pendingPreKey":{"signedKeyId":10,"baseKey":"BRUsuOE5XPEyqy5Y/koD4n9RYu01Pv91w+JZ7iL2UJd4","preKeyId":15429733}}},"version":"v1"}