{"_sessions":{"BTvlhm/lBdP0YJ6HFLKXHL7hXx3FXcqMsjCFjYEJ60NB":{"registrationId":2036430364,"currentRatchet":{"ephemeralKeyPair":{"pubKey":"BdBalhA1oJwfaPNZ3sOQ/AVf55TrrjaYz4560+1HZ5pw","privKey":"MDrjG4Qe/PGsQr2sjispM15NBMkrH4IyMnbOEFyeEnc="},"lastRemoteEphemeralKey":"BUoG8LvYnNAeGkW7XG58geIKUCkVxwgj2p5oiw4TdZYM","previousCounter":0,"rootKey":"sKOQ5dyLRiBRl9J0x2/e6mmQ/KwzGGYhMyjYdioFpUo="},"indexInfo":{"baseKey":"BTvlhm/lBdP0YJ6HFLKXHL7hXx3FXcqMsjCFjYEJ60NB","baseKeyType":1,"closed":-1,"used":1684220984084,"created":1684220984084,"remoteIdentityKey":"BTxj0UIkIm+nW+EvIF4qpSsxAJdcOmohj5C7oY22Ux8k"},"_chains":{"BdBalhA1oJwfaPNZ3sOQ/AVf55TrrjaYz4560+1HZ5pw":{"chainKey":{"counter":63,"key":"MweP5Zqf+6ft0oLqU759HTuCW2MmytBSM8fHFW5a6Ms="},"chainType":1,"messageKeys":{}}},"pendingPreKey":{"signedKeyId":6,"baseKey":"BTvlhm/lBdP0YJ6HFLKXHL7hXx3FXcqMsjCFjYEJ60NB","preKeyId":8770878}}},"version":"v1"}