{"_sessions":{"Bf7xEwKu7Tu6aivNOS8p7DJwWGcWqRiHLhLjrEIDqAUg":{"registrationId":2082856477,"currentRatchet":{"ephemeralKeyPair":{"pubKey":"BcriwS+ckeqzWTCXc/nkledly4YiiANiQH7f4NDqT6kH","privKey":"SF7Bs0eKddWuJmw1+imX0pPJzxIywujYn9BD/ttRalc="},"lastRemoteEphemeralKey":"BTwf1uQwwpn+XdI4LJO0cYHiFleY2B0e47HeOvLQBI5D","previousCounter":0,"rootKey":"aDn4PXwr7BPmoL94MC4sZzqmV/6hkg00aBwgtZ7QVDg="},"indexInfo":{"baseKey":"Bf7xEwKu7Tu6aivNOS8p7DJwWGcWqRiHLhLjrEIDqAUg","baseKeyType":1,"closed":-1,"used":1684220984113,"created":1684220984113,"remoteIdentityKey":"BRqBIBFqqdsrOvAj3h9Q9lKhS76kx+KCbvKqcbQi4uMG"},"_chains":{"BcriwS+ckeqzWTCXc/nkledly4YiiANiQH7f4NDqT6kH":{"chainKey":{"counter":63,"key":"7Lz4KK7m0usj9zrIGGVlmqEdjVeP29fRJpbulyOISFo="},"chainType":1,"messageKeys":{}}},"pendingPreKey":{"signedKeyId":48,"baseKey":"Bf7xEwKu7Tu6aivNOS8p7DJwWGcWqRiHLhLjrEIDqAUg","preKeyId":5543993}}},"version":"v1"}