{"_sessions":{"BUEUvZG2TVPjRY3Xr5SYnuBIXph46cuDZp5xs2pgflMR":{"registrationId":464950754,"currentRatchet":{"ephemeralKeyPair":{"pubKey":"BQVT54VfcMlFIjKG82R1bPAtJuFfresVT14oVe5Wtn9B","privKey":"+CpKq53Lza88wwapxbT4MgjFAXXOTfCnvjvUw0Jd4Vk="},"lastRemoteEphemeralKey":"BTdxNf6OMMLn5EYV412LIPjI/X/in0iOd4dwTSdjqGB8","previousCounter":63,"rootKey":"xVjt4LfCM56p8vpMFrtM2ha5wvkDlDEsq2zpPfWX1ZU="},"indexInfo":{"baseKey":"BUEUvZG2TVPjRY3Xr5SYnuBIXph46cuDZp5xs2pgflMR","baseKeyType":1,"closed":-1,"used":1684244761263,"created":1684220983905,"remoteIdentityKey":"BczLe9aRGcL1jTvK8E7Pws/wyYN5GI1kMnJ511qD2h0g"},"_chains":{"BRYtwOsiK3Dpon29a1YhJTCDgU/hBMZSK6RupcHJnVBl":{"chainKey":{"counter":0},"chainType":2,"messageKeys":{}},"BUn0wL4B7PBX6id9CvLx8hr6CNsqlFQMKfsigL4IH7xr":{"chainKey":{"counter":0},"chainType":2,"messageKeys":{}},"BTdxNf6OMMLn5EYV412LIPjI/X/in0iOd4dwTSdjqGB8":{"chainKey":{"counter":0,"key":"4xnf1cVT4SDwoSM2U6LqjGioV5i0tzTr+u6ry51XVCM="},"chainType":2,"messageKeys":{}},"BQVT54VfcMlFIjKG82R1bPAtJuFfresVT14oVe5Wtn9B":{"chainKey":{"counter":-1,"key":"VhoVeSkrtMMa0pcbB3GRywmbi+lGx3znMhhXlQeKiO0="},"chainType":1,"messageKeys":{}}}}},"version":"v1"}