{"_sessions":{"BSs4LpWPWhEXZ6h/Ul/37cWx0344D/UQkmepakMogH4M":{"registrationId":601605094,"currentRatchet":{"ephemeralKeyPair":{"pubKey":"BV1NJbeiOwB/Qm6cPvZxcwMSKw5MbQPT9WvsTeI02ngi","privKey":"gCeE/yt0VfocU8Kjc40lHUsj/sOWdTrWi7wSWKtm63Y="},"lastRemoteEphemeralKey":"BRMA9AGaLFSAJK5MSpPVb2xp/GPB8akGUGvOESYGJT1c","previousCounter":0,"rootKey":"m5jm4oHS1cXHICgeXnUGIYRtL3afOisB8pTlth1qMbA="},"indexInfo":{"baseKey":"BSs4LpWPWhEXZ6h/Ul/37cWx0344D/UQkmepakMogH4M","baseKeyType":1,"closed":-1,"used":1684220984224,"created":1684220984224,"remoteIdentityKey":"BZacnEP0B6/2v2wQjOVYTh6B6JNFQROZEOkKyvUKcFU1"},"_chains":{"BV1NJbeiOwB/Qm6cPvZxcwMSKw5MbQPT9WvsTeI02ngi":{"chainKey":{"counter":63,"key":"meDh9okp0ZCflwHrCfHVnIUCoTGWy6TJyRn9vY4wAhc="},"chainType":1,"messageKeys":{}}},"pendingPreKey":{"signedKeyId":0,"baseKey":"BSs4LpWPWhEXZ6h/Ul/37cWx0344D/UQkmepakMogH4M","preKeyId":10458774}}},"version":"v1"}