{"_sessions":{"BWdG4GaDCYG5IFwR/54zU8F2SNIgcE623EDQtgsaXmla":{"registrationId":2029370108,"currentRatchet":{"ephemeralKeyPair":{"pubKey":"BZ2kQvOND5s60+AcCxEWFHXKe351bIw9MNgtAKqel4Us","privKey":"CN/RZuVyL4Vt7AzJcZwqdZ7AZ8wW4OZNiC8G+c5cG0U="},"lastRemoteEphemeralKey":"BT5ekac29OEOhYMfu+RPiFUP06kXdA3qbmFXl52jxadw","previousCounter":0,"rootKey":"B4MY3MnjGzsxtwLwXIdoiS6rwGyL2baY7/EKf5gplS8="},"indexInfo":{"baseKey":"BWdG4GaDCYG5IFwR/54zU8F2SNIgcE623EDQtgsaXmla","baseKeyType":1,"closed":-1,"used":1684220984322,"created":1684220984322,"remoteIdentityKey":"BebY6AdtZ7JGDBK4e9dNou2Q6HQJMjq+dG07SvPD+M4w"},"_chains":{"BZ2kQvOND5s60+AcCxEWFHXKe351bIw9MNgtAKqel4Us":{"chainKey":{"counter":63,"key":"tHcd0dYFTPI1bMxzGOpEcnfL5qV041eqvwcTByP7bg4="},"chainType":1,"messageKeys":{}}},"pendingPreKey":{"signedKeyId":0,"baseKey":"BWdG4GaDCYG5IFwR/54zU8F2SNIgcE623EDQtgsaXmla","preKeyId":5666357}}},"version":"v1"}