{"_sessions":{"BdCWD7WumKpBXpRJWma8Q1dl78XQV8hcmSnPlv1wkuFz":{"registrationId":881436143,"currentRatchet":{"ephemeralKeyPair":{"pubKey":"BU/V9QeZSRAW0X/3HDRagar33mR4Ib2ycsvCEpqRNas0","privKey":"+C6fsVIhLWB4veVFE6ueiunvBYr7WNKNHDIRC/TiA2k="},"lastRemoteEphemeralKey":"BVgviERQq0xfMWkEzZSEotqBKi9+ncOkg9caViOevRVP","previousCounter":0,"rootKey":"sX0+xWHgsQsip+ddUG/UyWYR+UQojJX5EEo8hdvWv60="},"indexInfo":{"baseKey":"BdCWD7WumKpBXpRJWma8Q1dl78XQV8hcmSnPlv1wkuFz","baseKeyType":1,"closed":-1,"used":1684220984282,"created":1684220984282,"remoteIdentityKey":"BS3JK3TS5LLHyxioxYjlj1g8CTRbUgtUoLLLI9/DVH0/"},"_chains":{"BU/V9QeZSRAW0X/3HDRagar33mR4Ib2ycsvCEpqRNas0":{"chainKey":{"counter":63,"key":"V3GhOvpBCeSpK6gdH3LEjCiQ6t5F+6/mKoGtXn2WmmM="},"chainType":1,"messageKeys":{}}},"pendingPreKey":{"signedKeyId":7,"baseKey":"BdCWD7WumKpBXpRJWma8Q1dl78XQV8hcmSnPlv1wkuFz","preKeyId":13866123}}},"version":"v1"}