{"_sessions":{"BRhaCAbqd2NTuFJsjykVv9h2tvsM+vevA4rqWus9ASQH":{"registrationId":1530400322,"currentRatchet":{"ephemeralKeyPair":{"pubKey":"BV9nQkYenkMzelo/M/FNQRelsUu7hlDbJPcFDiyq0ft6","privKey":"6GFHYDpKawMP8YXGTg6UkjEPHGgNz0do6XDBOLaJhEI="},"lastRemoteEphemeralKey":"Bdttfip4IjeePwA0CTaCvHh34wkYvoAZMxCxsILqrDhV","previousCounter":0,"rootKey":"EV1nWYdO0oOqCZZMnwRzYkYKTf6fCcdLRS7XiDTJz/A="},"indexInfo":{"baseKey":"BRhaCAbqd2NTuFJsjykVv9h2tvsM+vevA4rqWus9ASQH","baseKeyType":1,"closed":-1,"used":1684220984202,"created":1684220984202,"remoteIdentityKey":"BXmNnTZiIAf4FXLuhDpIAjOMehT8SfJEAt1+odP/78sx"},"_chains":{"BV9nQkYenkMzelo/M/FNQRelsUu7hlDbJPcFDiyq0ft6":{"chainKey":{"counter":63,"key":"4P/q43ZYbqEvhrrrObdgoQHJTWtnwRWgTbCzbdUl9GE="},"chainType":1,"messageKeys":{}}},"pendingPreKey":{"signedKeyId":13,"baseKey":"BRhaCAbqd2NTuFJsjykVv9h2tvsM+vevA4rqWus9ASQH","preKeyId":13003347}}},"version":"v1"}