{"_sessions":{"BcUXDCzPt5kjwOwTAVKizXiu9ZpxjtWUAz4cRovCYUUX":{"registrationId":647387553,"currentRatchet":{"ephemeralKeyPair":{"pubKey":"BTmbZLrmwcKJcC4L04CxLuf7+3ED73FU+Y3HtGScbOl1","privKey":"wDhTj8u3ATepupLoxHUYPMkP6hs83Cpwchg45EZAvlI="},"lastRemoteEphemeralKey":"BTWrK0zlL+ekvdS3PBQyaDFPKDG4UcDmBEJU8Z3qXRFA","previousCounter":0,"rootKey":"8iMQ8aKtHbJ3+LOg4bdN/pX7G3ZY7xmMTtveA7BCTWg="},"indexInfo":{"baseKey":"BcUXDCzPt5kjwOwTAVKizXiu9ZpxjtWUAz4cRovCYUUX","baseKeyType":1,"closed":-1,"used":1684220983876,"created":1684220983876,"remoteIdentityKey":"BY8M/sNhY9fYi4haErHdxRR0qVNNGDNN/sjnGtyHlrIq"},"_chains":{"BTmbZLrmwcKJcC4L04CxLuf7+3ED73FU+Y3HtGScbOl1":{"chainKey":{"counter":63,"key":"mKs4rHQq8ov1bapNFDXD8UnGnNCzIUJOJ1bEFFLscVM="},"chainType":1,"messageKeys":{}}},"pendingPreKey":{"signedKeyId":12,"baseKey":"BcUXDCzPt5kjwOwTAVKizXiu9ZpxjtWUAz4cRovCYUUX","preKeyId":12199723}}},"version":"v1"}