{"_sessions":{"BTtRxkqF7YYdZSc4sq6LAU5NYoBsqYx5wVdUuP/UcE4b":{"registrationId":334109514,"currentRatchet":{"ephemeralKeyPair":{"pubKey":"BfRBUE6yeCaoYXANjoM5/RUIkONr8nPKimD8AtPw4Fkg","privKey":"6INKpKsRMvcXJ8pWganDXYPyHkYv1ZymsvwyHDelD3k="},"lastRemoteEphemeralKey":"BUFYghUz0OwhdvyZ+ZZYSNIQitZx5t7qwGhrfdiklMQJ","previousCounter":0,"rootKey":"ruCSMFC8fxw0saz261FZ58qrFEv0ymexp7k/adF/EBQ="},"indexInfo":{"baseKey":"BTtRxkqF7YYdZSc4sq6LAU5NYoBsqYx5wVdUuP/UcE4b","baseKeyType":1,"closed":-1,"used":1684220984353,"created":1684220984353,"remoteIdentityKey":"BQtYrJ/rNVZ7E4Kni/4uklRT1ae2oUr7EOsqU6r7+Qxw"},"_chains":{"BfRBUE6yeCaoYXANjoM5/RUIkONr8nPKimD8AtPw4Fkg":{"chainKey":{"counter":63,"key":"nI4PjqphGi4zUUFTJ7QtLOlnW3bJy7sayi/SDOSEbo4="},"chainType":1,"messageKeys":{}}},"pendingPreKey":{"signedKeyId":3,"baseKey":"BTtRxkqF7YYdZSc4sq6LAU5NYoBsqYx5wVdUuP/UcE4b","preKeyId":322419}}},"version":"v1"}