{"_sessions":{"BXxKQOwhHnx0PiDrFQc39cnGrFXvaJ9/KBipeyCqhsZI":{"registrationId":14875,"currentRatchet":{"ephemeralKeyPair":{"pubKey":"BY4ZgiZfDHN9hygxjiGIKWKKAxFloGM7QdLJBrX51qha","privKey":"GE9JRT1xhKJ1m7QjQC/JgeeqRX/9vw3r1hcKLEvUfWU="},"lastRemoteEphemeralKey":"BVcS+ukT0e625NKRjD9V4ja2Pr/AAbFAgBNzJudQrfNW","previousCounter":0,"rootKey":"qcq927hMsR9Vat4TQugAASiCuaQ/gYbUvCYlPJgfSVk="},"indexInfo":{"baseKey":"BXxKQOwhHnx0PiDrFQc39cnGrFXvaJ9/KBipeyCqhsZI","baseKeyType":1,"closed":-1,"used":1684220983796,"created":1684220983796,"remoteIdentityKey":"Bdvxehx1lRlrdgZH1A08/jm65qxYVuNdZ1egyQNMFZEU"},"_chains":{"BY4ZgiZfDHN9hygxjiGIKWKKAxFloGM7QdLJBrX51qha":{"chainKey":{"counter":63,"key":"f9DXrM5MX46DubxUdqrfAwfgo+PUTZZETA5c1f5LWb8="},"chainType":1,"messageKeys":{}}},"pendingPreKey":{"signedKeyId":1,"baseKey":"BXxKQOwhHnx0PiDrFQc39cnGrFXvaJ9/KBipeyCqhsZI","preKeyId":93}}},"version":"v1"}