{"_sessions":{"BWBgyofDD5HWjzBFq04YpY4EjvDDOWc0Iylsu/5n47h/":{"registrationId":1983948589,"currentRatchet":{"ephemeralKeyPair":{"pubKey":"BbyZ544aN21a9eg3/olUYIOCKoLh6CuQWllvztloJAE0","privKey":"mOo08nyrJUPQAKQldS11FSWIEacySgKPu2lgXo8I53s="},"lastRemoteEphemeralKey":"BahLeRz7CBR4QbYWGLjmQGjlKn/9O/W7/FaLGqNSP9Qv","previousCounter":0,"rootKey":"s35yA79Tl1PTA3O+amKWx4AaXYs6OD9BSthGY2p/xWI="},"indexInfo":{"baseKey":"BWBgyofDD5HWjzBFq04YpY4EjvDDOWc0Iylsu/5n47h/","baseKeyType":1,"closed":-1,"used":1684220984348,"created":1684220984348,"remoteIdentityKey":"BeNkhHKixRRMWBnNvpZEde219lfrX7IlPWFe3zDk/aIW"},"_chains":{"BbyZ544aN21a9eg3/olUYIOCKoLh6CuQWllvztloJAE0":{"chainKey":{"counter":63,"key":"NCwJspCvQu8p2Zb4PiijkQjMOHFinqw5mvsvjv2+fTQ="},"chainType":1,"messageKeys":{}}},"pendingPreKey":{"signedKeyId":18,"baseKey":"BWBgyofDD5HWjzBFq04YpY4EjvDDOWc0Iylsu/5n47h/","preKeyId":1109934}}},"version":"v1"}