{"_sessions":{"BRTxLqImFBjTs49Mj+gwP4GuF/EBSJ2oahlrs2pNIAhF":{"registrationId":489819011,"currentRatchet":{"ephemeralKeyPair":{"pubKey":"BSYCbh1sH+spzObKeMpt8Lai8e1rvJEYMWPMRB2lYxVl","privKey":"kO6r5VXeTIkcE6GMLVcAIe5t143wuHYAmekBzgd7f1o="},"lastRemoteEphemeralKey":"BfvcZxpN59lL778g7UgSH2sHek86OXHtCFy42gSjKdBi","previousCounter":0,"rootKey":"GrWDPogEiy1sijyDidMqkuUbWaSdLImx8yuk6lcsD0I="},"indexInfo":{"baseKey":"BRTxLqImFBjTs49Mj+gwP4GuF/EBSJ2oahlrs2pNIAhF","baseKeyType":1,"closed":-1,"used":1684220983991,"created":1684220983991,"remoteIdentityKey":"BX6a3ql+lrQ/zoWkowxcQJU0wP4HSua6vYX/8Q+BBsMI"},"_chains":{"BSYCbh1sH+spzObKeMpt8Lai8e1rvJEYMWPMRB2lYxVl":{"chainKey":{"counter":63,"key":"DhpSoAY5v7rOC/5QfLHkjGXrVqfT7JvT56re0hfQQdM="},"chainType":1,"messageKeys":{}}},"pendingPreKey":{"signedKeyId":6,"baseKey":"BRTxLqImFBjTs49Mj+gwP4GuF/EBSJ2oahlrs2pNIAhF","preKeyId":8663456}}},"version":"v1"}