{"_sessions":{"BTL6CNTUjO5G5udNsqVejAQMP/iypdFba7ShAMx3WwNz":{"registrationId":7356,"currentRatchet":{"ephemeralKeyPair":{"pubKey":"Bas0D1jmhdlDXafF5YN6Vzu6o0zJWWcPxUmYa8FgdpgB","privKey":"2PoLY2SZEMVQK6t8EiVTrheRXbbmDUh4yGzhL4gEZFM="},"lastRemoteEphemeralKey":"Bcq9qwDzXM81wHY1t9w8jDkVuxI7MJDLB3u4lZ6eDYsw","previousCounter":0,"rootKey":"x+debu/eTEZOb4GKrj/yI+2zgTm1GZSOVWRtxlaj4qk="},"indexInfo":{"baseKey":"BTL6CNTUjO5G5udNsqVejAQMP/iypdFba7ShAMx3WwNz","baseKeyType":1,"closed":-1,"used":1684234314663,"created":1684234314663,"remoteIdentityKey":"BZrShbvDS3aX+MuNJL4ilCb++8RMC+i9hG6m+JVHtc88"},"_chains":{"Bas0D1jmhdlDXafF5YN6Vzu6o0zJWWcPxUmYa8FgdpgB":{"chainKey":{"counter":63,"key":"cTcXbN12HZxPL4dhOJtsuKFZByKpFQpUWv52AP/K9dY="},"chainType":1,"messageKeys":{}}},"pendingPreKey":{"signedKeyId":1,"baseKey":"BTL6CNTUjO5G5udNsqVejAQMP/iypdFba7ShAMx3WwNz"}}},"version":"v1"}