{"_sessions":{"BVFzRZj/jDUhbFxWL1dh5FHK0H8ozVcZlB3fyOcZ0B84":{"registrationId":169,"currentRatchet":{"ephemeralKeyPair":{"pubKey":"BcBRzYwwMrX7kTvzQ88Mc1G2Tiim35B0XN0CUbrYOhs0","privKey":"mKVppKZwfYHboiHU1XbeYrAYFwjxwhNbQzai9KpgdUA="},"lastRemoteEphemeralKey":"BUWi8jjph5ZCIHBQFcz+nHB3DLH87ipZ6Qam1ogJTOJq","previousCounter":1,"rootKey":"NWQZ1RNr19ICuatUKXGxJ10igrDfu51Vk410y42vrV4="},"indexInfo":{"baseKey":"BVFzRZj/jDUhbFxWL1dh5FHK0H8ozVcZlB3fyOcZ0B84","baseKeyType":1,"closed":-1,"used":1684236052336,"created":1684219127421,"remoteIdentityKey":"BRywZgK4+Kkz1bztkY5ZoMWLmj8nHMsjZiY6EShiipgE"},"_chains":{"BT+5phlE32VenmKEZ9hjh/RhNnqfN9kmWiwaJrS9ue1U":{"chainKey":{"counter":2},"chainType":2,"messageKeys":{}},"BUWi8jjph5ZCIHBQFcz+nHB3DLH87ipZ6Qam1ogJTOJq":{"chainKey":{"counter":1,"key":"/dnI/KWslnZqsKw+Gb9MOn7HX7Hi6dt686BSlc0TNtw="},"chainType":2,"messageKeys":{}},"BcBRzYwwMrX7kTvzQ88Mc1G2Tiim35B0XN0CUbrYOhs0":{"chainKey":{"counter":95,"key":"Gn5OrmkpacL1awUIwBGm/xdQG/eWbHYJxfWk9qHHvsg="},"chainType":1,"messageKeys":{}}}}},"version":"v1"}