{"_sessions":{"BekpOk8cXYbf2QDS1x4G/stQsAM8KY1zVBiUbFeZRsZm":{"registrationId":1490429065,"currentRatchet":{"ephemeralKeyPair":{"pubKey":"BSKmDyAOuhMHxYkIPUKv4IZJKZ3kYzJd+9Ydizff/JUt","privKey":"0DSrILAVv611qBT6a3IcdrPiqeoJmuGZ3y5UtOI4/nY="},"lastRemoteEphemeralKey":"BVdmvGMaeyA/r+IGzIFEwYWa+rrMjyNSmlGPiccBlvQN","previousCounter":0,"rootKey":"DIlz2478EDY4LJXNfQ4pFzz+TEO/XhxFNZnI7hiq4Ko="},"indexInfo":{"baseKey":"BekpOk8cXYbf2QDS1x4G/stQsAM8KY1zVBiUbFeZRsZm","baseKeyType":1,"closed":-1,"used":1684220984338,"created":1684220984338,"remoteIdentityKey":"BczezTST1GSfCpzVA2Trn4YPjzvIQdsO1mZ18zpSVVg3"},"_chains":{"BSKmDyAOuhMHxYkIPUKv4IZJKZ3kYzJd+9Ydizff/JUt":{"chainKey":{"counter":63,"key":"XVOAwAAhL/r2n6RnRYr+vkSJeHirOHvewuizrLZ5YXk="},"chainType":1,"messageKeys":{}}},"pendingPreKey":{"signedKeyId":1,"baseKey":"BekpOk8cXYbf2QDS1x4G/stQsAM8KY1zVBiUbFeZRsZm","preKeyId":10709843}}},"version":"v1"}