{"_sessions":{"BTWAcPbEr5moo89cSfQjxYMhaTi1F9OJpqgBA96+mHRd":{"registrationId":1443676087,"currentRatchet":{"ephemeralKeyPair":{"pubKey":"BRGn43CGR0LWeLWyGooOGnNITAJr9dY2EAaKKAHHT0V6","privKey":"mMfb3xXvlRKJz1pPuktxSfyYceIOmqZH+5IY/aU8RE8="},"lastRemoteEphemeralKey":"BflX3PCHsn+WEpqnNPLWBRuFCIK/hnmzu8uk9sCCVFV3","previousCounter":0,"rootKey":"Y3lYQE2ElxckFWIOek6hY1a0BQB43wPzYat8e1bBAcg="},"indexInfo":{"baseKey":"BTWAcPbEr5moo89cSfQjxYMhaTi1F9OJpqgBA96+mHRd","baseKeyType":1,"closed":-1,"used":1684220984038,"created":1684220984038,"remoteIdentityKey":"BcVGidHNsyDdttpzYGfATRTaLZI56DfGqxsrhtX/YJFv"},"_chains":{"BRGn43CGR0LWeLWyGooOGnNITAJr9dY2EAaKKAHHT0V6":{"chainKey":{"counter":63,"key":"jYVJvIDLVKZzHO8Jly9O2Wdx8j4LLpMHw+Aj490sfk0="},"chainType":1,"messageKeys":{}}},"pendingPreKey":{"signedKeyId":10,"baseKey":"BTWAcPbEr5moo89cSfQjxYMhaTi1F9OJpqgBA96+mHRd","preKeyId":12442140}}},"version":"v1"}