{"_sessions":{"BQ0kkaO4fpYnwDA6nIQJ0IqhJ55oguToZHhYUIOlUHle":{"registrationId":364165995,"currentRatchet":{"ephemeralKeyPair":{"pubKey":"BesOI4RoHSsStUxq1zKogzONO3pS2ucR501RROlZmLBb","privKey":"iBvUO7RQjdh9sEKlGMHHqqkJmPU1UQR3/4ciQdrHaEA="},"lastRemoteEphemeralKey":"BSn/EWZh3Dt1nIp/2W74FwVib22RXcCAH1kJMsj86exK","previousCounter":0,"rootKey":"0BVGPTl4C7jsDoHQP4d+8ktt8IgkYK7gu7Dhze2jy60="},"indexInfo":{"baseKey":"BQ0kkaO4fpYnwDA6nIQJ0IqhJ55oguToZHhYUIOlUHle","baseKeyType":1,"closed":-1,"used":1684234668601,"created":1684220983954,"remoteIdentityKey":"BStR6oBKWTZoWeWFxlRraWbQhEpjvbQosZqC7xeD7R5K"},"_chains":{"BSn/EWZh3Dt1nIp/2W74FwVib22RXcCAH1kJMsj86exK":{"chainKey":{"counter":0,"key":"TjSr7Ab+kucADrAlsRx8eHq4pTTzkTLTdyxTo2wLspw="},"chainType":2,"messageKeys":{}},"BesOI4RoHSsStUxq1zKogzONO3pS2ucR501RROlZmLBb":{"chainKey":{"counter":62,"key":"Ty5+fWND+v2vba0W0Y6irtWJa5fxD+2UNTasRmr+DiE="},"chainType":1,"messageKeys":{}}}}},"version":"v1"}