{"_sessions":{"BfqKV3BKRoB6LTFTAQaEyePBGUyONsfperM6ay+azC1B":{"registrationId":289352844,"currentRatchet":{"ephemeralKeyPair":{"pubKey":"BU6YbqhS0J56MXuPSv8eAvlJyO/Tkv9Qv4yiWq9Ycshc","privKey":"MJFl8sIfLy2/CCThJgvTSsqUNPJm1DkWrj/ueV7/cmA="},"lastRemoteEphemeralKey":"BQ6bvkw8qJGKEoPqvLosWsaKkjc7BIlgeUqCdOJQM0Y2","previousCounter":0,"rootKey":"l5VX4Jbe/UlHSwQiI320GNsdQ+BZ+AYBNibk8nVLGqQ="},"indexInfo":{"baseKey":"BfqKV3BKRoB6LTFTAQaEyePBGUyONsfperM6ay+azC1B","baseKeyType":1,"closed":-1,"used":1684220984213,"created":1684220984213,"remoteIdentityKey":"Bdv1fE2YVL8bdhZP6+bURKbdmr56eWZl/r5etjpzPZ9H"},"_chains":{"BU6YbqhS0J56MXuPSv8eAvlJyO/Tkv9Qv4yiWq9Ycshc":{"chainKey":{"counter":63,"key":"wmjea77LdV6q0G/5DvQE3JVXsM9bmwXC8Gpmjf1joKY="},"chainType":1,"messageKeys":{}}},"pendingPreKey":{"signedKeyId":2,"baseKey":"BfqKV3BKRoB6LTFTAQaEyePBGUyONsfperM6ay+azC1B","preKeyId":5346624}}},"version":"v1"}