{"_sessions":{"BTDJESiX8FWdzJRKxKaGezqSlkL54Ypp4gou6u45BaQS":{"registrationId":629453000,"currentRatchet":{"ephemeralKeyPair":{"pubKey":"BaqHwMiz7sCSHhGZ8Bs2IF8zO2GGdXMrr6PZQ3g4ic8g","privKey":"4OYDwYTtQ2naCEZxYx0afxwFj6dEfEiNwgVyy6FnpmY="},"lastRemoteEphemeralKey":"BbVBEZ7PcPL0MSiObWbztjRO0SdUDBBdCcJHUekMA25N","previousCounter":0,"rootKey":"gR3V/1zL23+Mg72XHrSkVqXVHjlXgxLM7wDCAwXYfE4="},"indexInfo":{"baseKey":"BTDJESiX8FWdzJRKxKaGezqSlkL54Ypp4gou6u45BaQS","baseKeyType":1,"closed":-1,"used":1684225625716,"created":1684225625716,"remoteIdentityKey":"BRKhQ1JGTekzfnAfpS0NHMXo2EXC1XUO+XAjd3tYtnoY"},"_chains":{"BaqHwMiz7sCSHhGZ8Bs2IF8zO2GGdXMrr6PZQ3g4ic8g":{"chainKey":{"counter":63,"key":"aOy3mLs3SIsQUEXrfcMS93+RgRl2ZgxkNgkxjGoZh1U="},"chainType":1,"messageKeys":{}}},"pendingPreKey":{"signedKeyId":32,"baseKey":"BTDJESiX8FWdzJRKxKaGezqSlkL54Ypp4gou6u45BaQS","preKeyId":420305}}},"version":"v1"}