{"_sessions":{"BZsUtW/DKOsFgsrL7pu947rPtrcgnYCQIFdpuqkHGK9D":{"registrationId":742559450,"currentRatchet":{"ephemeralKeyPair":{"pubKey":"BRI9X95lb/HPOrZ7bIAt2Ia9cy+DRxeSpHMWxVYv7hMi","privKey":"uErIoPAVKLPvWhL1q4i9aG4jtGE8ut3uUU/v01hmGV0="},"lastRemoteEphemeralKey":"BRKPg5TnmAsZvrsdq2ID9UOyR/eIcFdjgAcwgrcf3vl4","previousCounter":0,"rootKey":"AdEExiNw59+Pbkwrj1y6azgz90O5rJRdoGKPgK5YpEI="},"indexInfo":{"baseKey":"BZsUtW/DKOsFgsrL7pu947rPtrcgnYCQIFdpuqkHGK9D","baseKeyType":1,"closed":-1,"used":1684220984164,"created":1684220984164,"remoteIdentityKey":"BSjpvPszsJnaTx6gBeYD0qJn1H/9M83SpbV4D4V6XEIg"},"_chains":{"BRI9X95lb/HPOrZ7bIAt2Ia9cy+DRxeSpHMWxVYv7hMi":{"chainKey":{"counter":63,"key":"2+EOBsY+4ZYlt19b93NvBn8qogV0CFnIQzs0DNVWORI="},"chainType":1,"messageKeys":{}}},"pendingPreKey":{"signedKeyId":24,"baseKey":"BZsUtW/DKOsFgsrL7pu947rPtrcgnYCQIFdpuqkHGK9D","preKeyId":6161522}}},"version":"v1"}