{"_sessions":{"BaEpM0gG9jdshe4lKjLiUmdp52MeJZEFdaR28ei1ZIw6":{"registrationId":1607856337,"currentRatchet":{"ephemeralKeyPair":{"pubKey":"BU6fd//C7w4BF2ITgBaWcKrBI0NiimAE3SkMyfoR8ycK","privKey":"CFwi+cxAsgcrKNxm/ybGWYHgywsfygF6eOyhx24k+2A="},"lastRemoteEphemeralKey":"BbbPFXB4lrorHwwDm54G9cc53m3OL/NHWiuc1j0dfk94","previousCounter":0,"rootKey":"3JnWUkoFCbD4vBKBvn3+0PNMiOMoAZM0BBAKiY27+E4="},"indexInfo":{"baseKey":"BaEpM0gG9jdshe4lKjLiUmdp52MeJZEFdaR28ei1ZIw6","baseKeyType":1,"closed":-1,"used":1684220984343,"created":1684220984343,"remoteIdentityKey":"BWpbTQFlncIZzDdja1EXa3Ao1S18aoU7aLAazvdgdBkI"},"_chains":{"BU6fd//C7w4BF2ITgBaWcKrBI0NiimAE3SkMyfoR8ycK":{"chainKey":{"counter":63,"key":"u4fm8BbeuVicqA0P/4oP6Ki8zgmuYEmkNgj+q7Mj2B4="},"chainType":1,"messageKeys":{}}},"pendingPreKey":{"signedKeyId":20,"baseKey":"BaEpM0gG9jdshe4lKjLiUmdp52MeJZEFdaR28ei1ZIw6","preKeyId":14436195}}},"version":"v1"}