{"_sessions":{"Bdt8w0Y/hdgZRUwoXh3vgGHmR9Z+sa4YpOINvCxp3dIO":{"registrationId":450379830,"currentRatchet":{"ephemeralKeyPair":{"pubKey":"BdjG2nnbrkA78Btb37jir5OAB0pvOY/OrCbutuicHt4z","privKey":"cJ+BgeoiK62Wz6a/z7jrcAOOin5AN+2wPyZueSQb/l0="},"lastRemoteEphemeralKey":"BeN7oXKvzFds+LKjNzuxvlTPEbEyVs6InLDa/fe7mzt7","previousCounter":0,"rootKey":"bp29r5TFbmHmyY3ditTMzSl+M4pTLZS9EY93wOjxIoQ="},"indexInfo":{"baseKey":"Bdt8w0Y/hdgZRUwoXh3vgGHmR9Z+sa4YpOINvCxp3dIO","baseKeyType":1,"closed":-1,"used":1684220983981,"created":1684220983981,"remoteIdentityKey":"BeIUI4VG1Xq95rM+p1k0fkjCJORyq4m70bjpxFAAuc5O"},"_chains":{"BdjG2nnbrkA78Btb37jir5OAB0pvOY/OrCbutuicHt4z":{"chainKey":{"counter":63,"key":"xqntWZBy6yw3ksWGjBfSvqNJ3rM+JLSpudokzE+AmlY="},"chainType":1,"messageKeys":{}}},"pendingPreKey":{"signedKeyId":11,"baseKey":"Bdt8w0Y/hdgZRUwoXh3vgGHmR9Z+sa4YpOINvCxp3dIO","preKeyId":5423037}}},"version":"v1"}