{"_sessions":{"BfvElhtw4O5Hu0DHBO0YTiIFR3eergZKwQLbDKmCjS50":{"registrationId":2031464206,"currentRatchet":{"ephemeralKeyPair":{"pubKey":"BTGlyB03/ipz9df1oNfrO8DFJcnGw6S9iM0k14UvQH8r","privKey":"QP8i63FAx+93U77KFmGRDGndRdIkIQarLUu0dlbRcVE="},"lastRemoteEphemeralKey":"BQLSFhr9MATNvvFRZhAy/OkVz4MJXbFxV01BFUfu/q0o","previousCounter":63,"rootKey":"NsDepINrnm9jgYbIyxywz4aaMBWa7C/mhzE0VK+Za3M="},"indexInfo":{"baseKey":"BfvElhtw4O5Hu0DHBO0YTiIFR3eergZKwQLbDKmCjS50","baseKeyType":1,"closed":-1,"used":1684245897419,"created":1684220983864,"remoteIdentityKey":"BQG5bcAM47H2MbZ/MndZQQu+UIDhut6lLfej6mYHqEN9"},"_chains":{"BQLSFhr9MATNvvFRZhAy/OkVz4MJXbFxV01BFUfu/q0o":{"chainKey":{"counter":0,"key":"GYYimvA2s4BPL69W4HhGmvqUEuD7kI66AC7kNmUK1jU="},"chainType":2,"messageKeys":{}},"BTGlyB03/ipz9df1oNfrO8DFJcnGw6S9iM0k14UvQH8r":{"chainKey":{"counter":-1,"key":"EPXQPfk8jv3N5upJbb8+UO16wDv3zWXC5zCL7v8yAwE="},"chainType":1,"messageKeys":{}}}}},"version":"v1"}