{"_sessions":{"BeF7SpdjnlPel2cfetGiocvpI/tVngV857U7cev6djUy":{"registrationId":2096475255,"currentRatchet":{"ephemeralKeyPair":{"pubKey":"BZrwFbcZw13eDZJwkZQs6Xtiky+PSPQoVVkXan+Asy0e","privKey":"cCjPdJSJfEk1DccrYAYzCeuV5OxQ2xreWvR86D1Q+m8="},"lastRemoteEphemeralKey":"BdUbpv4iVM9OVb5qSQygJV0jYjjgXuxWG4hPGtvpVrMY","previousCounter":0,"rootKey":"Fbnh0eNMHcJSEzmSqBcrFKptKkqS9fDzCjklBwdQnlY="},"indexInfo":{"baseKey":"BeF7SpdjnlPel2cfetGiocvpI/tVngV857U7cev6djUy","baseKeyType":1,"closed":-1,"used":1684220984276,"created":1684220984276,"remoteIdentityKey":"BSwSeyjaXh/ubCiGDFB2JEFS1WLIkXT2pkoYp+HG/Z8R"},"_chains":{"BZrwFbcZw13eDZJwkZQs6Xtiky+PSPQoVVkXan+Asy0e":{"chainKey":{"counter":63,"key":"cS9XPriGsYDfBkQRSIVx1ptT3VcabBfgtZbXfXBhSOo="},"chainType":1,"messageKeys":{}}},"pendingPreKey":{"signedKeyId":1,"baseKey":"BeF7SpdjnlPel2cfetGiocvpI/tVngV857U7cev6djUy","preKeyId":11806820}}},"version":"v1"}