{"_sessions":{"BcS440Krag6X3SjQDLVwHlwP/L6aBo8dQ/8WGDIBioAn":{"registrationId":698043963,"currentRatchet":{"ephemeralKeyPair":{"pubKey":"BdOPUauKBw+H1ZJDjBwTsRDheKooktKrBBSNENe+pvcU","privKey":"iEpqHECeNwzCWQcSOk1SObVJ8Hjuh14sKJ4uefR7Alw="},"lastRemoteEphemeralKey":"Bctqw7ycZahiUj1jRseeWYxLVD6Mkh9pxSEdNcVut3QW","previousCounter":0,"rootKey":"JLt61j5Er6/mY+g3x8AE3iZxrbJ03dEAHn7uTMXaHSc="},"indexInfo":{"baseKey":"BcS440Krag6X3SjQDLVwHlwP/L6aBo8dQ/8WGDIBioAn","baseKeyType":1,"closed":-1,"used":1684220984373,"created":1684220984373,"remoteIdentityKey":"BZz/4z31B9yk8thQqvb+/UanF5cOloNOdeq3aPaNczcH"},"_chains":{"BdOPUauKBw+H1ZJDjBwTsRDheKooktKrBBSNENe+pvcU":{"chainKey":{"counter":63,"key":"ET4SxdJ8+eTDueH3ZnwzufgQmBVcB5zw4EH1aGm4SJU="},"chainType":1,"messageKeys":{}}},"pendingPreKey":{"signedKeyId":27,"baseKey":"BcS440Krag6X3SjQDLVwHlwP/L6aBo8dQ/8WGDIBioAn","preKeyId":7689934}}},"version":"v1"}