{"_sessions":{"BXyBVSMTPuw/rRpJtmxu5+jaIvLMOYcqZhBKM66c75Uk":{"registrationId":216,"currentRatchet":{"ephemeralKeyPair":{"pubKey":"BXXcregQCj3VXRXWrQ80Erjl56YrjQhbB/ZDik96BNxL","privKey":"aNjIOW5JocVLkEG5yhBb0s+uPl8SCZR+7RepZ7fYZ1Y="},"lastRemoteEphemeralKey":"BVuwKI2XMolCSp2Q9alZPGFTSfP6eUfKXIUBqpFNAgkM","previousCounter":0,"rootKey":"5ZCcixth/4ZiBaNufedbl0iXDApoqo+M3yqh37FmObI="},"indexInfo":{"baseKey":"BXyBVSMTPuw/rRpJtmxu5+jaIvLMOYcqZhBKM66c75Uk","baseKeyType":1,"closed":-1,"used":1684219127430,"created":1684219127430,"remoteIdentityKey":"BTm+ikTwrXgA9sgCmYAYQzviGgqq6p1h0SuhxIk2KoxB"},"_chains":{"BXXcregQCj3VXRXWrQ80Erjl56YrjQhbB/ZDik96BNxL":{"chainKey":{"counter":175,"key":"SUNiO75YIRusDqpB2ElzAc2SfztRBqZxzNmBowoGwyw="},"chainType":1,"messageKeys":{}}},"pendingPreKey":{"signedKeyId":1,"baseKey":"BXyBVSMTPuw/rRpJtmxu5+jaIvLMOYcqZhBKM66c75Uk","preKeyId":7}}},"version":"v1"}