{"_sessions":{"BV+RnLd9nSoW45mDUCu9Q5zA1k6y9Ue1kNbMoYD0cE5s":{"registrationId":2119407690,"currentRatchet":{"ephemeralKeyPair":{"pubKey":"Bew73UsggaUAcnqqZc5DhgwE9ifpIv3OLo8MOXXj94xC","privKey":"yPwLWCJP0yBzZJUKoAGZkQrxsPULWt1vohhiYSam33Y="},"lastRemoteEphemeralKey":"BaOT5ySJBddNPfPgKdbwLYWOIDAk574zoct5PAhxTBU6","previousCounter":0,"rootKey":"USC5+FUtu3QLckUcNH0mjS8rw94OCNG9xCWDnO2TQ0A="},"indexInfo":{"baseKey":"BV+RnLd9nSoW45mDUCu9Q5zA1k6y9Ue1kNbMoYD0cE5s","baseKeyType":1,"closed":-1,"used":1684227454005,"created":1684220983899,"remoteIdentityKey":"BVQzle71qmhBkds7gu2m51+dmOqyuQPNVWlbZX/KJAog"},"_chains":{"BaOT5ySJBddNPfPgKdbwLYWOIDAk574zoct5PAhxTBU6":{"chainKey":{"counter":0,"key":"fnhhdyEbXKdhk86F5JILfRZt4qQIQyOTwI5bJNNVeDo="},"chainType":2,"messageKeys":{}},"Bew73UsggaUAcnqqZc5DhgwE9ifpIv3OLo8MOXXj94xC":{"chainKey":{"counter":62,"key":"fRAPriLaMDoBSABV27ZBHENHCLLVyq2oF4Ry4jyfRyc="},"chainType":1,"messageKeys":{}}}}},"version":"v1"}