{"_sessions":{"Ba4xIFUfhZI+DgjLmYJvdEwkxBPhJrLQA9UdV9VgaWdZ":{"registrationId":1235963117,"currentRatchet":{"ephemeralKeyPair":{"pubKey":"BXHOXvWcB4FLuImZOFTIuAYjpYvIIHjAsyRGyPSMuTtL","privKey":"ePRhTfDUYBTEagq10qex+RfHz9khtTUK9in9dh3dxF0="},"lastRemoteEphemeralKey":"BSnQs1rKg5jp1a7is55ASc9pIfY4tp/cKZp5xVYE86MB","previousCounter":0,"rootKey":"J0uNSJyWzkYnzMGjcrOyaPz0pCPKqass069wqhZQIFo="},"indexInfo":{"baseKey":"Ba4xIFUfhZI+DgjLmYJvdEwkxBPhJrLQA9UdV9VgaWdZ","baseKeyType":1,"closed":-1,"used":1684220984148,"created":1684220984148,"remoteIdentityKey":"Ba/eVVyggtZmn/zOd0AHmlWv9cVi0khw7Fa6K6m5r9pp"},"_chains":{"BXHOXvWcB4FLuImZOFTIuAYjpYvIIHjAsyRGyPSMuTtL":{"chainKey":{"counter":63,"key":"t1Ge+SCDQ24LzAKaaccVWffC4b4sOZeYS20+pU45zjA="},"chainType":1,"messageKeys":{}}},"pendingPreKey":{"signedKeyId":0,"baseKey":"Ba4xIFUfhZI+DgjLmYJvdEwkxBPhJrLQA9UdV9VgaWdZ","preKeyId":4198302}}},"version":"v1"}