{"_sessions":{"BQiozKzHYrOyNd9AIqM2dfAr8EGOkRotl+THYzN6B285":{"registrationId":308910925,"currentRatchet":{"ephemeralKeyPair":{"pubKey":"BaMRSCYToomzZW2s+fpp0na9/Rdf0oswgsx8BRn1+g4q","privKey":"GI2mUI3J0bmuZskNsPmuAjCSotHWOm4qIlkDYJNgOUM="},"lastRemoteEphemeralKey":"BU+eAz0NlFKijOoBOtv1OPgnxxsy5pNI+PxDCB5WuSM2","previousCounter":0,"rootKey":"c9DEdJbhXO1Daj/sb7smePS1G1xdZErk7e9wcINX3LQ="},"indexInfo":{"baseKey":"BQiozKzHYrOyNd9AIqM2dfAr8EGOkRotl+THYzN6B285","baseKeyType":2,"closed":-1,"used":1684237360308,"created":1684220092496,"remoteIdentityKey":"BR9unVw5+TvE5nvSWVJvh1MJkU84E30VQyhx0kEipkc7"},"_chains":{"BQpdkdAwAIHppxTjRx+AF4hUXzpAu4XtKNn2sieuFLFj":{"chainKey":{"counter":0},"chainType":2,"messageKeys":{}},"Bah3Dr821UoONlJTPymLcuJyLaN14zA0UuZgGd1CgcwX":{"chainKey":{"counter":0},"chainType":2,"messageKeys":{}},"BcpGyCoV2y9USTN+lvQEzEjJrkw/kdi1i2EX5/m5OthN":{"chainKey":{"counter":1},"chainType":2,"messageKeys":{}},"BUrxLw0/G+HMC11DyJPHKTm+bLfpgOfXZVYN2+sM6X8P":{"chainKey":{"counter":0},"chainType":2,"messageKeys":{}},"BfqbCGINEd4m4GTH/SElgaZw1fR8R1HQhwYe6rZr8NZc":{"chainKey":{"counter":0},"chainType":2,"messageKeys":{}},"BWI6xfsiDxHfg41iFtruKoGak2zXl+4/QKLtByui9+ss":{"chainKey":{"counter":0},"chainType":2,"messageKeys":{}},"BVEWyj8MiJ/48HETEFqT2UV4km6BzS5yRqQZTPz/GIY1":{"chainKey":{"counter":0},"chainType":2,"messageKeys":{}},"BZO5H1Ubl1m5WHUThPEm9sdPWpYS3b6tsfX9vtGqUZl7":{"chainKey":{"counter":0},"chainType":2,"messageKeys":{}},"BdQtYfyVWM9xFb5sarke9EcEVafLWlPUwjyZu13RVxFQ":{"chainKey":{"counter":0},"chainType":2,"messageKeys":{}},"BYwKoZNi2SigkYq5xaIoSrBRpweA4fVJKUXBYyoL3wQh":{"chainKey":{"counter":0},"chainType":2,"messageKeys":{}},"BUMvljvynBsEoXPmLrLn27q8NHKU4vHWGvbiQLuuAj92":{"chainKey":{"counter":0},"chainType":2,"messageKeys":{}},"BZwSCn/kkid/qJhKFXDuzxF/AfEXd4Z5QPPoiO35qkdu":{"chainKey":{"counter":0},"chainType":2,"messageKeys":{}},"BaN3gY6UyjlZEx0iUaOHgYQlhnsKU8ppbJo8+kvdcJxu":{"chainKey":{"counter":0},"chainType":2,"messageKeys":{}},"BW551cahLPC5To0LacWR/FEZoeI6sImtI8BLAxnc2jE2":{"chainKey":{"counter":0},"chainType":2,"messageKeys":{}},"BTR731Fn/lmhE8njhZf8FLFPAJ1XTvy8daMr2EZWnrsr":{"chainKey":{"counter":0},"chainType":2,"messageKeys":{}},"BbmYhrprSOFq7J+wFUH2HMclc41Vb0wpen+020zwZqZu":{"chainKey":{"counter":0},"chainType":2,"messageKeys":{}},"BWL1sQFolajPuw6ulMntDCtFhr6XZav3h1jFT+G+jdw7":{"chainKey":{"counter":1},"chainType":2,"messageKeys":{}},"BZxrRF0LfL8y2KxfxnuUnLpTbPiOl8Doh0dylMTOND4y":{"chainKey":{"counter":0},"chainType":2,"messageKeys":{}},"BU7GI87rkvSv/bqR7KIwKlVXvyUojrLCd/gV9gLZS+wT":{"chainKey":{"counter":0},"chainType":2,"messageKeys":{}},"BU+eAz0NlFKijOoBOtv1OPgnxxsy5pNI+PxDCB5WuSM2":{"chainKey":{"counter":5,"key":"XaIalZiRozhAS0F+A22MrMBOF50kV2knUtbh+tqxonA="},"chainType":2,"messageKeys":{"1":"z9L6ZzPSXoty8Bv9smvVhO7Ob2Mxfc1YaY0vewrVv6I=","2":"Sq/SzTFaH14oq8MtrtX90hFDh7mA32ZeFhoWfFNziGI=","3":"D4TBcOtbYpTX81iOFWvSrLsDnoXdSRX4/uzlDR16eOU=","4":"zqUSfABTw24zSOwdOWi7NV/AOkz3emesqgX518mqnCM="}},"BaMRSCYToomzZW2s+fpp0na9/Rdf0oswgsx8BRn1+g4q":{"chainKey":{"counter":0,"key":"wvkc4b90kEm5hDt1QJGh+DkSiEk31YrgsjZU1HczsFk="},"chainType":1,"messageKeys":{}}}}},"version":"v1"}