{"_sessions":{"BVcDSzg6LgixOMXHongok3jOUnW85C8R51tmSnb5SCpB":{"registrationId":933410731,"currentRatchet":{"ephemeralKeyPair":{"pubKey":"BcJUsEC//JhvY1XHLJ7Z+76xw4yLKeGZzrHGqvWqKhQz","privKey":"gAgFo6H7kc7UEPls9nHTJWudPXd5EylwRVE5MSDzEWg="},"lastRemoteEphemeralKey":"BbR1QKJw/dKpEF4Zwz2nalqvYUBsK44e32YkYCOtC7NC","previousCounter":0,"rootKey":"ytJ5Q+K2U0iLp0P9yLupp2bRQHqFvXTShcMnBEXfDow="},"indexInfo":{"baseKey":"BVcDSzg6LgixOMXHongok3jOUnW85C8R51tmSnb5SCpB","baseKeyType":1,"closed":-1,"used":1684220984028,"created":1684220984028,"remoteIdentityKey":"BUiYdVDLhYmor4AJQHooEWMvvYCSGJ5Ls+HAA7jTacpM"},"_chains":{"BcJUsEC//JhvY1XHLJ7Z+76xw4yLKeGZzrHGqvWqKhQz":{"chainKey":{"counter":63,"key":"Y7zMLQ3mmKtj95F7gqkQYmRjgYufKWHbxFJrJhpNyjE="},"chainType":1,"messageKeys":{}}},"pendingPreKey":{"signedKeyId":3,"baseKey":"BVcDSzg6LgixOMXHongok3jOUnW85C8R51tmSnb5SCpB","preKeyId":15440671}}},"version":"v1"}