{"_sessions":{"BYrJGRG7mIGogos507pJCusPuB60yvQL/R9Q3dS9KkML":{"registrationId":1776474869,"currentRatchet":{"ephemeralKeyPair":{"pubKey":"BYn46dLWjYm24mRMIoce7/9es2mNOctHV6Nnt8K08rQe","privKey":"iO1AVnoYBdUlzAP0JcV8hsVLIT/oQJISrybNsa/b8nA="},"lastRemoteEphemeralKey":"BRfcAVT3u52bivZn9FtmeVv8SyX6kGKlJU/0E0/SQ2IZ","previousCounter":0,"rootKey":"oIfOMsAKe1f4Oi5yezb+EyfQi7guoTJk/z/E8o+ZcVI="},"indexInfo":{"baseKey":"BYrJGRG7mIGogos507pJCusPuB60yvQL/R9Q3dS9KkML","baseKeyType":1,"closed":-1,"used":1684239028612,"created":1684220984068,"remoteIdentityKey":"BbaQrkL5+vHuMmhmFkn5d9J64VlfqVi3GAND8K9MZRh3"},"_chains":{"BRfcAVT3u52bivZn9FtmeVv8SyX6kGKlJU/0E0/SQ2IZ":{"chainKey":{"counter":0,"key":"DNGuDtkzLip2TNZ2Kr76O3ZVeNDUm/0G/k9b1/OX+3s="},"chainType":2,"messageKeys":{}},"BYn46dLWjYm24mRMIoce7/9es2mNOctHV6Nnt8K08rQe":{"chainKey":{"counter":62,"key":"ENX4ekf4RjxvbkO7V1oIOP1RiVoL21lNMoP3JktKU4A="},"chainType":1,"messageKeys":{}}}}},"version":"v1"}