{"_sessions":{"BegMLeeUvl4gXx20H8Si1j0lVVvU0QxiHc405FLJlUZj":{"registrationId":1159672628,"currentRatchet":{"ephemeralKeyPair":{"pubKey":"Bc5t84kkBi4mvu5ytoRmATmjKHOfWRWz1JQ1Fe1K4L9m","privKey":"8P4N96YheLZQshHE9uu6x4geLEiOHyXtEjXT7ZcrXmM="},"lastRemoteEphemeralKey":"BV6o8Gxt5MQ6MFA6wWzAw3UilQOzRhGkKUYaUDC5/I83","previousCounter":0,"rootKey":"7Rj/QHlvspE6jx/xrZSNLqzOcHm4KLAWJ9Nqj2uzx/8="},"indexInfo":{"baseKey":"BegMLeeUvl4gXx20H8Si1j0lVVvU0QxiHc405FLJlUZj","baseKeyType":1,"closed":-1,"used":1684220984079,"created":1684220984079,"remoteIdentityKey":"BQR/CGzKqxqgjsJkp4p4151C4opxHsIQrYAQbSQp6noO"},"_chains":{"Bc5t84kkBi4mvu5ytoRmATmjKHOfWRWz1JQ1Fe1K4L9m":{"chainKey":{"counter":63,"key":"BPJFy4cjZWMUK2q94mpObIZKh+i3+MBpCqRXVnuJP9E="},"chainType":1,"messageKeys":{}}},"pendingPreKey":{"signedKeyId":0,"baseKey":"BegMLeeUvl4gXx20H8Si1j0lVVvU0QxiHc405FLJlUZj","preKeyId":9956603}}},"version":"v1"}