{"_sessions":{"BeU3d14mQs+maK9pg+ZWCaON1aQY/3LUjZ/TcqzdVPhl":{"registrationId":666175884,"currentRatchet":{"ephemeralKeyPair":{"pubKey":"BR8PBMWd5hlzIl/gFkyE+Lvo0H2jSu8iE5pkueF2afww","privKey":"kEIruf0v2YnVHpDTRFeMj5wjBRFEEn0vMtCYA26r3X0="},"lastRemoteEphemeralKey":"Bd96tGQJyi7/VwYjBL/GHnVufnmuC+5a+T2AGisI/Iw2","previousCounter":0,"rootKey":"uCGDEyGOlIPIPOPPjYniki0kwABOi8ZU884FgOkDeVI="},"indexInfo":{"baseKey":"BeU3d14mQs+maK9pg+ZWCaON1aQY/3LUjZ/TcqzdVPhl","baseKeyType":1,"closed":-1,"used":1684220984053,"created":1684220984053,"remoteIdentityKey":"BdDFAuMcJYxgqMqeWPMysGWiPBtT3Mnc4wnhZURFe2cx"},"_chains":{"BR8PBMWd5hlzIl/gFkyE+Lvo0H2jSu8iE5pkueF2afww":{"chainKey":{"counter":63,"key":"SAvfm4h8GkLnRXBac/+/lbIYtox0oDpSPfUngOsW5Wk="},"chainType":1,"messageKeys":{}}},"pendingPreKey":{"signedKeyId":19,"baseKey":"BeU3d14mQs+maK9pg+ZWCaON1aQY/3LUjZ/TcqzdVPhl","preKeyId":8685470}}},"version":"v1"}