{"_sessions":{"BYfttp2S3wxv5IOZ8NFn1zVOQ5Cyck0X9L+W9rDcl1Id":{"registrationId":1270334014,"currentRatchet":{"ephemeralKeyPair":{"pubKey":"BWVraotmgD72Ix4o6FqX/mEX6aKd14ixaTCkoUK75nZ8","privKey":"CDqrqRxPj8M2lzvFELygaTH/sITMt76My1Lfqh3anEg="},"lastRemoteEphemeralKey":"Bb2Kz79gWS34ygJECkSS8liaMZSJXcf8OGE84/DzvUpe","previousCounter":0,"rootKey":"HTBAOZoHAsxTMXehv6RX2FusFUZSoK3qPRrJpqk4AMU="},"indexInfo":{"baseKey":"BYfttp2S3wxv5IOZ8NFn1zVOQ5Cyck0X9L+W9rDcl1Id","baseKeyType":1,"closed":-1,"used":1684227200686,"created":1684220984058,"remoteIdentityKey":"BZNWOT9HE1debsXMmSg0NWSkl4Px/WMeL2euSPCbqNFd"},"_chains":{"Bb2Kz79gWS34ygJECkSS8liaMZSJXcf8OGE84/DzvUpe":{"chainKey":{"counter":0,"key":"OCSjiKgNE/WOrYeDnkccyENmWTRlNAh5Q67m0RYwNCw="},"chainType":2,"messageKeys":{}},"BWVraotmgD72Ix4o6FqX/mEX6aKd14ixaTCkoUK75nZ8":{"chainKey":{"counter":62,"key":"kPLeW/6TVpGgvYpxdeyXIUxBkmtGzw8GWwxHufUYnT0="},"chainType":1,"messageKeys":{}}}}},"version":"v1"}