{"_sessions":{"BWzGH7r6dOy1NmnkLk1B86dVzWkYAw8oQxqY8K+uSXp+":{"registrationId":113257265,"currentRatchet":{"ephemeralKeyPair":{"pubKey":"BeIhJfgrPzhti0ZxLvb/lGDQtWwCKrS860PE+tnv7EAb","privKey":"eB4CQTaIvTNDvVgxd3zrw3SeaQxekPtfRf9+/hOEdUY="},"lastRemoteEphemeralKey":"BSGIlxu+kTIIbpU5JkAIR8U+x9Vwab5D+vpQrC7xcv1K","previousCounter":0,"rootKey":"FT+KkX1N8fQ2xqU0zQBiffllw9DpyT3ly0NrhW2F6ig="},"indexInfo":{"baseKey":"BWzGH7r6dOy1NmnkLk1B86dVzWkYAw8oQxqY8K+uSXp+","baseKeyType":1,"closed":-1,"used":1684220984378,"created":1684220984378,"remoteIdentityKey":"BWUYsB4+82ap1sxZnN78zi8OWQcPJAa2rpgL2oeworEG"},"_chains":{"BeIhJfgrPzhti0ZxLvb/lGDQtWwCKrS860PE+tnv7EAb":{"chainKey":{"counter":63,"key":"X5NDW8e3BImJSUCcmku2ba3OknX4vx3cdSXoIxc9+ts="},"chainType":1,"messageKeys":{}}},"pendingPreKey":{"signedKeyId":0,"baseKey":"BWzGH7r6dOy1NmnkLk1B86dVzWkYAw8oQxqY8K+uSXp+","preKeyId":8053400}}},"version":"v1"}