{"_sessions":{"BcaMzr03ZHFzVYfLCSAGM+LGX2mBpiX+AE1Jw7+d5JBz":{"registrationId":254848134,"currentRatchet":{"ephemeralKeyPair":{"pubKey":"BWSCl/lxzkZM/sjzEYtl7C81jZ82N7riHlHusq7iA8Bu","privKey":"KKxpIaUqOIV2IlBtDZYKY+8xfRmz98P+PO7uDIw7TGQ="},"lastRemoteEphemeralKey":"Baq668JRCB8qmHqXOHYum8H4jeSjmBQsu3jjd/oRgTER","previousCounter":0,"rootKey":"2bw1FuMuG+rsX4ZlmM6hMkFsuB1S/ZWg2w+7ZWNTyf4="},"indexInfo":{"baseKey":"BcaMzr03ZHFzVYfLCSAGM+LGX2mBpiX+AE1Jw7+d5JBz","baseKeyType":1,"closed":-1,"used":1684220984358,"created":1684220984358,"remoteIdentityKey":"BT4f7dze2/vupPv4DnAwpDV+CHr61wLU1Ar5sL0KJwwc"},"_chains":{"BWSCl/lxzkZM/sjzEYtl7C81jZ82N7riHlHusq7iA8Bu":{"chainKey":{"counter":63,"key":"2LWPbUpBwJDqTSu6GluVtNsjsnNRd9rPt2xCPpk0D3g="},"chainType":1,"messageKeys":{}}},"pendingPreKey":{"signedKeyId":4,"baseKey":"BcaMzr03ZHFzVYfLCSAGM+LGX2mBpiX+AE1Jw7+d5JBz","preKeyId":6435170}}},"version":"v1"}