{"_sessions":{"BfNKt4NSu5cyQiV40IDpKLYyLNUyuWb7sIGLtQFQvP9H":{"registrationId":364387045,"currentRatchet":{"ephemeralKeyPair":{"pubKey":"BfuMGaVTTTA/fhCPuG3ekMRYKkEJLCApUqiaa8NBkHB9","privKey":"yNFSA+SxEI4mmne4qN48BidIfi2JRj+bU8ob2MtOMk4="},"lastRemoteEphemeralKey":"BQr/oJNY609EKoVcI7E7Y4SdBSvECR0coBrbupFw8O9C","previousCounter":0,"rootKey":"XiAQt78tmqs/pIUwsg5vjZlXStUWNRF6Kw/Hi9CqCps="},"indexInfo":{"baseKey":"BfNKt4NSu5cyQiV40IDpKLYyLNUyuWb7sIGLtQFQvP9H","baseKeyType":1,"closed":-1,"used":1684231561381,"created":1684220983852,"remoteIdentityKey":"BTxKiOvi4wd9WHgDeCwIQjw0cYmYxfGj66j0fWE2yYxg"},"_chains":{"BQr/oJNY609EKoVcI7E7Y4SdBSvECR0coBrbupFw8O9C":{"chainKey":{"counter":0,"key":"wDzSD/0ZWNLBuQ3JkSqk2NRifDRWeUNZMjU4GGSN/rI="},"chainType":2,"messageKeys":{}},"BfuMGaVTTTA/fhCPuG3ekMRYKkEJLCApUqiaa8NBkHB9":{"chainKey":{"counter":62,"key":"Ke4LDtVztOm59qjz0GCAxM309OdnBt5X1Z28/+tWmsM="},"chainType":1,"messageKeys":{}}}}},"version":"v1"}