{"_sessions":{"BZpHUe1y6aacHWzN4YhPHc8hg1igEpPLlS5EzPLdeUco":{"registrationId":1542638341,"currentRatchet":{"ephemeralKeyPair":{"pubKey":"BSz7G7VPBNhTZjGC8Hjy2dX3IIeYB4APeyzmpo/WL7h+","privKey":"kFkI5ON0xs1sVaQJRkZzAFfwMbBprUic8VYsSLWH3ng="},"lastRemoteEphemeralKey":"BaL5+7PL8fJ8Blw/QGH2UScTKRMBNlf9o2B1TifddItu","previousCounter":63,"rootKey":"PvzaJcr4KXv7zxOiONu0ZgitQuzIzppYrVeIVv6fObc="},"indexInfo":{"baseKey":"BZpHUe1y6aacHWzN4YhPHc8hg1igEpPLlS5EzPLdeUco","baseKeyType":1,"closed":-1,"used":1684245385366,"created":1684220984234,"remoteIdentityKey":"BZJuJPvo1gYYBD4uihTGmPhKFlPAfh+cH8+QeSSqCuAg"},"_chains":{"BaL5+7PL8fJ8Blw/QGH2UScTKRMBNlf9o2B1TifddItu":{"chainKey":{"counter":2,"key":"JJUqFBuP4q35fogJzd7qVfvGuS9xWQxj8soEZHtfv1w="},"chainType":2,"messageKeys":{}},"BSz7G7VPBNhTZjGC8Hjy2dX3IIeYB4APeyzmpo/WL7h+":{"chainKey":{"counter":-1,"key":"+ma8kl0h8VbqtR1vTy473bFUj1KNPdmrKGJXjtNCz48="},"chainType":1,"messageKeys":{}}}}},"version":"v1"}