{"_sessions":{"BbdKHGzmsoztVFrLee2XY1lU+zRtY8agE2PrCEuEbUMd":{"registrationId":448878563,"currentRatchet":{"ephemeralKeyPair":{"pubKey":"BYCeJpdM6OavaH81w+51HHXE9WAiao/ZqF9ox+uofScr","privKey":"KHzKbjE31q0cRekfGFrzSiRnBVZWnuNIoGUYLYhw+mw="},"lastRemoteEphemeralKey":"Bb3/E9bnJCe7BHL42Dk1EAfx7Sx2si8SIyMh2SGoDfVi","previousCounter":0,"rootKey":"kK8TdpWMXaVUzi9Sj5oCS2rgFXJnh+uPIsoRFX7KKB4="},"indexInfo":{"baseKey":"BbdKHGzmsoztVFrLee2XY1lU+zRtY8agE2PrCEuEbUMd","baseKeyType":1,"closed":-1,"used":1684220984393,"created":1684220984393,"remoteIdentityKey":"BVeuqCMwLnWV4QBPsI3Xxfj8eYVcrs9dUOsdFyrUBicu"},"_chains":{"BYCeJpdM6OavaH81w+51HHXE9WAiao/ZqF9ox+uofScr":{"chainKey":{"counter":63,"key":"IaT8V9TVigSMAVae+pZL6cm4cYs4yrHn5uS/lFdGu7k="},"chainType":1,"messageKeys":{}}},"pendingPreKey":{"signedKeyId":49,"baseKey":"BbdKHGzmsoztVFrLee2XY1lU+zRtY8agE2PrCEuEbUMd","preKeyId":12414589}}},"version":"v1"}