{"_sessions":{"Beir88kEK9eY/Q77kRN3ycOGLi0nnwtg5jQ/k1R7nusK":{"registrationId":1798771476,"currentRatchet":{"ephemeralKeyPair":{"pubKey":"BUV9inGvcPwIg69IQJ5r5dkHNH4iZSqibd+0aOYfCbQq","privKey":"oIJ4tRhPSvmxoqioLicV+oi9UUWGeCWJ9OEhFVPpLF0="},"lastRemoteEphemeralKey":"BbOY4XBYlIwUDSxUJJcrEz4s8efEmxh7DjMa9RfDhAVB","previousCounter":0,"rootKey":"ACd2wYiVhs8JiwWiRJbAYZ1wXZ1Qj++WPHA7AB4qoQ4="},"indexInfo":{"baseKey":"Beir88kEK9eY/Q77kRN3ycOGLi0nnwtg5jQ/k1R7nusK","baseKeyType":2,"closed":-1,"used":1684256645707,"created":1684219125477,"remoteIdentityKey":"BRU0nBguTRJSqeKB6A/o3iFiCEOcy8VfzdiA/Qsjp+ku"},"_chains":{"BTP62+9+/jHkALQXTV3wUQ02XgtA64d6BUWK5yuaW5Rc":{"chainKey":{"counter":0},"chainType":2,"messageKeys":{}},"BYolougRnvKRuTDPRSKVmeElj6WJmLeJNgAPcZxL8DMZ":{"chainKey":{"counter":0},"chainType":2,"messageKeys":{}},"BVHG86wyDUrJVv6L1/MKuITqjBn0Ze7A+Gls/gY9CVkN":{"chainKey":{"counter":0},"chainType":2,"messageKeys":{}},"BWQ11aoeevYBc26I/wBwmA/kI330OIHwDcsXXLEIFiY8":{"chainKey":{"counter":0},"chainType":2,"messageKeys":{}},"BQgugDltGC+WTFReez8ANrE9s+SBCZT+BYZSAOFXsFla":{"chainKey":{"counter":0},"chainType":2,"messageKeys":{}},"BQ//CR+z2tRnu1lmn5SYDQ5OWpicA7SNp+T7TvBr6/gi":{"chainKey":{"counter":0},"chainType":2,"messageKeys":{}},"Bf3uxNWb7qyj0d5osXdBbNLriWOnGc6hjfZj6sE/5qRc":{"chainKey":{"counter":0},"chainType":2,"messageKeys":{}},"Bd4NxS0S86TQuzA0D6yJTqcXNJ7HPItTrbjuMyyRMkh8":{"chainKey":{"counter":0},"chainType":2,"messageKeys":{}},"BTauqdr+GbMEVdcFMUaOGPrTsohhOe05crv2IAwARrBy":{"chainKey":{"counter":0},"chainType":2,"messageKeys":{}},"Bc+KxBAMemJV1ZhXW0pmHAykF2TZrF0uhETfKeJbmOQx":{"chainKey":{"counter":0},"chainType":2,"messageKeys":{}},"BUarH9OMCwlo1UfrGoJ1s6Sn3rpeRdcHSz8yzBAxjaEq":{"chainKey":{"counter":1},"chainType":2,"messageKeys":{"0":"ukzr9ThDLLDIVg23bfp1CAqaHlNzqJHe9DgtHZtEPrQ="}},"BdXpah1AbCobZUHWePnKn4nGes5vS30eQ1duzmXDslsp":{"chainKey":{"counter":1},"chainType":2,"messageKeys":{}},"BWLyYbIO+I1eZeD+YIBQA39a6tsZ+htwmPTfCqrpkWQ4":{"chainKey":{"counter":0},"chainType":2,"messageKeys":{}},"BU9I6Oj2xsQYGOQd8ON3Nm80h2zpxiXn4GuJhsrbPTUR":{"chainKey":{"counter":1},"chainType":2,"messageKeys":{"0":"md2A4N/srTSHFWSqMS8ziZ6UCvMKkj8aKidDaioDxkY="}},"BQallWtyw9Ylh0qW4bOUjXy3n6QKJc3vPHAmdx8jtSI9":{"chainKey":{"counter":0},"chainType":2,"messageKeys":{}},"BU9DDek4ZnxKOj/YwXYAUprNNFa7Ic6aTgYhWgz2NRgP":{"chainKey":{"counter":0},"chainType":2,"messageKeys":{}},"BTkTz5wNlBuxf526wjD3uwxzS7kUwQLgSbUHj5huuUtQ":{"chainKey":{"counter":0},"chainType":2,"messageKeys":{}},"BfVww5QDeTX7hOEXziXAlQYWF7zG0juTnLEjTcABUkBq":{"chainKey":{"counter":0},"chainType":2,"messageKeys":{}},"BaKhjBwiHH/hTg7Bx0RLY68XOBUP5LWt6NMOOaA3elc1":{"chainKey":{"counter":0},"chainType":2,"messageKeys":{}},"BXaQvdygkjesA7B7L8wdwIap6lYm05+KgCHqr4ocb+ph":{"chainKey":{"counter":0},"chainType":2,"messageKeys":{}},"BU9zuCNJT7eCqbAoitdDL2siyN14xgen22peiUwS+hMz":{"chainKey":{"counter":0},"chainType":2,"messageKeys":{}},"BT2W9gmgcYqctv7Vgousa1IgWoPxSRnj+2KqQnladEYh":{"chainKey":{"counter":0},"chainType":2,"messageKeys":{}},"Ba8iI6aM0Ie4ZAqSzXEGEe2U4VpwC1igKKUY3RnGIb0w":{"chainKey":{"counter":0},"chainType":2,"messageKeys":{}},"Bed7XBqWk6eZUug0J3UlAFjr9zK5K0CtH605laAG2kod":{"chainKey":{"counter":0},"chainType":2,"messageKeys":{}},"BYJLSWw01pGlsR/Jvgjw+in9/saiwLK4Ha/nBGExas8t":{"chainKey":{"counter":0},"chainType":2,"messageKeys":{}},"BViPiy75ZMTteNNjpdxCStMEGoIPqU809arPgFJU49cc":{"chainKey":{"counter":0},"chainType":2,"messageKeys":{}},"Bfo6gIUq/TYzOoZ0GNSNMXpDwS16oeGod7BYDSC/CHps":{"chainKey":{"counter":0},"chainType":2,"messageKeys":{}},"BXzRvvxW0Jb51JLqh8zsplb1BQOmUDn+ivOG37YsZeUU":{"chainKey":{"counter":1},"chainType":2,"messageKeys":{}},"BXaDxQH/ah2Hmzk+9BayR/trZc+OFg5aqxgm3gphuWsl":{"chainKey":{"counter":0},"chainType":2,"messageKeys":{}},"Bf3mSQ8oLJsSvndf4qP1lEhxaixr2SFoujkOvLcJZPMp":{"chainKey":{"counter":0},"chainType":2,"messageKeys":{}},"BYWbq+3L2GmuFSdNtn3l57Iyjp3/rNPkmC0C1XYj7ukz":{"chainKey":{"counter":0},"chainType":2,"messageKeys":{}},"BZH089HGKmQ4+GI1NgoONe5Do+gFyityI927KjcMPVph":{"chainKey":{"counter":0},"chainType":2,"messageKeys":{}},"BcRqg8CpoZi5D4ZsB/dmz/FaFxa7PGmMlsCt0HPbLdZV":{"chainKey":{"counter":0},"chainType":2,"messageKeys":{}},"BT/Uu8ThZJ96hBuiD6zef5bQtYMXFMEweL+cOkKr8/U9":{"chainKey":{"counter":0},"chainType":2,"messageKeys":{}},"BR+elDr0F5vUiLCbPi4hrqlCFePckDE6VcJ/guC2jtlW":{"chainKey":{"counter":0},"chainType":2,"messageKeys":{}},"BQFrFSSjdHjTrXaduB2K/US1CJXXNMAAaOsNQPXuSHIG":{"chainKey":{"counter":2},"chainType":2,"messageKeys":{}},"Bb418/wMF1n8wlsT5MWXIMqfOy1o+MY1FODaca9fdEZH":{"chainKey":{"counter":0},"chainType":2,"messageKeys":{}},"BbVW2UjyS7WtD02Y8OE9xUTpwft0h5CWYUBHywZhAM9q":{"chainKey":{"counter":0},"chainType":2,"messageKeys":{}},"BXHh2vIiCVj0h+RJQwAu6LrN1KX17NI83Op3SOgSk7h6":{"chainKey":{"counter":1},"chainType":2,"messageKeys":{}},"BR7kW6Ku61dVjOhrUwPWdyMEiHB43Esah46fSIf94XlR":{"chainKey":{"counter":0},"chainType":2,"messageKeys":{}},"BZgn652wFKjILX8dKzGloyLoJX0sMGMkkWKYgZCEUKpJ":{"chainKey":{"counter":0},"chainType":2,"messageKeys":{}},"BZq7GpimiZO17Bu994gtzpm9TrhJdQ94Ka/94W/7k8ks":{"chainKey":{"counter":0},"chainType":2,"messageKeys":{}},"BevctitDnEMOTT0iY9yg4SKlzdUNNZjma2HuOF0HV3Eu":{"chainKey":{"counter":0},"chainType":2,"messageKeys":{}},"Bbz3XZnN8+HVCdIej8/JWQIPZE8/hrdRv3x2FWy3G2Zp":{"chainKey":{"counter":0},"chainType":2,"messageKeys":{}},"BW9JeFZbQKJHVxjX3yjIu9i+mWtE85w0pRZ++6dmKw8w":{"chainKey":{"counter":0},"chainType":2,"messageKeys":{}},"BVATMdgOwlVT0vD9HIe5iLrYmUg/lJkSSwE1VwQKPAtZ":{"chainKey":{"counter":0},"chainType":2,"messageKeys":{}},"BQg7ZaLNG7UrEd9Wtccl1ag4fQA7oOAyu8/Anz5QM7wH":{"chainKey":{"counter":0},"chainType":2,"messageKeys":{}},"BSIB9UkQciebqoo9kMTMFSDonniik9ueX8VCXsC14o1J":{"chainKey":{"counter":0},"chainType":2,"messageKeys":{}},"BTqxa/sGzke3wGlm+cNGDIueU9apMXttsKqi2bJb4dNR":{"chainKey":{"counter":0},"chainType":2,"messageKeys":{}},"Bcw0+hAVuCIsXw9vJ+rNvGn4q0/iEmsZIUrXoAezTlt7":{"chainKey":{"counter":1},"chainType":2,"messageKeys":{}},"BaMeLPTDm/+iQ/rtIw5gl31NPANDhgfZy0BXqKLE7p9D":{"chainKey":{"counter":0},"chainType":2,"messageKeys":{}},"BdQ4qyUdRvLcqi3yioJxUCp8HbXgeLCGO4QL4l52/Bdr":{"chainKey":{"counter":0},"chainType":2,"messageKeys":{}},"BfK11JxR/H0QvYrSTEWY+OWB8p0he9YeEWaZ+/wsHLgR":{"chainKey":{"counter":0},"chainType":2,"messageKeys":{}},"BcQ01ApDVz5QxUH6nfvwD5QzksuLf66243NYj1Z3a6xH":{"chainKey":{"counter":0},"chainType":2,"messageKeys":{}},"BQhsRic7V6SLLAM9GwaeoYW1J5LM6ZSiwvIk2pO4+iYW":{"chainKey":{"counter":2},"chainType":2,"messageKeys":{}},"BXzn9/Ky96S/3ySVUHyyfx9nnaxPUBhtUEDp2U14KN0k":{"chainKey":{"counter":1},"chainType":2,"messageKeys":{}},"BYUA/Fz/JwZZDkKWDGUBbDBEhNZaaQJnARNT7IM0dzYy":{"chainKey":{"counter":0},"chainType":2,"messageKeys":{}},"BVry3twqDqym17rxFe5I2rURFFop47XK/b9j63A4zEMM":{"chainKey":{"counter":0},"chainType":2,"messageKeys":{}},"Bd0LYFAwDV4rSrwNhDWn+h0xzAUoRO5u2H0JPh3MvoRZ":{"chainKey":{"counter":0},"chainType":2,"messageKeys":{}},"BasVGT0w673mWNVLiSEPowKFo5wwCWZ07SvPHcpHsuI8":{"chainKey":{"counter":0},"chainType":2,"messageKeys":{}},"BZEuXIJrQbCwSEARSKtbvdj/HjF22PFW+NNG/m5vdkgY":{"chainKey":{"counter":0},"chainType":2,"messageKeys":{}},"BbgP/r4ZXFNkTT1IRSyKIoJ85SBW0DB7Yat/aS6pA5l5":{"chainKey":{"counter":0},"chainType":2,"messageKeys":{}},"BVqmMVrPIqvLqOhQuJBqoCvV/r3YX3856kbhWndrL40y":{"chainKey":{"counter":0},"chainType":2,"messageKeys":{}},"BSUqdKhamZoaNabUm7uUlCcWXGu/auFy09Qec8PKQxRe":{"chainKey":{"counter":0},"chainType":2,"messageKeys":{}},"BbOY4XBYlIwUDSxUJJcrEz4s8efEmxh7DjMa9RfDhAVB":{"chainKey":{"counter":0,"key":"S492dsSS7p0kfcYZN0IPRCVRGPUCB6dvjyw7W+XrPWY="},"chainType":2,"messageKeys":{}},"BUV9inGvcPwIg69IQJ5r5dkHNH4iZSqibd+0aOYfCbQq":{"chainKey":{"counter":0,"key":"DRxWM1Unj+Y5zJuk4jcFgEAW99tDiNVPp8h/B5eJMp4="},"chainType":1,"messageKeys":{}}}}},"version":"v1"}