{"_sessions":{"BUcR54sLAenzSA7r9cpx201cGWMtCGT+mL5uLLil9g9a":{"registrationId":539676600,"currentRatchet":{"ephemeralKeyPair":{"pubKey":"BXIgM362UfCa8r4JyZpFIU0r1mLT7RTRsuhEmHknoWpW","privKey":"oB0AiICGNKLoZBWaIUE/BcneEJNLXwL3uuLQvEN+nGs="},"lastRemoteEphemeralKey":"BS3tYsnm/QL0+lD3hU+G5Q2sCCNlkSc7ZW9OUidWoQYY","previousCounter":0,"rootKey":"BtdcYfTXDJaKnhqErCu2gMBg/UWfnTnc+c6oCqx08fw="},"indexInfo":{"baseKey":"BUcR54sLAenzSA7r9cpx201cGWMtCGT+mL5uLLil9g9a","baseKeyType":1,"closed":-1,"used":1684220983960,"created":1684220983960,"remoteIdentityKey":"BcjaXEmbOMNq/vDdr/3iJEaNXOls48+RMzZ7CALMrV40"},"_chains":{"BXIgM362UfCa8r4JyZpFIU0r1mLT7RTRsuhEmHknoWpW":{"chainKey":{"counter":63,"key":"N8WsYtHE3KCf5VwxshDGheaPR/2nn4SGWWu96ghy79Y="},"chainType":1,"messageKeys":{}}},"pendingPreKey":{"signedKeyId":1,"baseKey":"BUcR54sLAenzSA7r9cpx201cGWMtCGT+mL5uLLil9g9a","preKeyId":11235858}}},"version":"v1"}