{"_sessions":{"BanKE4L1SVcUWycO8heUpPRCOHi25B3A6nAJY/XgVa1h":{"registrationId":518434557,"currentRatchet":{"ephemeralKeyPair":{"pubKey":"BTMEE10NDlC1e3KGwfBsxBBbQj3DxtzCTePZB1EftQt5","privKey":"kN3afgMYTk1IRaSlJfATVtl73UqTS6HmN5KESZQuoHY="},"lastRemoteEphemeralKey":"Bc+njLTPkPCPY1sx8zfWIzl594Deo7JnGj2Bx316akYp","previousCounter":0,"rootKey":"2hHEM9ZlsxRF5p1zyNKda1rZ9vhRlUtlc3glGn/wYOU="},"indexInfo":{"baseKey":"BanKE4L1SVcUWycO8heUpPRCOHi25B3A6nAJY/XgVa1h","baseKeyType":1,"closed":-1,"used":1684220984239,"created":1684220984239,"remoteIdentityKey":"BcRXtM6gN7WwBfy6Neb0IiORUmRjlfNh1mM7zhxE2MMl"},"_chains":{"BTMEE10NDlC1e3KGwfBsxBBbQj3DxtzCTePZB1EftQt5":{"chainKey":{"counter":63,"key":"tDRr7+5DVV+rXIuAYGr/Zhg9LQX1fme3jXWroScNwzU="},"chainType":1,"messageKeys":{}}},"pendingPreKey":{"signedKeyId":10,"baseKey":"BanKE4L1SVcUWycO8heUpPRCOHi25B3A6nAJY/XgVa1h","preKeyId":13815907}}},"version":"v1"}