{"_sessions":{"BX0LZlK6BwAPYGPqmWSk5/nE5BKTS8zj1LJCFSB8ou1q":{"registrationId":510893686,"currentRatchet":{"ephemeralKeyPair":{"pubKey":"BT0vy7maYC1sii3NE1yT0iudpYjSqxlIRms0+5FM3c9h","privKey":"MGgkHiDzmto68jpkB02SjOKj9yCWZW/veuHbPtTFxlc="},"lastRemoteEphemeralKey":"BRnq4GknLrpeOPqCTJ3IcrBuPMFz/QnENMAw/hi+de5x","previousCounter":63,"rootKey":"lfMvFqQi/KtaIAuxmaxlqMhIaF9I2qE/0XUIyeuhmiQ="},"indexInfo":{"baseKey":"BX0LZlK6BwAPYGPqmWSk5/nE5BKTS8zj1LJCFSB8ou1q","baseKeyType":1,"closed":-1,"used":1684252634343,"created":1684220984174,"remoteIdentityKey":"Bf4axiGE/h8dmCgjhfahHt9UzTpIIxR6Ip8GOum8uOht"},"_chains":{"BRnq4GknLrpeOPqCTJ3IcrBuPMFz/QnENMAw/hi+de5x":{"chainKey":{"counter":0,"key":"PLlTWsiYOFKQZfOPcr+Gb5mmovcyD+Jl9IfOkkC5cP0="},"chainType":2,"messageKeys":{}},"BT0vy7maYC1sii3NE1yT0iudpYjSqxlIRms0+5FM3c9h":{"chainKey":{"counter":-1,"key":"eC8UUa61RjF1QMG6P7Z13OfrRA50F6TOrLnazmtWKXw="},"chainType":1,"messageKeys":{}}}}},"version":"v1"}