{"_sessions":{"BYI9mg79xu/LNpqYWWZRpeOAhiz/+1QbDAkXHLUQIchd":{"registrationId":77964808,"currentRatchet":{"ephemeralKeyPair":{"pubKey":"BQ6bAFRZMEYBcczGplw7FD/XKjV62P3Ah3j/K0vY8YsL","privKey":"eHDymqOoM7Yv530HViqDPA8hjuN7osHGjnhq85W2Bk0="},"lastRemoteEphemeralKey":"BX5a1qI8/tph92oltLBzvaowpr5tw5yuIG1fkkil72Y7","previousCounter":0,"rootKey":"oJWtURst5Ggjo4qv45haKhFbbY883lfDq+Ifl6f0y/U="},"indexInfo":{"baseKey":"BYI9mg79xu/LNpqYWWZRpeOAhiz/+1QbDAkXHLUQIchd","baseKeyType":1,"closed":-1,"used":1684220983971,"created":1684220983971,"remoteIdentityKey":"BVS1sQs5BYrc9tzzkVFcVCt3H/NKUiZjb2LbT3NWjmFF"},"_chains":{"BQ6bAFRZMEYBcczGplw7FD/XKjV62P3Ah3j/K0vY8YsL":{"chainKey":{"counter":63,"key":"IFvFmyKlH/a8lLwFQSe0UJlU+VkdFWmZ9LzC6masTHU="},"chainType":1,"messageKeys":{}}},"pendingPreKey":{"signedKeyId":2,"baseKey":"BYI9mg79xu/LNpqYWWZRpeOAhiz/+1QbDAkXHLUQIchd","preKeyId":3813567}}},"version":"v1"}