{"_sessions":{"BdVmWk3WkXYKLsaJR+1OBDJ1EwYe6F6DzgEBx1YA+vdO":{"registrationId":611000321,"currentRatchet":{"ephemeralKeyPair":{"pubKey":"BTL68/kQM83vyTn38rOQlT3Rp57DRA17tBlbUaTSwnEe","privKey":"iImpcZyLaXirG6rjGeGKSiGWzu8tTAf9ubjWnEjTNWY="},"lastRemoteEphemeralKey":"BaLrb0FzHmSr/Uv4VAP6aS8avYMw8XCY+78W+Ie1ni9W","previousCounter":0,"rootKey":"h009FQRCD2glZlc/Otqdoude5V7Q5V99/MsQ+lMSWHw="},"indexInfo":{"baseKey":"BdVmWk3WkXYKLsaJR+1OBDJ1EwYe6F6DzgEBx1YA+vdO","baseKeyType":1,"closed":-1,"used":1684220984363,"created":1684220984363,"remoteIdentityKey":"BUPqBip1pScHPWYVeGSoEBWDXCQXvhfyAj9+1r8MqgZK"},"_chains":{"BTL68/kQM83vyTn38rOQlT3Rp57DRA17tBlbUaTSwnEe":{"chainKey":{"counter":63,"key":"uPAno4AA/m/TSUxGXuXIZ6myA+ffh81KyZjf6SfEPgM="},"chainType":1,"messageKeys":{}}},"pendingPreKey":{"signedKeyId":1,"baseKey":"BdVmWk3WkXYKLsaJR+1OBDJ1EwYe6F6DzgEBx1YA+vdO","preKeyId":12639819}}},"version":"v1"}