{"_sessions":{"BYHa73zMuiecD877zQ6MtDxeLIxwWpStwLhB7QZT+DRM":{"registrationId":76302171,"currentRatchet":{"ephemeralKeyPair":{"pubKey":"BUkyUst2Lc/jJgMM8KfjE6JSqbZwLhQIIwDt/j+z/hsQ","privKey":"UPJ7sbHWjm1VZ7N9dcOfDm3bEmangMvwBMcJXP7GoXM="},"lastRemoteEphemeralKey":"BUA9eeeA1QxlJzneamjSuF69jM+npTZgFPWcbxkwZUZt","previousCounter":0,"rootKey":"wyRNzUX19fuGj6o6zpRqCy9xTEWUxDD+Hf4QBDrg+Xc="},"indexInfo":{"baseKey":"BYHa73zMuiecD877zQ6MtDxeLIxwWpStwLhB7QZT+DRM","baseKeyType":1,"closed":-1,"used":1684220984229,"created":1684220984229,"remoteIdentityKey":"BfGJJyNfbZOHnTNdjgo4nM//IZZM/9RqVy4XmQ3D9f0h"},"_chains":{"BUkyUst2Lc/jJgMM8KfjE6JSqbZwLhQIIwDt/j+z/hsQ":{"chainKey":{"counter":63,"key":"60AKkt+dkaj7d6b8W94Lmph6hn99xl9H82xH8u7bJDU="},"chainType":1,"messageKeys":{}}},"pendingPreKey":{"signedKeyId":4,"baseKey":"BYHa73zMuiecD877zQ6MtDxeLIxwWpStwLhB7QZT+DRM","preKeyId":5374433}}},"version":"v1"}