{"_sessions":{"BSwIcN/JIAgz0tfhokx44P2oSxDIuFsGXuuwrE70NJpP":{"registrationId":165924663,"currentRatchet":{"ephemeralKeyPair":{"pubKey":"BT3cjvOIWZc3xfDdTlY0XG+nmPRtdqoISdpeoEdCFnAW","privKey":"GKy9ROB4BAICiVT79jJBsp+LQ2BlGRDFvXL2Qvnbpn8="},"lastRemoteEphemeralKey":"BSTY7KdhrHSdMG/7DyRX7gxknGNTUuzFnT6nCIkLNrZ1","previousCounter":0,"rootKey":"kmDRvxxJsVGmgRYWLweS5S9mS8xQVhGktjMWBYCMQjQ="},"indexInfo":{"baseKey":"BSwIcN/JIAgz0tfhokx44P2oSxDIuFsGXuuwrE70NJpP","baseKeyType":1,"closed":-1,"used":1684220984185,"created":1684220984185,"remoteIdentityKey":"BfKHwtp+jwkj0r1rMZP1gx0zy2HT1GQpXVqdFbNxM55l"},"_chains":{"BT3cjvOIWZc3xfDdTlY0XG+nmPRtdqoISdpeoEdCFnAW":{"chainKey":{"counter":63,"key":"h+HOXhqGtQRPUOZfhPryGONjnRS/BQnkLterzJ8BuhY="},"chainType":1,"messageKeys":{}}},"pendingPreKey":{"signedKeyId":0,"baseKey":"BSwIcN/JIAgz0tfhokx44P2oSxDIuFsGXuuwrE70NJpP","preKeyId":15863285}}},"version":"v1"}