{"_sessions":{"BY5Ifi8HElnASJJaxJ7FW27Tmi9S/K4xWQQgOGcXtkkq":{"registrationId":1252237952,"currentRatchet":{"ephemeralKeyPair":{"pubKey":"BYtwe6c3o5k4+qTzaOQI6eQI5Ab117rLtuirHFanhKEa","privKey":"wJSn2lTKjoIjtlnc6u/7xF2vo9bxfC94M/onc+hOE1E="},"lastRemoteEphemeralKey":"BbGjELjweaaS/KHGsvrItFETn+SE18jVWwRTbBo8Ho13","previousCounter":63,"rootKey":"QKzFIkSPSr3I5x8n/wzB3fvUs5tNAOUchmMY2EO+tW0="},"indexInfo":{"baseKey":"BY5Ifi8HElnASJJaxJ7FW27Tmi9S/K4xWQQgOGcXtkkq","baseKeyType":1,"closed":-1,"used":1684256513733,"created":1684220983976,"remoteIdentityKey":"BRZkYP8U/W4tS4pC3TmssBTp63h7+PG79+9bN0Pi+z9w"},"_chains":{"BbGjELjweaaS/KHGsvrItFETn+SE18jVWwRTbBo8Ho13":{"chainKey":{"counter":0,"key":"H67zsG2D8UBqKWOK38CMw4DFP3rL+03l10VpzvN3KEs="},"chainType":2,"messageKeys":{}},"BYtwe6c3o5k4+qTzaOQI6eQI5Ab117rLtuirHFanhKEa":{"chainKey":{"counter":-1,"key":"Xo796TKA2vzyFFgN+6H0EqnATFQSDOzTv9BNbeV1xwU="},"chainType":1,"messageKeys":{}}}}},"version":"v1"}