{"_sessions":{"BWyTYV+oq8DCQCEaS5ZNqLYKDMpyRlChPiFNlsPKofRK":{"registrationId":2591,"currentRatchet":{"ephemeralKeyPair":{"pubKey":"BceAfhvve78vX9pD8lyhSSoFTVe8eTcq91x3KUNAbI9W","privKey":"mGL47TfyUnDkpOXF5ZoBbt9nVxpfd53ZyNqbRIqAI1M="},"lastRemoteEphemeralKey":"BamgjW4J21m1UALzXHbgct3I0E388FWO1pcXzJ0VtLQX","previousCounter":0,"rootKey":"fvixr9hv3/UwJxu3sF5RSxEKzWA+HANFrxOBeWi7RVw="},"indexInfo":{"baseKey":"BWyTYV+oq8DCQCEaS5ZNqLYKDMpyRlChPiFNlsPKofRK","baseKeyType":1,"closed":-1,"used":1684220983790,"created":1684220983790,"remoteIdentityKey":"BZ9ovA25cyevjdfinCEdmnIx6tbqpapduFzUKd42WEod"},"_chains":{"BceAfhvve78vX9pD8lyhSSoFTVe8eTcq91x3KUNAbI9W":{"chainKey":{"counter":63,"key":"Fj2gaDOc2RnpqKRjHPq6kNJ04I2fw+F+87+tW2E8grA="},"chainType":1,"messageKeys":{}}},"pendingPreKey":{"signedKeyId":1,"baseKey":"BWyTYV+oq8DCQCEaS5ZNqLYKDMpyRlChPiFNlsPKofRK"}}},"version":"v1"}