{"_sessions":{"BZdB1JhZ6KzcRdp/ivadxsRrsCyWPGQ9VH3FhQ1VUwVX":{"registrationId":882109475,"currentRatchet":{"ephemeralKeyPair":{"pubKey":"Be3xRtIF0Gs+ki1Q82harGfAnqwJEW2lSfcCZkcwmx5y","privKey":"uPD6sb13C6oXdlH1DuwyteKF1OU2SEr67XB68o3WjHA="},"lastRemoteEphemeralKey":"BT6dbg9eDooAjjgy1jQTmyXUzU2mt5e/STK4sx9YAUVX","previousCounter":0,"rootKey":"ID7p20klkdlzFTset+VAPghgo+GYhBIeztXiiIlRrYg="},"indexInfo":{"baseKey":"BZdB1JhZ6KzcRdp/ivadxsRrsCyWPGQ9VH3FhQ1VUwVX","baseKeyType":1,"closed":-1,"used":1684220983911,"created":1684220983911,"remoteIdentityKey":"BaOOotzGucefOofNoX9tqyTgF3kbccdiruCrFw8m8mA9"},"_chains":{"Be3xRtIF0Gs+ki1Q82harGfAnqwJEW2lSfcCZkcwmx5y":{"chainKey":{"counter":63,"key":"/Dq1mh/fHz7koUnavTyPM7QvcUppAbwbecQZqmJI2uI="},"chainType":1,"messageKeys":{}}},"pendingPreKey":{"signedKeyId":0,"baseKey":"BZdB1JhZ6KzcRdp/ivadxsRrsCyWPGQ9VH3FhQ1VUwVX","preKeyId":14996446}}},"version":"v1"}