{"_sessions":{"BewKhWCHGPJnEQlmdJOEBUETOub9spLXTtfO+gzsq/Vi":{"registrationId":217102981,"currentRatchet":{"ephemeralKeyPair":{"pubKey":"BYJKI+B09SjGR/rGU9lKn7XZf9ktKRouKNbOENskvK8O","privKey":"WOO1jcSmb3yMOv8ZwR9s0ZNWWOvWUDg0zLQaTGK5ElA="},"lastRemoteEphemeralKey":"BaLXXzqBJR/Hkv1YMNGekwcuzPsyCqUE7WqhU4yXefgR","previousCounter":0,"rootKey":"WtskmRS7Vbe6kMs91870hcpl3uvH0exvZR5nbJvOTjk="},"indexInfo":{"baseKey":"BewKhWCHGPJnEQlmdJOEBUETOub9spLXTtfO+gzsq/Vi","baseKeyType":1,"closed":-1,"used":1684238719864,"created":1684220984048,"remoteIdentityKey":"BWAmv6BKO0rurqxGn6NsMKIM3iD0ppMSw3aDLXuO8vEe"},"_chains":{"BaLXXzqBJR/Hkv1YMNGekwcuzPsyCqUE7WqhU4yXefgR":{"chainKey":{"counter":1,"key":"lMWSWIhtDezb2DoroWf5NuL5HLO4ojSFqECtfnEyGeU="},"chainType":2,"messageKeys":{}},"BYJKI+B09SjGR/rGU9lKn7XZf9ktKRouKNbOENskvK8O":{"chainKey":{"counter":62,"key":"0q/Sl/Ua1G9olLshhGOWesl8OKYvcuccc6ZCb102b/c="},"chainType":1,"messageKeys":{}}}}},"version":"v1"}