{"_sessions":{"BVZ0DQXELz87m2/r5bZ7GNN8Mmb5KZL0KhdN2sZQ5oRD":{"registrationId":789257755,"currentRatchet":{"ephemeralKeyPair":{"pubKey":"BSLS+z13MaPuO7JuAjQctGeSlqJw801nBlFFGeWIAN97","privKey":"OM8K3RwaEVn1Uwihhf4UHjM014tptC5dEkF2v/GpoUQ="},"lastRemoteEphemeralKey":"BUoNHT8M4NUDruVvjSA7PJXcqmw6h2Zks/IHib9MoDAH","previousCounter":0,"rootKey":"UCx2Az0AbP7nYr5LpaLut5t8Yf5tNJS/KSUIITY4VIU="},"indexInfo":{"baseKey":"BVZ0DQXELz87m2/r5bZ7GNN8Mmb5KZL0KhdN2sZQ5oRD","baseKeyType":1,"closed":-1,"used":1684220984266,"created":1684220984266,"remoteIdentityKey":"BQbUpYzZcb6BL5L1LJ2W6zpTVTCZyCXP5za6fvcRKBtw"},"_chains":{"BSLS+z13MaPuO7JuAjQctGeSlqJw801nBlFFGeWIAN97":{"chainKey":{"counter":63,"key":"3wrkvpRdjwqeQk8TN6Dk01P1m4Tz0MaQnOYou8i/t1A="},"chainType":1,"messageKeys":{}}},"pendingPreKey":{"signedKeyId":2,"baseKey":"BVZ0DQXELz87m2/r5bZ7GNN8Mmb5KZL0KhdN2sZQ5oRD","preKeyId":1362320}}},"version":"v1"}