{"_sessions":{"BXVQt0NG/GvTV0YMFSGrNZg/w9q/QVCEdH4bz26yZ9R9":{"registrationId":1784217596,"currentRatchet":{"ephemeralKeyPair":{"pubKey":"BYb9AJoutuT46rB4AqlKxJbM0eaDVqMSg0tSx5R8lL9Y","privKey":"aKUuIbuC430UwgKF7FU118plNgrhKzCKDsnksooCGkw="},"lastRemoteEphemeralKey":"Bfll+4PpDAHFZvwKM/inMeturWNux37Dn15uCo3F5dgo","previousCounter":0,"rootKey":"p+x7pfN/THghqUfgtfUHPPCXMWq4f4hVBzhy+Pc4P0o="},"indexInfo":{"baseKey":"BXVQt0NG/GvTV0YMFSGrNZg/w9q/QVCEdH4bz26yZ9R9","baseKeyType":1,"closed":-1,"used":1684238795666,"created":1684220984101,"remoteIdentityKey":"BXUNr9XRcmEnubzPvD15Jp9/6LzmmJHtAbsf2A+FA3dT"},"_chains":{"Bfll+4PpDAHFZvwKM/inMeturWNux37Dn15uCo3F5dgo":{"chainKey":{"counter":1,"key":"QEVC77j/jmCMRCTTCBfC751WW5ACeB0CajhlADqdpw4="},"chainType":2,"messageKeys":{}},"BYb9AJoutuT46rB4AqlKxJbM0eaDVqMSg0tSx5R8lL9Y":{"chainKey":{"counter":62,"key":"P5yofZC+7YWMJzUZApVt7jngLEVpD75jsVEr9L9JEmY="},"chainType":1,"messageKeys":{}}}}},"version":"v1"}