{"_sessions":{"BXcM6J1cmGELAq0ZIvWWInKWxalFfaxHbUn+4eGqU/lF":{"registrationId":960339566,"currentRatchet":{"ephemeralKeyPair":{"pubKey":"BcCM/mrhz/aMfqupve85wxpmJOjCRv/HdAxf0xUwH5Q8","privKey":"gGLWFy/1bzDwFr1FCb1yNiI6EcgR6UC1ahLKd9NCkUg="},"lastRemoteEphemeralKey":"BbXH6V+QNZrDibO5jyiN8l6G3npR0RpBDMz7s0wPXXpB","previousCounter":0,"rootKey":"w/ol83Ws1jx40D8xRBQ+y4yxYZiiGAFm2oTz+XfKmRA="},"indexInfo":{"baseKey":"BXcM6J1cmGELAq0ZIvWWInKWxalFfaxHbUn+4eGqU/lF","baseKeyType":1,"closed":-1,"used":1684220983837,"created":1684220983837,"remoteIdentityKey":"Be1b9VQND66Dp/Mx8F2OkXpROEo4mKUJwspJHtx8FU5a"},"_chains":{"BcCM/mrhz/aMfqupve85wxpmJOjCRv/HdAxf0xUwH5Q8":{"chainKey":{"counter":63,"key":"5jGVsTQiXWazlq5YFq9xbfvOEijRXVfoXU9ZiNWnhVc="},"chainType":1,"messageKeys":{}}},"pendingPreKey":{"signedKeyId":23,"baseKey":"BXcM6J1cmGELAq0ZIvWWInKWxalFfaxHbUn+4eGqU/lF","preKeyId":1110737}}},"version":"v1"}