{"_sessions":{"BVSpH+gD26PFRZjFxw8VzmCL0QLd9MQ0RDSDZGLwwu5f":{"registrationId":1656876561,"currentRatchet":{"ephemeralKeyPair":{"pubKey":"BYflH/mP6GA7xMtKZX83ciNIdWwPWJaQERuytMM5l+UE","privKey":"aJE/VgFGuidlG/qV0zVn0sBKpL/cr8tipV5R2o07omQ="},"lastRemoteEphemeralKey":"BaWK+vr5nDi/TZG3Rk+IiykbG0M/UzS0HjlvLeDP82oM","previousCounter":0,"rootKey":"Oump3hBSyEzyBA08aGUJIT/qBVFc0Ld/ZnsK1l5e8u4="},"indexInfo":{"baseKey":"BVSpH+gD26PFRZjFxw8VzmCL0QLd9MQ0RDSDZGLwwu5f","baseKeyType":1,"closed":-1,"used":1684220983886,"created":1684220983886,"remoteIdentityKey":"BVXDqgOwA095v2mi+qlHi1BJLhNESNVirFx0TP3ByZNF"},"_chains":{"BYflH/mP6GA7xMtKZX83ciNIdWwPWJaQERuytMM5l+UE":{"chainKey":{"counter":63,"key":"NjJ6xrBgpxwEGDNxL/YGQtMMrMQQH+Fy5Y75MWG3Kis="},"chainType":1,"messageKeys":{}}},"pendingPreKey":{"signedKeyId":4,"baseKey":"BVSpH+gD26PFRZjFxw8VzmCL0QLd9MQ0RDSDZGLwwu5f","preKeyId":15498095}}},"version":"v1"}