{"_sessions":{"BTU5s3Ff2XXkwD3TwCIvtzClLGDTBEci+/RTNpFp13gb":{"registrationId":1715324339,"currentRatchet":{"ephemeralKeyPair":{"pubKey":"BXyYAMtigaeFPT7DAxvDSkxTpKMxvBISyeXF6waf6PtO","privKey":"SGRpJcpITBKXB24v6TLI80LcT1J7KNW995llDALd23w="},"lastRemoteEphemeralKey":"BUr/e7IJJIG2fqB5BW4o+xpAw0dKWLuFXvJ4oYDZfqY3","previousCounter":0,"rootKey":"Bwmrerhzcx0cx87ACbyRoSy2rKdX3/mJ0iIepQXwSUY="},"indexInfo":{"baseKey":"BTU5s3Ff2XXkwD3TwCIvtzClLGDTBEci+/RTNpFp13gb","baseKeyType":1,"closed":-1,"used":1684220984403,"created":1684220984403,"remoteIdentityKey":"BafnYMFQ4OnjvjKmx/DgcMH3MMGliZjKJN5Mj/HYLSR5"},"_chains":{"BXyYAMtigaeFPT7DAxvDSkxTpKMxvBISyeXF6waf6PtO":{"chainKey":{"counter":63,"key":"5lZ4dIume089/rSxYpDG3eOsyG64RQJMKTWhCUMeRik="},"chainType":1,"messageKeys":{}}},"pendingPreKey":{"signedKeyId":7,"baseKey":"BTU5s3Ff2XXkwD3TwCIvtzClLGDTBEci+/RTNpFp13gb","preKeyId":7833374}}},"version":"v1"}