{"_sessions":{"BQ6gsRWtXWnYY/0jK5jkRWGZlhWpwAe9YtlMFBmXyew+":{"registrationId":1900092667,"currentRatchet":{"ephemeralKeyPair":{"pubKey":"BYiO5mhPZ0iXEfbTi7o9+X4MsjuGbdXzzsTXjtQfhjYt","privKey":"UHuZf0bE1DAGNsxnCC2FIy12/wKWcy/jEiz7OkbAw2c="},"lastRemoteEphemeralKey":"BeYEVJoTGi0EmwOGwZHEGSsV7PX4U+kCs1VRKa1VyEMK","previousCounter":0,"rootKey":"sh3WD3JR8pRiNXDfoo4B/Gwh0WixO9maoBseYfmdzgk="},"indexInfo":{"baseKey":"BQ6gsRWtXWnYY/0jK5jkRWGZlhWpwAe9YtlMFBmXyew+","baseKeyType":1,"closed":-1,"used":1684220984002,"created":1684220984002,"remoteIdentityKey":"Bbd7mpUcDHC4lddlJu+FEJoJEgHtGMPqHygYemNsl7AT"},"_chains":{"BYiO5mhPZ0iXEfbTi7o9+X4MsjuGbdXzzsTXjtQfhjYt":{"chainKey":{"counter":63,"key":"F8jaTVvJYtNglwaLgSCd1btAyp4BEpe4Yu/iSibKkE4="},"chainType":1,"messageKeys":{}}},"pendingPreKey":{"signedKeyId":2,"baseKey":"BQ6gsRWtXWnYY/0jK5jkRWGZlhWpwAe9YtlMFBmXyew+","preKeyId":16134597}}},"version":"v1"}