{"_sessions":{"BX1mLkUdM9G76naymTwLxT7woHSkFjDwyQWZDntWWBhi":{"registrationId":1023227207,"currentRatchet":{"ephemeralKeyPair":{"pubKey":"BbbW6YRAN/Pt8uN3l1wXGVjM5i9s6g7prbiP4FCpI7p+","privKey":"mOYnA/pWAGBFz8yXFnVL9EjrBPqMNA6bYF8ffmzKmXo="},"lastRemoteEphemeralKey":"Bc29ff4c1cNO/7PG34TKpf9q1zv3M86ZZqHyf/FdHc8K","previousCounter":0,"rootKey":"mL8+KR3aie2V3pSLC0HtEJubwW5hoYOPYD0aNJeP1b8="},"indexInfo":{"baseKey":"BX1mLkUdM9G76naymTwLxT7woHSkFjDwyQWZDntWWBhi","baseKeyType":1,"closed":-1,"used":1684220984125,"created":1684220984125,"remoteIdentityKey":"BSlFpIvHABfB9IHOTSG2IhtREnhi2mx3E14bM2RBwQAJ"},"_chains":{"BbbW6YRAN/Pt8uN3l1wXGVjM5i9s6g7prbiP4FCpI7p+":{"chainKey":{"counter":63,"key":"Zpi+lxFGQ0x1zm9RNIBXIi53GcBYXxIohDKHAz4f650="},"chainType":1,"messageKeys":{}}},"pendingPreKey":{"signedKeyId":5,"baseKey":"BX1mLkUdM9G76naymTwLxT7woHSkFjDwyQWZDntWWBhi","preKeyId":2111534}}},"version":"v1"}