{"_sessions":{"BWSq6fduAbMrfuM3Dy5LfBJvV3i4eimZLQI8zl1QQGR7":{"registrationId":1118912509,"currentRatchet":{"ephemeralKeyPair":{"pubKey":"Bfp3/DUB0bIkPMLODw5aUhYbfnTOEbXkIs/IXpb5FbAA","privKey":"cP5YPIp8gahVVvdTrAH3NU1sI8mwy2QCnQPqxLPk8kM="},"lastRemoteEphemeralKey":"BZx75ugmGEln0JUKAn/YhUzBcVr5ooT7ObCxlusl89I+","previousCounter":0,"rootKey":"B9jy2Old90cA2noiTYraqHFxiVDeJvc+JmBY3x/aGyg="},"indexInfo":{"baseKey":"BWSq6fduAbMrfuM3Dy5LfBJvV3i4eimZLQI8zl1QQGR7","baseKeyType":1,"closed":-1,"used":1684220983893,"created":1684220983893,"remoteIdentityKey":"BfX0HII7BtAaBYJayjWiYeeIrvlQ0yGsXufu/XnKRkJt"},"_chains":{"Bfp3/DUB0bIkPMLODw5aUhYbfnTOEbXkIs/IXpb5FbAA":{"chainKey":{"counter":63,"key":"WCEaI7UcHDp7/d4LnStWXTKKxE3niuk2HdUT7hIs6W8="},"chainType":1,"messageKeys":{}}},"pendingPreKey":{"signedKeyId":1475,"baseKey":"BWSq6fduAbMrfuM3Dy5LfBJvV3i4eimZLQI8zl1QQGR7","preKeyId":3248692}}},"version":"v1"}