{"_sessions":{"BRU6UsF4qOAfuO6z0hjHe3LTS8sfLHz7b4w9jBmiVK8H":{"registrationId":1694780053,"currentRatchet":{"ephemeralKeyPair":{"pubKey":"BXbCWA+X0rxqGbU20phfaRGadaiGPhbd+VYEhXwKLqxZ","privKey":"cPMnfpMxqYRJXO1G6m0RCM7ixa5UwxaK1MrNag6NY00="},"lastRemoteEphemeralKey":"BTk4xcNYrNx9xCAMlyvmCmixWG/eynpZzopxmca5O5Ai","previousCounter":0,"rootKey":"hoqbzvelPN7v1n8TeFqhpVe+ky7P9yvYXW5QigQHrEE="},"indexInfo":{"baseKey":"BRU6UsF4qOAfuO6z0hjHe3LTS8sfLHz7b4w9jBmiVK8H","baseKeyType":1,"closed":-1,"used":1684220984033,"created":1684220984033,"remoteIdentityKey":"BdcYe0IWTjXjcawcKdFdnung5uWoqCUq6Pgr3uMqJsUg"},"_chains":{"BXbCWA+X0rxqGbU20phfaRGadaiGPhbd+VYEhXwKLqxZ":{"chainKey":{"counter":63,"key":"Fmc/ismSGiRYNR567J3d6tbq6nI6P2tJpLEar36SEo4="},"chainType":1,"messageKeys":{}}},"pendingPreKey":{"signedKeyId":8,"baseKey":"BRU6UsF4qOAfuO6z0hjHe3LTS8sfLHz7b4w9jBmiVK8H","preKeyId":9648515}}},"version":"v1"}