{"_sessions":{"BZrIld3JJELGpVLi3AO6QXvxpVpJ6Kls85jB+QmNx381":{"registrationId":1286083529,"currentRatchet":{"ephemeralKeyPair":{"pubKey":"BQxCZ78pNN0QEvIAecVnuDnsKWMvj2dE8R9r3BVvPPdh","privKey":"cACVRMy0JiTkOwGa8EYaUQ1I05oLmIVFV6ARIPcI/2c="},"lastRemoteEphemeralKey":"BXBozQMk5PcbcN8pNK6OejpV4zg9iV45Y6lSiHCBUPJK","previousCounter":0,"rootKey":"y5IO/T7oKkIUCrihEYOzmXW3eTZG4SkUZ9QOirrk+u0="},"indexInfo":{"baseKey":"BZrIld3JJELGpVLi3AO6QXvxpVpJ6Kls85jB+QmNx381","baseKeyType":1,"closed":-1,"used":1684220983944,"created":1684220983944,"remoteIdentityKey":"BRmrr33jgVaU4O6GJHeytZ16LCLgDfkNMG6mnPRGcSt5"},"_chains":{"BQxCZ78pNN0QEvIAecVnuDnsKWMvj2dE8R9r3BVvPPdh":{"chainKey":{"counter":63,"key":"eRDSn836VAz9fm1CmtY7T52gDNze9XILHa8lJdDxqqU="},"chainType":1,"messageKeys":{}}},"pendingPreKey":{"signedKeyId":1,"baseKey":"BZrIld3JJELGpVLi3AO6QXvxpVpJ6Kls85jB+QmNx381","preKeyId":5117965}}},"version":"v1"}