{"_sessions":{"BTRT5sjr6ju/zcl7jOmSFeQALM3vGqEt4cjyKqxNKFc1":{"registrationId":51269888,"currentRatchet":{"ephemeralKeyPair":{"pubKey":"BURLTK4L0fMJShN8nkGh4mUzTZc1Ve6JtMv+YKF6fY52","privKey":"qOgOPd/q76S1lJU7E4F+TdrG3sHPR5PEa0g0oOWpU0Y="},"lastRemoteEphemeralKey":"Bdcni7uLvgBSoXnXiyA/iQ9JBnha06KdD4B2EfxaybVF","previousCounter":0,"rootKey":"WOI8zWYMQYQlEdJZb1f+IhEbNFATS3n+GKq/Y8RvZ8o="},"indexInfo":{"baseKey":"BTRT5sjr6ju/zcl7jOmSFeQALM3vGqEt4cjyKqxNKFc1","baseKeyType":1,"closed":-1,"used":1684220983826,"created":1684220983826,"remoteIdentityKey":"BZxjeJyE05WjyOYjWsq7+a06wtD+PS/wMsegFEj0WMFi"},"_chains":{"BURLTK4L0fMJShN8nkGh4mUzTZc1Ve6JtMv+YKF6fY52":{"chainKey":{"counter":63,"key":"pEJmV90ESilH1kWx0Gah84cBEb4IoZWFAazipDJXcqk="},"chainType":1,"messageKeys":{}}},"pendingPreKey":{"signedKeyId":0,"baseKey":"BTRT5sjr6ju/zcl7jOmSFeQALM3vGqEt4cjyKqxNKFc1","preKeyId":6162218}}},"version":"v1"}