{"_sessions":{"BUwE/9e2mijenK7q5sGR7UYPGivZfL73b7dydd0+xH9f":{"registrationId":2145428337,"currentRatchet":{"ephemeralKeyPair":{"pubKey":"BT1vAKyMy+j30DS4BTXaSlaEkZR+IeqY8otUv8r4/j1d","privKey":"4DyQ2fwJUo629tEsK5AKPZck41TyMVIV248ysmg+L0Y="},"lastRemoteEphemeralKey":"BfEqRBjpzuFoEHX7+JRHYDUMX86WouleXmLLYInGlcl2","previousCounter":0,"rootKey":"8cimor8K/Tbatv9IjMxLiqGbIxG/bFO/m8/jg2+3TzI="},"indexInfo":{"baseKey":"BUwE/9e2mijenK7q5sGR7UYPGivZfL73b7dydd0+xH9f","baseKeyType":1,"closed":-1,"used":1684220984219,"created":1684220984219,"remoteIdentityKey":"BZVzy9gJZkB5kmbx/w6fyTI5fwIrBrQumFSwh8H5eLFX"},"_chains":{"BT1vAKyMy+j30DS4BTXaSlaEkZR+IeqY8otUv8r4/j1d":{"chainKey":{"counter":63,"key":"T+OWy8VWewzjEs6dJN5bt62O09+Q7aZgvNVtbkWkrAA="},"chainType":1,"messageKeys":{}}},"pendingPreKey":{"signedKeyId":21,"baseKey":"BUwE/9e2mijenK7q5sGR7UYPGivZfL73b7dydd0+xH9f","preKeyId":16178626}}},"version":"v1"}