{"_sessions":{"BfAXoXcXcwe4OV0wjMosJHTS72FAWLLr4/U5GazNt+5I":{"registrationId":1434231832,"currentRatchet":{"ephemeralKeyPair":{"pubKey":"BZ+XeeayEsDuieCG9wFsXIdaaFzjm+dkhVO5alTV8Q9x","privKey":"OC2xDYhA0FB9MjC4DXmrIpLqdei0Eq4kZsiM29LURlo="},"lastRemoteEphemeralKey":"BVK36K2+RdDbi9KJzob/OYYQ2OdBvXo435GdRq9q5GEo","previousCounter":63,"rootKey":"VdedU1MHRLzo+omPGA9TwvIhn9OeNRI0snsT4S0OnzE="},"indexInfo":{"baseKey":"BfAXoXcXcwe4OV0wjMosJHTS72FAWLLr4/U5GazNt+5I","baseKeyType":1,"closed":-1,"used":1684245943003,"created":1684220983922,"remoteIdentityKey":"BUKxSjV24/c3VUWdNJetlAPhqxy9SwZrgXGW6oLblnMs"},"_chains":{"BVK36K2+RdDbi9KJzob/OYYQ2OdBvXo435GdRq9q5GEo":{"chainKey":{"counter":0,"key":"SMllkdJzwdrhjWWuw0x1SIG+zZrk4bzNnhWsGCvvM/E="},"chainType":2,"messageKeys":{}},"BZ+XeeayEsDuieCG9wFsXIdaaFzjm+dkhVO5alTV8Q9x":{"chainKey":{"counter":-1,"key":"rL2UWvgqZDtZLeTAr70qQfL9RV/Pz7L2WJzkjFnRPgw="},"chainType":1,"messageKeys":{}}}}},"version":"v1"}