{"_sessions":{"BdjI6sWMzKB5jrc08jur4s3v/f65Bq+Ub3EBD3mbp9gq":{"registrationId":723024892,"currentRatchet":{"ephemeralKeyPair":{"pubKey":"BQIev3QSRj99SHO/aeAD2352LVfVDH02ibKsD3+gTsh4","privKey":"kKu833A56owGbfASLwsQNoNFDFIYVBf2OiAYV4lhbWo="},"lastRemoteEphemeralKey":"BYDuRTMIdhhEyYSxONelGtMu+idoOsn8L0kNeDuFyJYj","previousCounter":0,"rootKey":"VBdCoti+t0kB0OG2rBFOu3eoxHWdx54YHOaKKOiSmkE="},"indexInfo":{"baseKey":"BdjI6sWMzKB5jrc08jur4s3v/f65Bq+Ub3EBD3mbp9gq","baseKeyType":1,"closed":-1,"used":1684220984012,"created":1684220984012,"remoteIdentityKey":"Bec3jKdB89MPuljibqQH+VV2QQrseHFVPobRXmm+mt1+"},"_chains":{"BQIev3QSRj99SHO/aeAD2352LVfVDH02ibKsD3+gTsh4":{"chainKey":{"counter":63,"key":"+kvFvrkLCycRwzJiDgeJIbX4d/qd31WgUBrgcl6/HrQ="},"chainType":1,"messageKeys":{}}},"pendingPreKey":{"signedKeyId":28,"baseKey":"BdjI6sWMzKB5jrc08jur4s3v/f65Bq+Ub3EBD3mbp9gq","preKeyId":10537532}}},"version":"v1"}