{"_sessions":{"BbTPDOcnFvz0Kw7UH3Tzwa5c03Kquhk7RUvP1oq3JC8G":{"registrationId":553697858,"currentRatchet":{"ephemeralKeyPair":{"pubKey":"BZGywfD98/ZfVuOyiCgu/6EMTjOMAS1Zv03eVMB5ZGlw","privKey":"aHOryEJpCpXoqz+ibIgghLsd3QqLF2nB7SXnH/uNO38="},"lastRemoteEphemeralKey":"BQOGGop+K0shCAev/Qgr+vBqK/SzmdO/sesFR/1BxqlK","previousCounter":0,"rootKey":"87SDYZCowWj2QfbPkrOuE21zAv/Cin6NSWlZnH3WnTE="},"indexInfo":{"baseKey":"BbTPDOcnFvz0Kw7UH3Tzwa5c03Kquhk7RUvP1oq3JC8G","baseKeyType":1,"closed":-1,"used":1684245649082,"created":1684245649082,"remoteIdentityKey":"BRW0JOd0MU93Ro6vyVM3JfjbUUjxy3nOGDrflL4TfrBP"},"_chains":{"BZGywfD98/ZfVuOyiCgu/6EMTjOMAS1Zv03eVMB5ZGlw":{"chainKey":{"counter":0,"key":"ObnPVplOPdTjf5Jsp04aj3iuBlAGMzfAtPRaykqR5tI="},"chainType":1,"messageKeys":{}}},"pendingPreKey":{"signedKeyId":1,"baseKey":"BbTPDOcnFvz0Kw7UH3Tzwa5c03Kquhk7RUvP1oq3JC8G","preKeyId":10890710}}},"version":"v1"}