{"_sessions":{"BVM5nacjP4faDG/pGG+uWCXTTgjztOrYEYO8FnoaGBIp":{"registrationId":6365375,"currentRatchet":{"ephemeralKeyPair":{"pubKey":"BXBLowqYqq6zU6B6tLkb61kh8PW+ST5x8E5L9QO4jHUl","privKey":"aI988rWpfhOUxhVZn2nZbrLPEFLpfJbT2lHEQS83C0M="},"lastRemoteEphemeralKey":"BUfK1BF5/AoYZSNdazCfj88i01K+S+YtPiu8uPcZ/ilY","previousCounter":0,"rootKey":"t/wWMdaHpDXVa/Wd4jxz99lal3yeav8bJcaiWIOooFE="},"indexInfo":{"baseKey":"BVM5nacjP4faDG/pGG+uWCXTTgjztOrYEYO8FnoaGBIp","baseKeyType":1,"closed":-1,"used":1684237380663,"created":1684234314675,"remoteIdentityKey":"BY2LUiariA8aCC5ycerDy9FPGiJl98MfMh/or/qwKnFW"},"_chains":{"BUfK1BF5/AoYZSNdazCfj88i01K+S+YtPiu8uPcZ/ilY":{"chainKey":{"counter":1,"key":"fbMyc6wouhPeB8GB2eOVUeT9kGF/W6eAFChFwViXNTw="},"chainType":2,"messageKeys":{}},"BXBLowqYqq6zU6B6tLkb61kh8PW+ST5x8E5L9QO4jHUl":{"chainKey":{"counter":62,"key":"s7l7T686O49TyAO4pZwbh81iSPq6LDGHby5vLFQ4Ky8="},"chainType":1,"messageKeys":{}}}}},"version":"v1"}