{"_sessions":{"BV7HdTwpliWxUGxBLUIXh26LVI1nMolXTj52I0vX82F5":{"registrationId":365080586,"currentRatchet":{"ephemeralKeyPair":{"pubKey":"BXovpZ2qECEafnz6giqhe2qkYWTiW9jhGrxGdoPXgmJ6","privKey":"+FNHgwM7q5XJDFjaB+EleJcZjyNU//GPXbRuhdoh4Xc="},"lastRemoteEphemeralKey":"BSN0OE28rmeJGs7VbulWhyT9uZUZnmi+UNwkD5ntgRJG","previousCounter":0,"rootKey":"zonfTzqtiuKLc4IJoAL+xbrEwI1bt0FDXwXOe3Kxc0w="},"indexInfo":{"baseKey":"BV7HdTwpliWxUGxBLUIXh26LVI1nMolXTj52I0vX82F5","baseKeyType":1,"closed":-1,"used":1684220983820,"created":1684220983820,"remoteIdentityKey":"BQDWvfQEGAg69uMo+okDj4ZnpEU2brwuDlN6ls/K1VRU"},"_chains":{"BXovpZ2qECEafnz6giqhe2qkYWTiW9jhGrxGdoPXgmJ6":{"chainKey":{"counter":63,"key":"XMNh5X6gjJQgaEnocYZxoEFj03WVBjwwrvnGVcPdieo="},"chainType":1,"messageKeys":{}}},"pendingPreKey":{"signedKeyId":10,"baseKey":"BV7HdTwpliWxUGxBLUIXh26LVI1nMolXTj52I0vX82F5","preKeyId":3890048}}},"version":"v1"}