{"_sessions":{"Bf24fYt+p8wEazkW3Try1WYO9emVTDi0zkuqNAvmgjdc":{"registrationId":1075301183,"currentRatchet":{"ephemeralKeyPair":{"pubKey":"BWeVodmLkSV1qhNk2tMd1choXRbZfX1uT8mpj9vGf80/","privKey":"ON3f26tvVBzrXdZ/SleeXK/LTsZIkOYICOm0nuyCiWY="},"lastRemoteEphemeralKey":"BTI3iZRyFuWfKSOp6Oljhg1eFyh449B0vQN5klzhClgL","previousCounter":0,"rootKey":"UoRTj42/XAcWTLePRd8LlXV8g7ogufBgJBEWr2gFNPw="},"indexInfo":{"baseKey":"Bf24fYt+p8wEazkW3Try1WYO9emVTDi0zkuqNAvmgjdc","baseKeyType":2,"closed":-1,"used":1684242108344,"created":1684220253525,"remoteIdentityKey":"BRiHtBqd2PBuZaVShRhQtT+IG/bVvIi9TMFwh2FPc01X"},"_chains":{"BfJT9n69kVEl139SISvopmsyJTcCR23suvBnlhyDxBBQ":{"chainKey":{"counter":0},"chainType":2,"messageKeys":{}},"BTI3iZRyFuWfKSOp6Oljhg1eFyh449B0vQN5klzhClgL":{"chainKey":{"counter":0,"key":"iVJDZxliMkjJNH/5RPtLpjA+2q8cURWd706YB9zp4pc="},"chainType":2,"messageKeys":{}},"BWeVodmLkSV1qhNk2tMd1choXRbZfX1uT8mpj9vGf80/":{"chainKey":{"counter":62,"key":"C4Bl2cpvp+kKylveGBg3jv4yh4rOkRUzrg7/6DtMJJY="},"chainType":1,"messageKeys":{}}}}},"version":"v1"}