{"_sessions":{"BWcGHNBu53uIvWr1iAFc/5mJd0cHNmDTk4nhGqpARcBa":{"registrationId":1342374453,"currentRatchet":{"ephemeralKeyPair":{"pubKey":"BRMDNgoC1sOs0eMl3sft4Qcp3rkw8tk61vKA8y59MS4d","privKey":"2MZL8FNddXLO8aPTKyNCWvAPyAILi+pp0F84CAHbxUc="},"lastRemoteEphemeralKey":"BeWqNyhHGPXvVUyuPRXFjSd7vp5HLasb+0qhQMkStMw8","previousCounter":0,"rootKey":"cr7x35HvXW8cakD+tyNU30pZ6Nrt6eJz3JARhYyou7M="},"indexInfo":{"baseKey":"BWcGHNBu53uIvWr1iAFc/5mJd0cHNmDTk4nhGqpARcBa","baseKeyType":1,"closed":-1,"used":1684220984368,"created":1684220984368,"remoteIdentityKey":"BdNjhtrylA9OxoEB40buV54wyXcqMGpA19/J8v6V4LkF"},"_chains":{"BRMDNgoC1sOs0eMl3sft4Qcp3rkw8tk61vKA8y59MS4d":{"chainKey":{"counter":63,"key":"hXV3+wR7SdCatL9F8oeEpndzdkpv7Mqx/Dl4IKic5jg="},"chainType":1,"messageKeys":{}}},"pendingPreKey":{"signedKeyId":5,"baseKey":"BWcGHNBu53uIvWr1iAFc/5mJd0cHNmDTk4nhGqpARcBa","preKeyId":13531167}}},"version":"v1"}