{"_sessions":{"BYjERWtDd17PJwk+hmqsYV8ePtYs9DqE41w4fCZxyNNz":{"registrationId":1106978217,"currentRatchet":{"ephemeralKeyPair":{"pubKey":"BaFGLkWIyD0+veN+3ooPAnYI2SpeDuo2RQmikNBe+003","privKey":"eO8enO0TAOzN68FeQXMp78p/3FKE6wJ7vADSOYTl0m0="},"lastRemoteEphemeralKey":"BcmWsBTGkpK2bbu3GiKTdMGcqjRYvz6vGZdWOegBx+YA","previousCounter":0,"rootKey":"kj+6ANJSwr5WmEvCnD79c++lAe7cFB74IJu8ZpYP3qI="},"indexInfo":{"baseKey":"BYjERWtDd17PJwk+hmqsYV8ePtYs9DqE41w4fCZxyNNz","baseKeyType":1,"closed":-1,"used":1684220983996,"created":1684220983996,"remoteIdentityKey":"Bem7xuEQ/3unZu6XCsbZXapmldvmc2sTOm2pFXd5XydT"},"_chains":{"BaFGLkWIyD0+veN+3ooPAnYI2SpeDuo2RQmikNBe+003":{"chainKey":{"counter":63,"key":"BlYK1C+OT1jtitTZlKyJur0/lLfk0ElM6ksU6+kGyDw="},"chainType":1,"messageKeys":{}}},"pendingPreKey":{"signedKeyId":1,"baseKey":"BYjERWtDd17PJwk+hmqsYV8ePtYs9DqE41w4fCZxyNNz","preKeyId":16519287}}},"version":"v1"}