{"_sessions":{"BTbzfJuRJ4FWD6CGKkik6a71/xROoPMFNcnWgziwTxAG":{"registrationId":1519388348,"currentRatchet":{"ephemeralKeyPair":{"pubKey":"BTsU3OzG/ivG2bzqXiIdCjZeDJwsRzVN6cGkem1fO5Jh","privKey":"iMuMnYzuZAdKS1YqPgAmWUQHXJ/UyYqr5G55GW0yNW8="},"lastRemoteEphemeralKey":"BbmJi4YmK8ScTMIn5FzDPwXDE/PDsMlaa1f11qPs3+cU","previousCounter":63,"rootKey":"CkkwVh9q7pe2KvSzqLLtRnqwAO5vtppXNmb28hit7pM="},"indexInfo":{"baseKey":"BTbzfJuRJ4FWD6CGKkik6a71/xROoPMFNcnWgziwTxAG","baseKeyType":1,"closed":-1,"used":1684243997508,"created":1684220984131,"remoteIdentityKey":"BQ/W08fn5d+VahDuekAQUoQHtah8tVzpiXLtQGsrWjoC"},"_chains":{"BbmJi4YmK8ScTMIn5FzDPwXDE/PDsMlaa1f11qPs3+cU":{"chainKey":{"counter":0,"key":"jT5d64BnIEJ6StkYiTu51hIuKErvqVnoCANN0dFfMnM="},"chainType":2,"messageKeys":{}},"BTsU3OzG/ivG2bzqXiIdCjZeDJwsRzVN6cGkem1fO5Jh":{"chainKey":{"counter":-1,"key":"k6zL4GEm4PGODAqq15KaROTlxA4uQsWQifu/VQGkuaM="},"chainType":1,"messageKeys":{}}}}},"version":"v1"}