{"_sessions":{"BWxG+TNl/ZZgy5isWp1wbBuPuTgQBtZG8GH4qlZ4t00s":{"registrationId":1421832148,"currentRatchet":{"ephemeralKeyPair":{"pubKey":"BdK2n2nVGEFmLny5C9fR4o/F39rnqgij/OHXfYhNsvtT","privKey":"OLRe1ffV8WP4Bnrx7W+XRuFxRKLwBJ1ZSWjTdQ2950s="},"lastRemoteEphemeralKey":"BV7z0pxRxEfmtKGCDQ63iai9P6Zn84N5+eSgT7VHGpcp","previousCounter":0,"rootKey":"GmfVMpDomPV658eZye8Tzwnj05aMcEIJT6K1vYdJIGs="},"indexInfo":{"baseKey":"BWxG+TNl/ZZgy5isWp1wbBuPuTgQBtZG8GH4qlZ4t00s","baseKeyType":1,"closed":-1,"used":1684220984208,"created":1684220984208,"remoteIdentityKey":"Bcq8KLmyegs5oqlBWHxz6F8WrRs5bN01GETxNr4CoC4r"},"_chains":{"BdK2n2nVGEFmLny5C9fR4o/F39rnqgij/OHXfYhNsvtT":{"chainKey":{"counter":63,"key":"dH/4dp6oMzX1TYHgOb6gMgEOHJh4D7WrquZRBjeq+eE="},"chainType":1,"messageKeys":{}}},"pendingPreKey":{"signedKeyId":23,"baseKey":"BWxG+TNl/ZZgy5isWp1wbBuPuTgQBtZG8GH4qlZ4t00s","preKeyId":7818617}}},"version":"v1"}