{"_sessions":{"BeHN3WlDq4XTMBliysLu9hryJrjr4U4KUy8eZiwqpGNi":{"registrationId":1790532355,"currentRatchet":{"ephemeralKeyPair":{"pubKey":"BfBLXRn8WZDqehq/TGGyO/3eyjj9D8Ot6iEQt+wMCD5B","privKey":"yF8p9o2u13tyyC6IDQ0Wt/PJlEYOXMtdnilEnpVxpE4="},"lastRemoteEphemeralKey":"BUk+fwsCnvCUBEVUQl0mh8GzvkDyl1jB3V5NfpA66EII","previousCounter":0,"rootKey":"DndjzqHZnsWC+uZ8JjaXYWntMyC/mEN9gnETxsNk0mA="},"indexInfo":{"baseKey":"BeHN3WlDq4XTMBliysLu9hryJrjr4U4KUy8eZiwqpGNi","baseKeyType":1,"closed":-1,"used":1684220984063,"created":1684220984063,"remoteIdentityKey":"BSUGHi5JMk2tp/CW5sF0gCOVx9Ww/qQLzx1fsy7i675G"},"_chains":{"BfBLXRn8WZDqehq/TGGyO/3eyjj9D8Ot6iEQt+wMCD5B":{"chainKey":{"counter":63,"key":"dRbpccGQalGBKHBvu9fqHtMvSvuCHoXkUGRArhjL7Ug="},"chainType":1,"messageKeys":{}}},"pendingPreKey":{"signedKeyId":5,"baseKey":"BeHN3WlDq4XTMBliysLu9hryJrjr4U4KUy8eZiwqpGNi","preKeyId":12000882}}},"version":"v1"}