{"_sessions":{"BdoZfkKicaHq0YtdeHRLIJaHM6B6XuUwRotZnNRQvQ4U":{"registrationId":185182365,"currentRatchet":{"ephemeralKeyPair":{"pubKey":"Bf6NVPEuwVXEqz984nzNTtmRsVkgOure2XiK9ATY41s4","privKey":"4BRZeemBlz5NIaEHCZ2o6gJAaCBch712ntf0eO6E2Fg="},"lastRemoteEphemeralKey":"BVXYd+eFm38c5GzdOSTpOHaAJp2aNxTLcbuG4y3l92ZY","previousCounter":0,"rootKey":"RWzHOcFtnXbwYQSHYUlrTXM3JOBM2YRVpaPNccV1gyc="},"indexInfo":{"baseKey":"BdoZfkKicaHq0YtdeHRLIJaHM6B6XuUwRotZnNRQvQ4U","baseKeyType":1,"closed":-1,"used":1684220984023,"created":1684220984023,"remoteIdentityKey":"BaZbd6V2hB0GDjyeQ3mYrYyKxKc1MCy9pVK89UkMOK0j"},"_chains":{"Bf6NVPEuwVXEqz984nzNTtmRsVkgOure2XiK9ATY41s4":{"chainKey":{"counter":63,"key":"Ec28C7p5afW0/mik0I6OzF8q+MAKJ4xSgl6GWbTw16c="},"chainType":1,"messageKeys":{}}},"pendingPreKey":{"signedKeyId":0,"baseKey":"BdoZfkKicaHq0YtdeHRLIJaHM6B6XuUwRotZnNRQvQ4U","preKeyId":12070981}}},"version":"v1"}