{"_sessions":{"Bcq2rmil3FZAaZSuplxbG9uAMt7X6nEB+nmz+ZyMFQF/":{"registrationId":1977678144,"currentRatchet":{"ephemeralKeyPair":{"pubKey":"BUBUhHJ2zNzeg419DfF0ndUEfQOq3+oMrQtNccuyYe8a","privKey":"EAttXc+hy+tEaxWx/60n4p7AdQOMdvTiWboH2YQMrlA="},"lastRemoteEphemeralKey":"BR+jyjudxjJJpYqnd7fdMXBJbJxnqRllw9Z+iMYO+Jdd","previousCounter":0,"rootKey":"5bLJYJJcZU/KRJR6h6VlxNIRzEV67tHFb608uTJOfgQ="},"indexInfo":{"baseKey":"Bcq2rmil3FZAaZSuplxbG9uAMt7X6nEB+nmz+ZyMFQF/","baseKeyType":1,"closed":-1,"used":1684220984137,"created":1684220984137,"remoteIdentityKey":"BW/M60gmYpjbbcZEp0Mxpd5BAtAekMFXZ0ildQMlU59u"},"_chains":{"BUBUhHJ2zNzeg419DfF0ndUEfQOq3+oMrQtNccuyYe8a":{"chainKey":{"counter":63,"key":"HZODcIZMiAbK8YdrNIBiuOIF1x5vsLudZd9b8RyYZdc="},"chainType":1,"messageKeys":{}}},"pendingPreKey":{"signedKeyId":14,"baseKey":"Bcq2rmil3FZAaZSuplxbG9uAMt7X6nEB+nmz+ZyMFQF/","preKeyId":6589794}}},"version":"v1"}