{"_sessions":{"BcHdRQS9sBhn2MlFR1a5ZkL3FxlQwBsQlyhRzkOtxIw5":{"registrationId":227390485,"currentRatchet":{"ephemeralKeyPair":{"pubKey":"BX/zwbB1npq9vAnABSxWuIQgwW+ctWtJGqDjrMdPhv9l","privKey":"+NLTl0jbzHd352qMjEzchIEhB9T+RXdS6vMggfF9tUQ="},"lastRemoteEphemeralKey":"BaGyXcgJBVN5niQb3VZKDUntrt+L6tMDBrm1pzxrnR4+","previousCounter":0,"rootKey":"KbMHE5poT7AJRkjiZqNbfKWN9q7ib4uOrk9ekYvLIVE="},"indexInfo":{"baseKey":"BcHdRQS9sBhn2MlFR1a5ZkL3FxlQwBsQlyhRzkOtxIw5","baseKeyType":1,"closed":-1,"used":1684220984073,"created":1684220984073,"remoteIdentityKey":"BdJXy1GzG0yAflM3Kk8WpZS1hXsI0tBSm9f/JuoX6Lx4"},"_chains":{"BX/zwbB1npq9vAnABSxWuIQgwW+ctWtJGqDjrMdPhv9l":{"chainKey":{"counter":63,"key":"uBbwAyKhXkC+7RBG3ok0yeI+aM0uWBIf4KX99cS351g="},"chainType":1,"messageKeys":{}}},"pendingPreKey":{"signedKeyId":15,"baseKey":"BcHdRQS9sBhn2MlFR1a5ZkL3FxlQwBsQlyhRzkOtxIw5","preKeyId":1448955}}},"version":"v1"}