{"_sessions":{"BUKGeBQqfQ0rBJOUw8x92E08DRBYuZkK588EkiF1t8hU":{"registrationId":1495822026,"currentRatchet":{"ephemeralKeyPair":{"pubKey":"BfR1qkqNbfSpQdRYm6Yd0oJMBJCa5/RoSpkDIrmde/cK","privKey":"IKcI02m+au3t1b2Hnaj6m7NMaw0JzFmIhdVsDQgxgVk="},"lastRemoteEphemeralKey":"BUEiY7qZr7Fa5/RFgQmNJ2PVMyoZSAtA8SRLrLhPBYBV","previousCounter":0,"rootKey":"5B3+wjivAppzOg9rhHnTSGjvfJimCZp2csOMjGGYqZU="},"indexInfo":{"baseKey":"BUKGeBQqfQ0rBJOUw8x92E08DRBYuZkK588EkiF1t8hU","baseKeyType":1,"closed":-1,"used":1684220984317,"created":1684220984317,"remoteIdentityKey":"BS1lY8giOIn7T/nqQquH6cRwqMk2RmkR5L4KiDknqzFt"},"_chains":{"BfR1qkqNbfSpQdRYm6Yd0oJMBJCa5/RoSpkDIrmde/cK":{"chainKey":{"counter":63,"key":"Misj4DgbNqSf/A8TmICuK8jooT46iizZS1VHrvdKoq0="},"chainType":1,"messageKeys":{}}},"pendingPreKey":{"signedKeyId":4,"baseKey":"BUKGeBQqfQ0rBJOUw8x92E08DRBYuZkK588EkiF1t8hU","preKeyId":4166899}}},"version":"v1"}