{"_sessions":{"BfG3rtYCvFmAyOlQS2OlF5fhTWtO5T0om9+COVqxYYIz":{"registrationId":42842960,"currentRatchet":{"ephemeralKeyPair":{"pubKey":"BS4WeJtoSEgM9H/KwBLcTHSKpFlGhmU7LeYnR6eFMb92","privKey":"QGyPf6agjxwGQJbZ84EkAPajSYw4PhW8eZF1I3paRlg="},"lastRemoteEphemeralKey":"BURy7xvdlonzSJI5YvB0pBrg1UHgSq3d+yzlSqBVrTR8","previousCounter":0,"rootKey":"bWiyMPZKiRiqRTkSRoBx5OzFs34tteLrmdJfM/s8oKA="},"indexInfo":{"baseKey":"BfG3rtYCvFmAyOlQS2OlF5fhTWtO5T0om9+COVqxYYIz","baseKeyType":1,"closed":-1,"used":1684225639310,"created":1684224512284,"remoteIdentityKey":"Bfe0Ivl3WOIMDFL31OA0m+MBYSMJPdQ5wvgci5Ztz1c8"},"_chains":{"BURy7xvdlonzSJI5YvB0pBrg1UHgSq3d+yzlSqBVrTR8":{"chainKey":{"counter":0,"key":"uZWlpVdEwN3DX6lPBmOxkZ1nr9aERWnO/gtHqMAB5bE="},"chainType":2,"messageKeys":{}},"BS4WeJtoSEgM9H/KwBLcTHSKpFlGhmU7LeYnR6eFMb92":{"chainKey":{"counter":-1,"key":"7OsEBk5tl7lAZT0mYMl3VyvsUKoK2B+80oLmZ1TMIOk="},"chainType":1,"messageKeys":{}}}}},"version":"v1"}