{"_sessions":{"BXlsMucKBP9dWVJPjFk4DPUSioyukD6/Q//JnSEueVpn":{"registrationId":1997690443,"currentRatchet":{"ephemeralKeyPair":{"pubKey":"Bd8cHgSnqIdeEk/0chXGtvR4Davh0d3kbr9NYLpJ+TBv","privKey":"KP5Cx8JTTSRHTehCcG3rztjPNdrd843PX3LSLGxtGlU="},"lastRemoteEphemeralKey":"BWUWNJmKDnD4XDN4Qf2yNmVmVGYJcyYV/6kx2g11cKZ3","previousCounter":0,"rootKey":"wMKbphxr0RutFosYRBhaTBUULvye8vZFoImweeb564I="},"indexInfo":{"baseKey":"BXlsMucKBP9dWVJPjFk4DPUSioyukD6/Q//JnSEueVpn","baseKeyType":1,"closed":-1,"used":1684220984017,"created":1684220984017,"remoteIdentityKey":"BRNQCd/qvNwh7nyvabmQ9CBUINDFZWTpzFUA4gf1+jcg"},"_chains":{"Bd8cHgSnqIdeEk/0chXGtvR4Davh0d3kbr9NYLpJ+TBv":{"chainKey":{"counter":63,"key":"VjAB5XI0VMG6ZdqjbWPlm9W5qRexFnoLzQfVuzQ2JSI="},"chainType":1,"messageKeys":{}}},"pendingPreKey":{"signedKeyId":2,"baseKey":"BXlsMucKBP9dWVJPjFk4DPUSioyukD6/Q//JnSEueVpn","preKeyId":4382073}}},"version":"v1"}