{"_sessions":{"BdU18puor1TdFlEWjeROJ0bZLVgylSlBc2RDAdB3ropc":{"registrationId":757735439,"currentRatchet":{"ephemeralKeyPair":{"pubKey":"BdNmYeTzM0zQP0cZo3rHaQ04GcyPmD36WiyodFPrhOZD","privKey":"oCBqbYmKvRR79UH9LagyZza/43WI2vBAFxjqY4SfS1M="},"lastRemoteEphemeralKey":"Be1jNRDGIV9/XBsiSrMppvOP5OcHGDyrae+4UUrmBohX","previousCounter":0,"rootKey":"alzlYaEiI1a7iQxvNwuPGbWijcB8WgwgMKy9F59qkUY="},"indexInfo":{"baseKey":"BdU18puor1TdFlEWjeROJ0bZLVgylSlBc2RDAdB3ropc","baseKeyType":1,"closed":-1,"used":1684220983858,"created":1684220983858,"remoteIdentityKey":"BXdMMlmkGVH1sinKip4eVVylfhSFo2k5BgEKUQZTjkZA"},"_chains":{"BdNmYeTzM0zQP0cZo3rHaQ04GcyPmD36WiyodFPrhOZD":{"chainKey":{"counter":63,"key":"GjCs7xuj/DY8huKquqEYtYeNIxKYsCbZdpx1FElLvnQ="},"chainType":1,"messageKeys":{}}},"pendingPreKey":{"signedKeyId":5,"baseKey":"BdU18puor1TdFlEWjeROJ0bZLVgylSlBc2RDAdB3ropc","preKeyId":1966064}}},"version":"v1"}