{"_sessions":{"BTlM6S3Q5GUKrjMVkkPaW0NeX3TtXwa/LD0PNEivZuNK":{"registrationId":10623,"currentRatchet":{"ephemeralKeyPair":{"pubKey":"BeAj4cMDz8eTubGTMLfzRuhXrltIFIK0AEA1njBHUYcr","privKey":"wKK5mqk5bFQ9aTh/QXy6besZrhcx/I/UeLSLHsmqP18="},"lastRemoteEphemeralKey":"BUhbzOokXT0UpzS+9fQGWjWf7ZcpOi+j5dMwALOMYDwH","previousCounter":0,"rootKey":"xSt+m0V5E98awYQ7wMGD0VBvmY7ts4ejb3lni1H39qA="},"indexInfo":{"baseKey":"BTlM6S3Q5GUKrjMVkkPaW0NeX3TtXwa/LD0PNEivZuNK","baseKeyType":1,"closed":-1,"used":1684220983773,"created":1684220983772,"remoteIdentityKey":"BbfgHUvXl1H/Y6hPWOrP7TqXlOt8qLYSBOgiLluNmUQj"},"_chains":{"BeAj4cMDz8eTubGTMLfzRuhXrltIFIK0AEA1njBHUYcr":{"chainKey":{"counter":63,"key":"ZoiS8kh+65FQhFeJYFe4S0s/3h2t0nN0VKSFCq+QE6w="},"chainType":1,"messageKeys":{}}},"pendingPreKey":{"signedKeyId":1,"baseKey":"BTlM6S3Q5GUKrjMVkkPaW0NeX3TtXwa/LD0PNEivZuNK","preKeyId":855}}},"version":"v1"}