{"_sessions":{"BXLYkgrmv81xZAoqRvLlaPsKcrLPDdjdTgeEsUyYumBi":{"registrationId":740272923,"currentRatchet":{"ephemeralKeyPair":{"pubKey":"Bf19XkL/MD7hZacqM8Gl7FxbKfMh46SP8uoO4fe4l9p6","privKey":"iCS0zQ8NAgIM2GnJ5VNSyujWtc8MDEBTm0yb68+AiVc="},"lastRemoteEphemeralKey":"BRZ7NhWd5VSolzFoA3CxyMZ6Xqo+7qNojbbUBRynytZr","previousCounter":63,"rootKey":"FlPnQRAip57IeLa5lCZ27Gg2IDE0fNvMlPAnZ4jWbA0="},"indexInfo":{"baseKey":"BXLYkgrmv81xZAoqRvLlaPsKcrLPDdjdTgeEsUyYumBi","baseKeyType":1,"closed":-1,"used":1684255394161,"created":1684220984398,"remoteIdentityKey":"BSMMJV4S9FrDxpeUm26MHUDZLFqoTxNFDLslrVysPhxx"},"_chains":{"BRZ7NhWd5VSolzFoA3CxyMZ6Xqo+7qNojbbUBRynytZr":{"chainKey":{"counter":0,"key":"ANI16TMMnbOX8kgxw7qG5+lX+EB56Oc2hVdK3n26cHs="},"chainType":2,"messageKeys":{}},"Bf19XkL/MD7hZacqM8Gl7FxbKfMh46SP8uoO4fe4l9p6":{"chainKey":{"counter":-1,"key":"r7AA7wZeNfCjx/gtcYrk9PeIxLz2GjSI7Djoiwt8BcE="},"chainType":1,"messageKeys":{}}}}},"version":"v1"}