{"_sessions":{"BQpiPROcbN2H4CLyeVT5X7VsqFsgUO1FBuNLyAU+QmAR":{"registrationId":1235080113,"currentRatchet":{"ephemeralKeyPair":{"pubKey":"BUxSy1MRNg0isG/hE43HlgWehLGbyid5tJ5ugJUeYIlt","privKey":"MJ37K3paRDl+H4EMt+R2AAWOzJcV5Z5TOiBM4YKTSF8="},"lastRemoteEphemeralKey":"BZVmJxEDAko+yffSRfeZM4rixbroWkYW7bxEDoe7YLJn","previousCounter":62,"rootKey":"lmltVfxVdmaam2+mCbHZ0ctIKPdXEP6yn+IHE+TYuVA="},"indexInfo":{"baseKey":"BQpiPROcbN2H4CLyeVT5X7VsqFsgUO1FBuNLyAU+QmAR","baseKeyType":1,"closed":-1,"used":1684255549120,"created":1684220984007,"remoteIdentityKey":"BaJOb4bJ3Qb+WFn4kRzaTOQnzUs00zck5zf4InUHsOcV"},"_chains":{"Bdg0tYUuCqlr3DVyGhQR/+kzJ22halaoq5lzHvPzLdcG":{"chainKey":{"counter":0},"chainType":2,"messageKeys":{}},"BZVmJxEDAko+yffSRfeZM4rixbroWkYW7bxEDoe7YLJn":{"chainKey":{"counter":0,"key":"+SZtpUDbBUGwalIlTxAq9Fjco2o+upPMgYpmng6Kkj0="},"chainType":2,"messageKeys":{}},"BUxSy1MRNg0isG/hE43HlgWehLGbyid5tJ5ugJUeYIlt":{"chainKey":{"counter":-1,"key":"gbl56WrJNP/e8r+XkAkubjv9J1+vNuPQjba3Z85KQFk="},"chainType":1,"messageKeys":{}}}}},"version":"v1"}