{"_sessions":{"Bb+tDFvkjzNQX1uuobqJj6Lr/A1LTUi/2jYh1Jf+/0J8":{"registrationId":1762460168,"currentRatchet":{"ephemeralKeyPair":{"pubKey":"BYgBQa9o7TBkUyqmkyOsBNX22EJAhirfcdHtWJdC2+FK","privKey":"uF4wm0W4nXnVGn6QeI0Z8Yf08OWvBm5NiGKuHPDUoXw="},"lastRemoteEphemeralKey":"BXoR70RDmsUOZMFufyPz/hlufS+mahPDF1Ay2k2deqJo","previousCounter":0,"rootKey":"DTWnmMcDz9/iwH8rgE47vyDCiDEhggGtXpg/0akYzeA="},"indexInfo":{"baseKey":"Bb+tDFvkjzNQX1uuobqJj6Lr/A1LTUi/2jYh1Jf+/0J8","baseKeyType":1,"closed":-1,"used":1684226851024,"created":1684220983949,"remoteIdentityKey":"BStUPvk4L/mHtSHpA7kmNiSBRcFEQbhzZR+H05/0z5Qs"},"_chains":{"BXoR70RDmsUOZMFufyPz/hlufS+mahPDF1Ay2k2deqJo":{"chainKey":{"counter":0,"key":"AbudQDZP7ar462f/2qIS0/7yjfr0lrjY4owsSuwB9NU="},"chainType":2,"messageKeys":{}},"BYgBQa9o7TBkUyqmkyOsBNX22EJAhirfcdHtWJdC2+FK":{"chainKey":{"counter":62,"key":"a6gRJRqKSkfNRg2MPDeJVFQYr2Sqop3sAmOIjTD9odM="},"chainType":1,"messageKeys":{}}}}},"version":"v1"}