{"_sessions":{"Bans56lrJKp+sYrlPyiIwF27+K9m3OU7b1S9pbIvHpsf":{"registrationId":1696984503,"currentRatchet":{"ephemeralKeyPair":{"pubKey":"BZdwICbZ2kXC6QZ7msui06e74R1ssaFh3DPVBkzIhk5Q","privKey":"SGA7HHOID6Ftc33NSiaE7U6kmzQ8s+IAQomEQdN/SmY="},"lastRemoteEphemeralKey":"Bai8Ehdeee613tDTcXlV7qW6FTra4uNaTfkceA5UR7kV","previousCounter":0,"rootKey":"gugQrpl/zq0TarSyEHffSyVpA+lBnRp4yF8oF6yYv8Y="},"indexInfo":{"baseKey":"Bans56lrJKp+sYrlPyiIwF27+K9m3OU7b1S9pbIvHpsf","baseKeyType":1,"closed":-1,"used":1684220984107,"created":1684220984107,"remoteIdentityKey":"BSCAbXI+6uViIXFn3Z0GS6gQhW0a/FD49CTx69Q1J7Jm"},"_chains":{"BZdwICbZ2kXC6QZ7msui06e74R1ssaFh3DPVBkzIhk5Q":{"chainKey":{"counter":63,"key":"LKpJJsRE0Xf5DVoFWAfYmhzRa5gQYqUGV8zyiCm4S4U="},"chainType":1,"messageKeys":{}}},"pendingPreKey":{"signedKeyId":50,"baseKey":"Bans56lrJKp+sYrlPyiIwF27+K9m3OU7b1S9pbIvHpsf","preKeyId":10077612}}},"version":"v1"}