{"_sessions":{"BQ7aVFzcLpJsGuL3CBAzknsrNELa6Et4afsl6tzFd0JN":{"registrationId":158392571,"currentRatchet":{"ephemeralKeyPair":{"pubKey":"Bc8hPoreZtWf6t14FfrsaX7ArZohH9hsiKXdBKrwR0NY","privKey":"iCHVHvpjnEiXGSzqo5bbpjUXPbZxiyrxyruUfsCavVQ="},"lastRemoteEphemeralKey":"BdfOev8e0etl+4r2qS+ap82ImihzXbh4URYsRVEWm+gW","previousCounter":0,"rootKey":"m3/f1xCjmAW/g92GMs6YZ1yS6IrWI7OjsM/8mhX/Mjg="},"indexInfo":{"baseKey":"BQ7aVFzcLpJsGuL3CBAzknsrNELa6Et4afsl6tzFd0JN","baseKeyType":1,"closed":-1,"used":1684220984260,"created":1684220984260,"remoteIdentityKey":"BR7fk3q47CunB7JYbOiPwB4W8kiZxq8UhCnv53czX7tS"},"_chains":{"Bc8hPoreZtWf6t14FfrsaX7ArZohH9hsiKXdBKrwR0NY":{"chainKey":{"counter":63,"key":"za92uBiM2dG1QcvGGVDaMXlAj5wMxEy+mhtXANajaus="},"chainType":1,"messageKeys":{}}},"pendingPreKey":{"signedKeyId":6,"baseKey":"BQ7aVFzcLpJsGuL3CBAzknsrNELa6Et4afsl6tzFd0JN","preKeyId":2446524}}},"version":"v1"}