{"_sessions":{"BQhXBM93Fd3n8KZSirJwv4g0hDjsgtkucoAsFuCcTdoD":{"registrationId":2093579,"currentRatchet":{"ephemeralKeyPair":{"pubKey":"BTEsIbSiHAXcNrPTsjVXHVAnhsGZ7eEStBT7JlRrd1ET","privKey":"WI65bmfj3SFFmTmJvIfIO5v78QoTzz4iAWsX6iqqcmw="},"lastRemoteEphemeralKey":"Bcs+0GHnzlk0F3HNpn78LJb/DT98LgPQpibXc3kgT6t5","previousCounter":0,"rootKey":"PBIGVgmuZAueQd17XfwQasgSqTz0s1Ru3nvsujMY7kU="},"indexInfo":{"baseKey":"BQhXBM93Fd3n8KZSirJwv4g0hDjsgtkucoAsFuCcTdoD","baseKeyType":1,"closed":-1,"used":1684220983927,"created":1684220983927,"remoteIdentityKey":"BUU1hz0ARfGeQAcGnycAKhLbll2njuV+ZG6dXA3nm4lT"},"_chains":{"BTEsIbSiHAXcNrPTsjVXHVAnhsGZ7eEStBT7JlRrd1ET":{"chainKey":{"counter":63,"key":"nIi/BKH15vjDtSlcPex+mxwjD8TM++snFlh3a/LV2Os="},"chainType":1,"messageKeys":{}}},"pendingPreKey":{"signedKeyId":10,"baseKey":"BQhXBM93Fd3n8KZSirJwv4g0hDjsgtkucoAsFuCcTdoD","preKeyId":7841807}}},"version":"v1"}