{"_sessions":{"BZFMObQZZmVvcVzjn8N5ospYDl4SDAxJ7uB/HJv46SdW":{"registrationId":1506595699,"currentRatchet":{"ephemeralKeyPair":{"pubKey":"BZ7cM2v279gQyk9s7qRKT0qCp+nLBwEkkpv3RvxgDzc5","privKey":"6J3DjtHd+7wCUbUI+ylITq0oTex6WYo35z7I+kJKSnk="},"lastRemoteEphemeralKey":"BWCjLSAn5ItEwWC1YIo0eMfREvCSQ6PeSCglcVF4lp5y","previousCounter":0,"rootKey":"OClxpJDwyRobR/g6iX0JkDdL+MIobJb8HSufqHfBcoA="},"indexInfo":{"baseKey":"BZFMObQZZmVvcVzjn8N5ospYDl4SDAxJ7uB/HJv46SdW","baseKeyType":1,"closed":1684242873124,"used":1684242871683,"created":1684242871683,"remoteIdentityKey":"BXlhcrnQ9GOQAfD5yXeSFxN2b5uzHD480D9lOyrodQIx"},"_chains":{"BZ7cM2v279gQyk9s7qRKT0qCp+nLBwEkkpv3RvxgDzc5":{"chainKey":{"counter":0,"key":"sHPEZgWxJF3bPFKiBbreRFikmWTSziA5RGCU/9392WM="},"chainType":1,"messageKeys":{}}},"pendingPreKey":{"signedKeyId":0,"baseKey":"BZFMObQZZmVvcVzjn8N5ospYDl4SDAxJ7uB/HJv46SdW"}},"BeWV5RdCPQ9+9IB4J5vHHmz3GnYCWv8pfAgjpljqeHI5":{"registrationId":1506595699,"currentRatchet":{"ephemeralKeyPair":{"pubKey":"BYAYYntOS0iYVx7IK2N/njuIU4zcPhwYw92oK2e8PnkW","privKey":"mHvM7vxe8f2FcQwPo7uDDhuKyOdx/d1IFFT/+Ej55Xg="},"lastRemoteEphemeralKey":"BWCjLSAn5ItEwWC1YIo0eMfREvCSQ6PeSCglcVF4lp5y","previousCounter":0,"rootKey":"MKPbg8SMWHBxxiomFk+sYVs0ieTLG3XCkRYOx1rZT50="},"indexInfo":{"baseKey":"BeWV5RdCPQ9+9IB4J5vHHmz3GnYCWv8pfAgjpljqeHI5","baseKeyType":1,"closed":1684242874490,"used":1684242873120,"created":1684242873120,"remoteIdentityKey":"BXlhcrnQ9GOQAfD5yXeSFxN2b5uzHD480D9lOyrodQIx"},"_chains":{"BYAYYntOS0iYVx7IK2N/njuIU4zcPhwYw92oK2e8PnkW":{"chainKey":{"counter":0,"key":"3/eUOTIsegMan6AUF9pvIa20jGgzN+4eLXFoQSW+nRY="},"chainType":1,"messageKeys":{}}},"pendingPreKey":{"signedKeyId":0,"baseKey":"BeWV5RdCPQ9+9IB4J5vHHmz3GnYCWv8pfAgjpljqeHI5"}},"BXr2SofaFnTQVXz8fPrU76l5ad2bOrUXN48prxCewz58":{"registrationId":1506595699,"currentRatchet":{"ephemeralKeyPair":{"pubKey":"BZRSj6+UMSrQLJhVlSslH/ZSS1zqmK1FBabHJZni6G8p","privKey":"UDE71H6WfSYIqc7+AE15BKDh2O5A4aG2+SEkk7MQW3Y="},"lastRemoteEphemeralKey":"BWCjLSAn5ItEwWC1YIo0eMfREvCSQ6PeSCglcVF4lp5y","previousCounter":0,"rootKey":"42rmkaH5vYUjJeaNRnlipfNeHQlkM/2MO2knT/psAEU="},"indexInfo":{"baseKey":"BXr2SofaFnTQVXz8fPrU76l5ad2bOrUXN48prxCewz58","baseKeyType":1,"closed":1684242875748,"used":1684242874485,"created":1684242874485,"remoteIdentityKey":"BXlhcrnQ9GOQAfD5yXeSFxN2b5uzHD480D9lOyrodQIx"},"_chains":{"BZRSj6+UMSrQLJhVlSslH/ZSS1zqmK1FBabHJZni6G8p":{"chainKey":{"counter":0,"key":"HsV7+VAqi/6JyMVSsnHbpo2sDa7R7YNp6+0Y3aMqRCI="},"chainType":1,"messageKeys":{}}},"pendingPreKey":{"signedKeyId":0,"baseKey":"BXr2SofaFnTQVXz8fPrU76l5ad2bOrUXN48prxCewz58"}},"BbP7Id6JhFzPb+pL+JMK3u12OnFPUgNilEACxtYzUS1n":{"registrationId":1506595699,"currentRatchet":{"ephemeralKeyPair":{"pubKey":"BcJogMdlkW/hjRRz69YVa3Jdd3lFklfHbP0iamezwEFP","privKey":"WKFXioYZ1FLWC6WVNMjlg2G/RIZwamNPAocRd2CAPGM="},"lastRemoteEphemeralKey":"BWCjLSAn5ItEwWC1YIo0eMfREvCSQ6PeSCglcVF4lp5y","previousCounter":0,"rootKey":"AVwtMaFE/KRtZAKHuOHK4ZSzjBPZgl6/U5fa4T9X5t8="},"indexInfo":{"baseKey":"BbP7Id6JhFzPb+pL+JMK3u12OnFPUgNilEACxtYzUS1n","baseKeyType":1,"closed":1684242877008,"used":1684242875742,"created":1684242875742,"remoteIdentityKey":"BXlhcrnQ9GOQAfD5yXeSFxN2b5uzHD480D9lOyrodQIx"},"_chains":{"BcJogMdlkW/hjRRz69YVa3Jdd3lFklfHbP0iamezwEFP":{"chainKey":{"counter":0,"key":"z0ThwYMxDu15NBjHDQwfbO1LvDdJ30jjtLYZ4Qi2duU="},"chainType":1,"messageKeys":{}}},"pendingPreKey":{"signedKeyId":0,"baseKey":"BbP7Id6JhFzPb+pL+JMK3u12OnFPUgNilEACxtYzUS1n"}},"BXjRw1pnqq1oCoJwKEug7K8OrAQU832c0Y+i+B4h2Zxc":{"registrationId":1506595699,"currentRatchet":{"ephemeralKeyPair":{"pubKey":"Bazp88y7ngko9ZVBOq0H/SmvgeVjIJcdY3oMfvcvSFgp","privKey":"YCm5KhHLr37GHazamfW4Ie7YqiRP+YE7Cr8eJnat3mY="},"lastRemoteEphemeralKey":"BWCjLSAn5ItEwWC1YIo0eMfREvCSQ6PeSCglcVF4lp5y","previousCounter":0,"rootKey":"tpbmH0wr+3ibLDE0CjkV8x4TV+Ixke0bmDOgDsWS8b4="},"indexInfo":{"baseKey":"BXjRw1pnqq1oCoJwKEug7K8OrAQU832c0Y+i+B4h2Zxc","baseKeyType":1,"closed":1684242878257,"used":1684242877003,"created":1684242877003,"remoteIdentityKey":"BXlhcrnQ9GOQAfD5yXeSFxN2b5uzHD480D9lOyrodQIx"},"_chains":{"Bazp88y7ngko9ZVBOq0H/SmvgeVjIJcdY3oMfvcvSFgp":{"chainKey":{"counter":0,"key":"rn/dThMFDsKZzizwLoIOal6FFMW6I5I1mB/8X3M6CpM="},"chainType":1,"messageKeys":{}}},"pendingPreKey":{"signedKeyId":0,"baseKey":"BXjRw1pnqq1oCoJwKEug7K8OrAQU832c0Y+i+B4h2Zxc"}},"BbXcnYHN6glSCNiHPn3omLfE5f5VF3tINN1RIperR4tR":{"registrationId":1506595699,"currentRatchet":{"ephemeralKeyPair":{"pubKey":"BVc/R/z+y/hK5q+z89ci0gXxaXwdzQIFMWL4U3XsGJpO","privKey":"WKwNWU83z86OHoMz3zNLJtLV1h0d18ZKvTZ1Peum3Ek="},"lastRemoteEphemeralKey":"BWCjLSAn5ItEwWC1YIo0eMfREvCSQ6PeSCglcVF4lp5y","previousCounter":0,"rootKey":"gcw7Aq77/kFbOh5B6E6oXY8WLwgwUlUZluHMAQvI8xY="},"indexInfo":{"baseKey":"BbXcnYHN6glSCNiHPn3omLfE5f5VF3tINN1RIperR4tR","baseKeyType":1,"closed":1684242879602,"used":1684242878253,"created":1684242878253,"remoteIdentityKey":"BXlhcrnQ9GOQAfD5yXeSFxN2b5uzHD480D9lOyrodQIx"},"_chains":{"BVc/R/z+y/hK5q+z89ci0gXxaXwdzQIFMWL4U3XsGJpO":{"chainKey":{"counter":0,"key":"LyjdWdlj27K4TqmZXfHd6SwLuz+H6XJykUQ5F3/rIHw="},"chainType":1,"messageKeys":{}}},"pendingPreKey":{"signedKeyId":0,"baseKey":"BbXcnYHN6glSCNiHPn3omLfE5f5VF3tINN1RIperR4tR"}},"BTcNKrCHLi+7orAQraa7Om1o3vW4MG2w60UFyEiqq5sU":{"registrationId":1506595699,"currentRatchet":{"ephemeralKeyPair":{"pubKey":"BSbmBDk5RUSXwncdvxlwwszzJ+e8gcQRbOL+YXIfM1d6","privKey":"+DxJrUuMKcQit3suSevADHzcYOif9tPIzrYLz5rUelw="},"lastRemoteEphemeralKey":"BWCjLSAn5ItEwWC1YIo0eMfREvCSQ6PeSCglcVF4lp5y","previousCounter":0,"rootKey":"i9ubUiXCeueW2rMmwm46CFoJrjy/Ikz5gDmvIqWirXM="},"indexInfo":{"baseKey":"BTcNKrCHLi+7orAQraa7Om1o3vW4MG2w60UFyEiqq5sU","baseKeyType":1,"closed":1684242880850,"used":1684242879594,"created":1684242879594,"remoteIdentityKey":"BXlhcrnQ9GOQAfD5yXeSFxN2b5uzHD480D9lOyrodQIx"},"_chains":{"BSbmBDk5RUSXwncdvxlwwszzJ+e8gcQRbOL+YXIfM1d6":{"chainKey":{"counter":0,"key":"p/W79MNITG9pk+xo8ROcgedL9PZGfkKeP71nguB1UxU="},"chainType":1,"messageKeys":{}}},"pendingPreKey":{"signedKeyId":0,"baseKey":"BTcNKrCHLi+7orAQraa7Om1o3vW4MG2w60UFyEiqq5sU"}},"BUut8rpcKE1nepJ9RJKdMXC1qW1hR0p4EzhBVBSUNY0E":{"registrationId":1506595699,"currentRatchet":{"ephemeralKeyPair":{"pubKey":"BfhQUSJXYbYREW3gxeRIz5pWt2E2+apCaPo7wLUQO3ka","privKey":"eO1F67o/z/yTyQJenNxeovi04fjlBgpCk/xowMhWemY="},"lastRemoteEphemeralKey":"BWCjLSAn5ItEwWC1YIo0eMfREvCSQ6PeSCglcVF4lp5y","previousCounter":0,"rootKey":"FmQ/73+02Ou6SVwvNlnhJpC6IjNNISBqBf3rtoG4FdM="},"indexInfo":{"baseKey":"BUut8rpcKE1nepJ9RJKdMXC1qW1hR0p4EzhBVBSUNY0E","baseKeyType":1,"closed":1684242882504,"used":1684242880843,"created":1684242880843,"remoteIdentityKey":"BXlhcrnQ9GOQAfD5yXeSFxN2b5uzHD480D9lOyrodQIx"},"_chains":{"BfhQUSJXYbYREW3gxeRIz5pWt2E2+apCaPo7wLUQO3ka":{"chainKey":{"counter":0,"key":"6vwT45/Ht8R9AEmkPsbaydGt9uwkBTospsOa1hlKJf8="},"chainType":1,"messageKeys":{}}},"pendingPreKey":{"signedKeyId":0,"baseKey":"BUut8rpcKE1nepJ9RJKdMXC1qW1hR0p4EzhBVBSUNY0E"}},"BZz54QIdfBhobH3ZSkgHQk9LHS2Qh+JQ+Ridjr0PG8Ml":{"registrationId":1506595699,"currentRatchet":{"ephemeralKeyPair":{"pubKey":"Bfro8MywKAVplIoVeZp9w/o4I4smd20jff0/hmW0txVK","privKey":"UKK2R1pOUdxtxDgiy2/KB/CakUgLs8RFMQ1m9Vb/GWg="},"lastRemoteEphemeralKey":"BWCjLSAn5ItEwWC1YIo0eMfREvCSQ6PeSCglcVF4lp5y","previousCounter":0,"rootKey":"G9I1dPcN5yKK7I7bQ+oiG+qgJf5h34HLze4zHoh5dsY="},"indexInfo":{"baseKey":"BZz54QIdfBhobH3ZSkgHQk9LHS2Qh+JQ+Ridjr0PG8Ml","baseKeyType":1,"closed":1684242884006,"used":1684242882490,"created":1684242882490,"remoteIdentityKey":"BXlhcrnQ9GOQAfD5yXeSFxN2b5uzHD480D9lOyrodQIx"},"_chains":{"Bfro8MywKAVplIoVeZp9w/o4I4smd20jff0/hmW0txVK":{"chainKey":{"counter":0,"key":"uXvaUNE2fQbBHaNoxE/ghavgpGoyNMFX6GFDn1rigRo="},"chainType":1,"messageKeys":{}}},"pendingPreKey":{"signedKeyId":0,"baseKey":"BZz54QIdfBhobH3ZSkgHQk9LHS2Qh+JQ+Ridjr0PG8Ml"}},"BScfXRc3LuRuSxkUkBJ/R9rx0LAkI542PpBSa31owoJe":{"registrationId":1506595699,"currentRatchet":{"ephemeralKeyPair":{"pubKey":"BZRHNqYZKB7irXhfp0geQj0J8fAJiZxMxiiawBU/uBRh","privKey":"sM/lgiW8Ij198NaTVHSBRW56BjWQCNMTA/e5ZgjPoEQ="},"lastRemoteEphemeralKey":"BWCjLSAn5ItEwWC1YIo0eMfREvCSQ6PeSCglcVF4lp5y","previousCounter":0,"rootKey":"fLkYkOZMtmkFV5GoE3Xxc3E8x5tLHb+eS1Z81wy9lxA="},"indexInfo":{"baseKey":"BScfXRc3LuRuSxkUkBJ/R9rx0LAkI542PpBSa31owoJe","baseKeyType":1,"closed":1684242885583,"used":1684242883997,"created":1684242883997,"remoteIdentityKey":"BXlhcrnQ9GOQAfD5yXeSFxN2b5uzHD480D9lOyrodQIx"},"_chains":{"BZRHNqYZKB7irXhfp0geQj0J8fAJiZxMxiiawBU/uBRh":{"chainKey":{"counter":0,"key":"Jkqm4kMNA7QufcagoXf1QV8UUXJgJ9iEKoSgpIvbVG4="},"chainType":1,"messageKeys":{}}},"pendingPreKey":{"signedKeyId":0,"baseKey":"BScfXRc3LuRuSxkUkBJ/R9rx0LAkI542PpBSa31owoJe"}},"BZ2WU7aaFUhtSqQPGz4B36byuvsUSnei4lgLnlhLAVEb":{"registrationId":1506595699,"currentRatchet":{"ephemeralKeyPair":{"pubKey":"BRNN4mnjEJluq2VVglr3qqOaOOj29eF35nJiAatOGu4o","privKey":"qBy4PmwxN2P5WLXdq7tWU+YaGulJmpWLuQAzAp7OcWw="},"lastRemoteEphemeralKey":"BWCjLSAn5ItEwWC1YIo0eMfREvCSQ6PeSCglcVF4lp5y","previousCounter":0,"rootKey":"bPDC3q4rrGXPHsDeDe/tjkHhi3Kf0s1yWcCy/hpZZwU="},"indexInfo":{"baseKey":"BZ2WU7aaFUhtSqQPGz4B36byuvsUSnei4lgLnlhLAVEb","baseKeyType":1,"closed":1684242887354,"used":1684242885533,"created":1684242885533,"remoteIdentityKey":"BXlhcrnQ9GOQAfD5yXeSFxN2b5uzHD480D9lOyrodQIx"},"_chains":{"BRNN4mnjEJluq2VVglr3qqOaOOj29eF35nJiAatOGu4o":{"chainKey":{"counter":0,"key":"nXqD4qMu4ywRBwFpOWyN4QCNvSv27euglOGu0nQf80E="},"chainType":1,"messageKeys":{}}},"pendingPreKey":{"signedKeyId":0,"baseKey":"BZ2WU7aaFUhtSqQPGz4B36byuvsUSnei4lgLnlhLAVEb"}},"BVGERxMNJIAQoCi35BnTK9lHhGJ/Tqc4XWVRGn4iRQNr":{"registrationId":1506595699,"currentRatchet":{"ephemeralKeyPair":{"pubKey":"Bf8QLu3TS593isD+onKu3KtxtuzbUta8x2oW3lBZ7pda","privKey":"0KLImw0I9J5wex7t4tYNkX0dLgbdldfvepaKyskcvW8="},"lastRemoteEphemeralKey":"BWCjLSAn5ItEwWC1YIo0eMfREvCSQ6PeSCglcVF4lp5y","previousCounter":0,"rootKey":"z8msat4zteO6Buibxb/iRptuTgXcC6PM/m7uw7kgKlE="},"indexInfo":{"baseKey":"BVGERxMNJIAQoCi35BnTK9lHhGJ/Tqc4XWVRGn4iRQNr","baseKeyType":1,"closed":1684242888675,"used":1684242887347,"created":1684242887347,"remoteIdentityKey":"BXlhcrnQ9GOQAfD5yXeSFxN2b5uzHD480D9lOyrodQIx"},"_chains":{"Bf8QLu3TS593isD+onKu3KtxtuzbUta8x2oW3lBZ7pda":{"chainKey":{"counter":0,"key":"XXaWAw66n/hrshQ04LUBV/s5Diu4/2hlX8mAK3nmRh4="},"chainType":1,"messageKeys":{}}},"pendingPreKey":{"signedKeyId":0,"baseKey":"BVGERxMNJIAQoCi35BnTK9lHhGJ/Tqc4XWVRGn4iRQNr"}},"BTIYxfVvceioFKy4J/If6MngZLZ2R6u3Ht8NuuzPPOoc":{"registrationId":1506595699,"currentRatchet":{"ephemeralKeyPair":{"pubKey":"BabYsgE9DDWQz+pHK96vfAO3VE9WLqZoN9+vM4SGhRF8","privKey":"cDcImP6kCJXrSrj6hgf7fqj5/4yFJXfrXIadP+EEgV8="},"lastRemoteEphemeralKey":"BWCjLSAn5ItEwWC1YIo0eMfREvCSQ6PeSCglcVF4lp5y","previousCounter":0,"rootKey":"49DGOgqfOn6OYwMdufo0/HuU5hU+sTqEZqm6rldax58="},"indexInfo":{"baseKey":"BTIYxfVvceioFKy4J/If6MngZLZ2R6u3Ht8NuuzPPOoc","baseKeyType":1,"closed":1684242890057,"used":1684242888669,"created":1684242888669,"remoteIdentityKey":"BXlhcrnQ9GOQAfD5yXeSFxN2b5uzHD480D9lOyrodQIx"},"_chains":{"BabYsgE9DDWQz+pHK96vfAO3VE9WLqZoN9+vM4SGhRF8":{"chainKey":{"counter":0,"key":"GdV28TRZYtvXl7dMqrdCreB0Hb5Fv5YO1HWeDavw5sE="},"chainType":1,"messageKeys":{}}},"pendingPreKey":{"signedKeyId":0,"baseKey":"BTIYxfVvceioFKy4J/If6MngZLZ2R6u3Ht8NuuzPPOoc"}},"BQ/CgnHtpdI/3b5XOw5rO6NMQWt3rRIWSMRdgLiLylZp":{"registrationId":1506595699,"currentRatchet":{"ephemeralKeyPair":{"pubKey":"BZdFqTpk3GEzHrCXF5el/b1kztlKbdhQ5y4rmlgspgdr","privKey":"yMSh0b0HHvPync1nK2xMa0bt24YKTfEb9W8fDRJaB2w="},"lastRemoteEphemeralKey":"BWCjLSAn5ItEwWC1YIo0eMfREvCSQ6PeSCglcVF4lp5y","previousCounter":0,"rootKey":"WwAfUTldd0Ndwiw/HnrWUADsmaKC39ZHBKu81wRaYZM="},"indexInfo":{"baseKey":"BQ/CgnHtpdI/3b5XOw5rO6NMQWt3rRIWSMRdgLiLylZp","baseKeyType":1,"closed":1684242891713,"used":1684242890051,"created":1684242890051,"remoteIdentityKey":"BXlhcrnQ9GOQAfD5yXeSFxN2b5uzHD480D9lOyrodQIx"},"_chains":{"BZdFqTpk3GEzHrCXF5el/b1kztlKbdhQ5y4rmlgspgdr":{"chainKey":{"counter":0,"key":"u4vp+tx70U3P7FdaQnMFFVy0/2OrQw79c00zS3LeTP8="},"chainType":1,"messageKeys":{}}},"pendingPreKey":{"signedKeyId":0,"baseKey":"BQ/CgnHtpdI/3b5XOw5rO6NMQWt3rRIWSMRdgLiLylZp"}},"BS5t2fbPOiqIwdubOmfYs8H6rAq7GFbJXHYid251Gs4k":{"registrationId":1506595699,"currentRatchet":{"ephemeralKeyPair":{"pubKey":"BbH5ggXMZ9XKZY/W0uRbZJCQKyZWk3lQ3BqJKlRnS+cO","privKey":"gGiaXrNZPNDRSf6ajEVYnfNf9xdinP8jG9vErSJbWXY="},"lastRemoteEphemeralKey":"BWCjLSAn5ItEwWC1YIo0eMfREvCSQ6PeSCglcVF4lp5y","previousCounter":0,"rootKey":"p1YKv9wmtQkUuerPcNkFczQ3ZDg1K0pBW6hQsxjuuyc="},"indexInfo":{"baseKey":"BS5t2fbPOiqIwdubOmfYs8H6rAq7GFbJXHYid251Gs4k","baseKeyType":1,"closed":1684242893156,"used":1684242891681,"created":1684242891681,"remoteIdentityKey":"BXlhcrnQ9GOQAfD5yXeSFxN2b5uzHD480D9lOyrodQIx"},"_chains":{"BbH5ggXMZ9XKZY/W0uRbZJCQKyZWk3lQ3BqJKlRnS+cO":{"chainKey":{"counter":0,"key":"tb4ulleM39nASP1Y3hzXLzV5ozheqy7c0RtrFg7+FUA="},"chainType":1,"messageKeys":{}}},"pendingPreKey":{"signedKeyId":0,"baseKey":"BS5t2fbPOiqIwdubOmfYs8H6rAq7GFbJXHYid251Gs4k"}},"BUWYbqiRKuRpr/c8gl6JDJA3fkZW81IKA4/y1U6dSFFQ":{"registrationId":1506595699,"currentRatchet":{"ephemeralKeyPair":{"pubKey":"BX6MqXbhpe1DJWIgV9qBJO/6jEhroK4KNgS8CC64CldI","privKey":"8DrRzCfg4/wdcHU04/O9Bs7X6srcOqLoI1vYKY46DXs="},"lastRemoteEphemeralKey":"BWCjLSAn5ItEwWC1YIo0eMfREvCSQ6PeSCglcVF4lp5y","previousCounter":0,"rootKey":"d6/Ay4vhFV+QZhbwKw2Ll4Ke8GKT28HrNv+UX5VBzAs="},"indexInfo":{"baseKey":"BUWYbqiRKuRpr/c8gl6JDJA3fkZW81IKA4/y1U6dSFFQ","baseKeyType":1,"closed":1684242894427,"used":1684242893149,"created":1684242893149,"remoteIdentityKey":"BXlhcrnQ9GOQAfD5yXeSFxN2b5uzHD480D9lOyrodQIx"},"_chains":{"BX6MqXbhpe1DJWIgV9qBJO/6jEhroK4KNgS8CC64CldI":{"chainKey":{"counter":0,"key":"ZyeUBDSd54c0X5K6QnId5Mgyg12BhZFsOXNTQomgPe8="},"chainType":1,"messageKeys":{}}},"pendingPreKey":{"signedKeyId":0,"baseKey":"BUWYbqiRKuRpr/c8gl6JDJA3fkZW81IKA4/y1U6dSFFQ"}},"BR72GeFuZbmH7/5z3nHM46SdgdwhgyiyzKyM58E6e4RZ":{"registrationId":1506595699,"currentRatchet":{"ephemeralKeyPair":{"pubKey":"BeE2WMG8UdGnc/975740hf6Ui2d+cAQfEXjTGsKkHTxi","privKey":"UCYB7rmzQJRrTwgCS0Om/PHQPZkoDeU6A6zZdPmhwkI="},"lastRemoteEphemeralKey":"BWCjLSAn5ItEwWC1YIo0eMfREvCSQ6PeSCglcVF4lp5y","previousCounter":0,"rootKey":"qsQ07QbPqN47eO8jS4rDWUoB21264Jpr62PV1MZe6/c="},"indexInfo":{"baseKey":"BR72GeFuZbmH7/5z3nHM46SdgdwhgyiyzKyM58E6e4RZ","baseKeyType":1,"closed":1684242895667,"used":1684242894418,"created":1684242894418,"remoteIdentityKey":"BXlhcrnQ9GOQAfD5yXeSFxN2b5uzHD480D9lOyrodQIx"},"_chains":{"BeE2WMG8UdGnc/975740hf6Ui2d+cAQfEXjTGsKkHTxi":{"chainKey":{"counter":0,"key":"gZjbh+5pAkz3M98Zcl5ZcUjF4voLfxAHbZ+mtPtPfq4="},"chainType":1,"messageKeys":{}}},"pendingPreKey":{"signedKeyId":0,"baseKey":"BR72GeFuZbmH7/5z3nHM46SdgdwhgyiyzKyM58E6e4RZ"}},"BfkCn3lrRvaui8KNukBqzeHkkjHXUguoTTI0APeFUA1t":{"registrationId":1506595699,"currentRatchet":{"ephemeralKeyPair":{"pubKey":"BbzadVplDiHBqvSfobZK/he3GiBKyx+SmsUMdj9QnwJo","privKey":"eM0PcvcoqcNdZN8V8uYo37WxKjUIJpg6IwVH33Nzglc="},"lastRemoteEphemeralKey":"BWCjLSAn5ItEwWC1YIo0eMfREvCSQ6PeSCglcVF4lp5y","previousCounter":0,"rootKey":"8YIL6kclgwAHlE7iwnt6lO3+34qSamZGHkw8Iz8RtYo="},"indexInfo":{"baseKey":"BfkCn3lrRvaui8KNukBqzeHkkjHXUguoTTI0APeFUA1t","baseKeyType":1,"closed":1684242897249,"used":1684242895658,"created":1684242895658,"remoteIdentityKey":"BXlhcrnQ9GOQAfD5yXeSFxN2b5uzHD480D9lOyrodQIx"},"_chains":{"BbzadVplDiHBqvSfobZK/he3GiBKyx+SmsUMdj9QnwJo":{"chainKey":{"counter":0,"key":"ekvuvT6VcvnU843VeWH87/qCJOQ+Vuff0fKkKoxb6oo="},"chainType":1,"messageKeys":{}}},"pendingPreKey":{"signedKeyId":0,"baseKey":"BfkCn3lrRvaui8KNukBqzeHkkjHXUguoTTI0APeFUA1t"}},"BeO/tJrL7jfyFi5BeRlaizpy/dtvhDaJ/k8/wTRB0t4f":{"registrationId":1506595699,"currentRatchet":{"ephemeralKeyPair":{"pubKey":"BUi8b/AG7eM2uR4Pkf4ptEoCT0+WZ0ynzlsnNS6JL2JQ","privKey":"cGNOQ2EZ3zLWtiW2t1EMwnAkfPqfoZymu91qIxQpk38="},"lastRemoteEphemeralKey":"BWCjLSAn5ItEwWC1YIo0eMfREvCSQ6PeSCglcVF4lp5y","previousCounter":0,"rootKey":"Odep1lJICf3rA8Npm5Uxy2gPHOx21cvBmO3gq4xYG9Q="},"indexInfo":{"baseKey":"BeO/tJrL7jfyFi5BeRlaizpy/dtvhDaJ/k8/wTRB0t4f","baseKeyType":1,"closed":1684242898892,"used":1684242897239,"created":1684242897239,"remoteIdentityKey":"BXlhcrnQ9GOQAfD5yXeSFxN2b5uzHD480D9lOyrodQIx"},"_chains":{"BUi8b/AG7eM2uR4Pkf4ptEoCT0+WZ0ynzlsnNS6JL2JQ":{"chainKey":{"counter":0,"key":"WJFXOB2gIlW3SVA1LH92yqDWteBA1NfNhhs2yTwuLMQ="},"chainType":1,"messageKeys":{}}},"pendingPreKey":{"signedKeyId":0,"baseKey":"BeO/tJrL7jfyFi5BeRlaizpy/dtvhDaJ/k8/wTRB0t4f"}},"BUohM/MJ7yTbQpJiefqKpUfQF92udfeQ5tuWcHapk2kU":{"registrationId":1506595699,"currentRatchet":{"ephemeralKeyPair":{"pubKey":"BSp0aji6SVYY9hC+Ioy9D2qGhY8s/JBPOVw8SE3t0b5M","privKey":"cL1bBFfR/+bgzEOE4/7NZl70Cvf2wvhxLA5Woxh3xF0="},"lastRemoteEphemeralKey":"BWCjLSAn5ItEwWC1YIo0eMfREvCSQ6PeSCglcVF4lp5y","previousCounter":0,"rootKey":"XVK2BxO3lxtcpAcIPaiQbruciSeuo227LD1txMbMcKY="},"indexInfo":{"baseKey":"BUohM/MJ7yTbQpJiefqKpUfQF92udfeQ5tuWcHapk2kU","baseKeyType":1,"closed":1684242900342,"used":1684242898870,"created":1684242898870,"remoteIdentityKey":"BXlhcrnQ9GOQAfD5yXeSFxN2b5uzHD480D9lOyrodQIx"},"_chains":{"BSp0aji6SVYY9hC+Ioy9D2qGhY8s/JBPOVw8SE3t0b5M":{"chainKey":{"counter":0,"key":"QFQT9lbhP2VYuE7Z7wuckSOH3rA4J5yzBUnd82E+g9Y="},"chainType":1,"messageKeys":{}}},"pendingPreKey":{"signedKeyId":0,"baseKey":"BUohM/MJ7yTbQpJiefqKpUfQF92udfeQ5tuWcHapk2kU"}},"BcfDWw9DjWCekA8eVm5hPgCNIqfA+HJAiMj/T2aiT90P":{"registrationId":1506595699,"currentRatchet":{"ephemeralKeyPair":{"pubKey":"Bd4/iOcv0usAp3IlPcN8fh2Aj5yinYrqvn9dLLAJbDhY","privKey":"+Lg/VCaZedq9wHMneoPiWk9/nN2JED3UAffEZwgxfEM="},"lastRemoteEphemeralKey":"BWCjLSAn5ItEwWC1YIo0eMfREvCSQ6PeSCglcVF4lp5y","previousCounter":0,"rootKey":"cofOABBw1xLLWdPQAALWJ6Oq8v0IDGPwujOPg65fc0Q="},"indexInfo":{"baseKey":"BcfDWw9DjWCekA8eVm5hPgCNIqfA+HJAiMj/T2aiT90P","baseKeyType":1,"closed":1684242901844,"used":1684242900336,"created":1684242900336,"remoteIdentityKey":"BXlhcrnQ9GOQAfD5yXeSFxN2b5uzHD480D9lOyrodQIx"},"_chains":{"Bd4/iOcv0usAp3IlPcN8fh2Aj5yinYrqvn9dLLAJbDhY":{"chainKey":{"counter":0,"key":"aHytiGpHqcE6tQP27fBumxN8Vs+ku7XHR5PjUVHW2IA="},"chainType":1,"messageKeys":{}}},"pendingPreKey":{"signedKeyId":0,"baseKey":"BcfDWw9DjWCekA8eVm5hPgCNIqfA+HJAiMj/T2aiT90P"}},"BZSrR7BYZdS8HskppAgSg8hY2eZ9i3kT2Zpsr6AB8O1A":{"registrationId":1506595699,"currentRatchet":{"ephemeralKeyPair":{"pubKey":"BdHXqWUbH47kT7ibTWrUM6DxcV5efaeQeY/hX11IRI8p","privKey":"eCa4ThbiqNqmuOQK4aU+SLxhV7dFBstOTBRfKR1yd0M="},"lastRemoteEphemeralKey":"BWCjLSAn5ItEwWC1YIo0eMfREvCSQ6PeSCglcVF4lp5y","previousCounter":0,"rootKey":"1FiIYF4h5FA6zdATL7GA5+p6zSjT20UqTN2j2ILwGd0="},"indexInfo":{"baseKey":"BZSrR7BYZdS8HskppAgSg8hY2eZ9i3kT2Zpsr6AB8O1A","baseKeyType":1,"closed":1684242903225,"used":1684242901831,"created":1684242901831,"remoteIdentityKey":"BXlhcrnQ9GOQAfD5yXeSFxN2b5uzHD480D9lOyrodQIx"},"_chains":{"BdHXqWUbH47kT7ibTWrUM6DxcV5efaeQeY/hX11IRI8p":{"chainKey":{"counter":0,"key":"xSUYefJs7fY8pSEz59nN3N4k/y67pYO6H3xM9bNK+KQ="},"chainType":1,"messageKeys":{}}},"pendingPreKey":{"signedKeyId":0,"baseKey":"BZSrR7BYZdS8HskppAgSg8hY2eZ9i3kT2Zpsr6AB8O1A"}},"BTEWc0vHXveAT2WJ6svCq368uk6JWvcUeeYLH7LC6Bgp":{"registrationId":1506595699,"currentRatchet":{"ephemeralKeyPair":{"pubKey":"BcW1738yjAirJAVgm3FCju8GeCFgr+ivCMlpfSF8ax1/","privKey":"MLVFASr9R3aKUPQB8mRh0WKjHWfcJbIDSeH0wAEKvEw="},"lastRemoteEphemeralKey":"BWCjLSAn5ItEwWC1YIo0eMfREvCSQ6PeSCglcVF4lp5y","previousCounter":0,"rootKey":"FhjuHXopAKQJrgSCZqw9C9VqpQnydiVh9WaUAsZYnEw="},"indexInfo":{"baseKey":"BTEWc0vHXveAT2WJ6svCq368uk6JWvcUeeYLH7LC6Bgp","baseKeyType":1,"closed":1684242904974,"used":1684242903219,"created":1684242903219,"remoteIdentityKey":"BXlhcrnQ9GOQAfD5yXeSFxN2b5uzHD480D9lOyrodQIx"},"_chains":{"BcW1738yjAirJAVgm3FCju8GeCFgr+ivCMlpfSF8ax1/":{"chainKey":{"counter":0,"key":"UvelFTeEPbQ/91MTDNtUE3/9Ns5UUuyRo4WQ4g6WPsI="},"chainType":1,"messageKeys":{}}},"pendingPreKey":{"signedKeyId":0,"baseKey":"BTEWc0vHXveAT2WJ6svCq368uk6JWvcUeeYLH7LC6Bgp"}},"BWv8yggwvQIzU1KESalyXw6Hf7qGeXIwfnXfj4r6U+xJ":{"registrationId":1506595699,"currentRatchet":{"ephemeralKeyPair":{"pubKey":"BSd/DBPo2JM9DFquErwW2xIuKrn6tOkyeVSgPXiYYN9Y","privKey":"UCXKZy4Ioan3ThCPNgPnHwyVaAOmWpHN+GAJayS8Ymg="},"lastRemoteEphemeralKey":"BWCjLSAn5ItEwWC1YIo0eMfREvCSQ6PeSCglcVF4lp5y","previousCounter":0,"rootKey":"KZ97AFepOmBv/eGDavhN9orDK3VczqyEgZ7VzBtswRo="},"indexInfo":{"baseKey":"BWv8yggwvQIzU1KESalyXw6Hf7qGeXIwfnXfj4r6U+xJ","baseKeyType":1,"closed":1684242906522,"used":1684242904947,"created":1684242904947,"remoteIdentityKey":"BXlhcrnQ9GOQAfD5yXeSFxN2b5uzHD480D9lOyrodQIx"},"_chains":{"BSd/DBPo2JM9DFquErwW2xIuKrn6tOkyeVSgPXiYYN9Y":{"chainKey":{"counter":0,"key":"4EQkTLLZkrRCcV4HiRTsE1PZ39h8mDHzRBXb9/bFqu4="},"chainType":1,"messageKeys":{}}},"pendingPreKey":{"signedKeyId":0,"baseKey":"BWv8yggwvQIzU1KESalyXw6Hf7qGeXIwfnXfj4r6U+xJ"}},"BZ0P05QARjZ0v4FSgB7BjU4Nz/FOpc8fa5iGy7ZsC509":{"registrationId":1506595699,"currentRatchet":{"ephemeralKeyPair":{"pubKey":"BVbKluAvbrJn3JSJtC6hTTNrGo6fexBl7ugbd57/OOdU","privKey":"gHaqHN0ccRzuEaO5/zEWrU2J0INX6vCnpogQgX5TwGE="},"lastRemoteEphemeralKey":"BWCjLSAn5ItEwWC1YIo0eMfREvCSQ6PeSCglcVF4lp5y","previousCounter":0,"rootKey":"YBKtvubY4xxceQMfTrvRS50D/md1RnDapDtrFdccnSA="},"indexInfo":{"baseKey":"BZ0P05QARjZ0v4FSgB7BjU4Nz/FOpc8fa5iGy7ZsC509","baseKeyType":1,"closed":1684242907793,"used":1684242906517,"created":1684242906517,"remoteIdentityKey":"BXlhcrnQ9GOQAfD5yXeSFxN2b5uzHD480D9lOyrodQIx"},"_chains":{"BVbKluAvbrJn3JSJtC6hTTNrGo6fexBl7ugbd57/OOdU":{"chainKey":{"counter":0,"key":"WH5j9e90dhloqedrT+umqf70djS/xxwEwk2uS2KWHQQ="},"chainType":1,"messageKeys":{}}},"pendingPreKey":{"signedKeyId":0,"baseKey":"BZ0P05QARjZ0v4FSgB7BjU4Nz/FOpc8fa5iGy7ZsC509"}},"BftZL3IuUdQU6CbbsjAz44m4USKdPAHgk/573KZv9jhv":{"registrationId":1506595699,"currentRatchet":{"ephemeralKeyPair":{"pubKey":"BcgBWalmVNJ+u0Nl0s3wF+MXk+5+tG2cH37R+o4ONs5m","privKey":"GAEecwAeAoQQ0nzSoTUI3SPLLiFB3cp3sMsgmXo5mUY="},"lastRemoteEphemeralKey":"BWCjLSAn5ItEwWC1YIo0eMfREvCSQ6PeSCglcVF4lp5y","previousCounter":0,"rootKey":"cGmwU0ZWS8AXIf9WYyngWVp5PxXFivpVZWr2ySdBq00="},"indexInfo":{"baseKey":"BftZL3IuUdQU6CbbsjAz44m4USKdPAHgk/573KZv9jhv","baseKeyType":1,"closed":1684242909170,"used":1684242907789,"created":1684242907789,"remoteIdentityKey":"BXlhcrnQ9GOQAfD5yXeSFxN2b5uzHD480D9lOyrodQIx"},"_chains":{"BcgBWalmVNJ+u0Nl0s3wF+MXk+5+tG2cH37R+o4ONs5m":{"chainKey":{"counter":0,"key":"t23tKEEysF52IYD+T1IxdboRjj3you17qYL4yV2OXz0="},"chainType":1,"messageKeys":{}}},"pendingPreKey":{"signedKeyId":0,"baseKey":"BftZL3IuUdQU6CbbsjAz44m4USKdPAHgk/573KZv9jhv"}},"BSBc+hOTxytJIVbV4/NuyP7KjhBJ4C8noiSUcNrnW3V9":{"registrationId":1506595699,"currentRatchet":{"ephemeralKeyPair":{"pubKey":"BaWcczu6eld66U9+j0UlWStLAnK0kPfwCkTYcRUYplpW","privKey":"cE1B/HNdX9I5fJou2YMBflDpQoQx+jKwUQau3wcOSEw="},"lastRemoteEphemeralKey":"BWCjLSAn5ItEwWC1YIo0eMfREvCSQ6PeSCglcVF4lp5y","previousCounter":0,"rootKey":"DYYaywLTEYjrEkAAI4YF1XS547BINxRXtlC3PT7gXAk="},"indexInfo":{"baseKey":"BSBc+hOTxytJIVbV4/NuyP7KjhBJ4C8noiSUcNrnW3V9","baseKeyType":1,"closed":1684242910502,"used":1684242909138,"created":1684242909138,"remoteIdentityKey":"BXlhcrnQ9GOQAfD5yXeSFxN2b5uzHD480D9lOyrodQIx"},"_chains":{"BaWcczu6eld66U9+j0UlWStLAnK0kPfwCkTYcRUYplpW":{"chainKey":{"counter":0,"key":"5Dt0xVF1ZZDCCB0/sa8PqgPy0/r3wsXxjq22JvkS3qw="},"chainType":1,"messageKeys":{}}},"pendingPreKey":{"signedKeyId":0,"baseKey":"BSBc+hOTxytJIVbV4/NuyP7KjhBJ4C8noiSUcNrnW3V9"}},"BW5+7/LgWO/snGlSaeT/s7JCdXgo4AwpDGGifUYYNHIX":{"registrationId":1506595699,"currentRatchet":{"ephemeralKeyPair":{"pubKey":"BeWkK4hUulif6ZkXbnjsotE3mKnXYzZXiWUM3p4cPsIE","privKey":"UPjJF5TMRm/A2ME4wQ1d99kXPJ1M0cVXrZBl01WPDU0="},"lastRemoteEphemeralKey":"BWCjLSAn5ItEwWC1YIo0eMfREvCSQ6PeSCglcVF4lp5y","previousCounter":0,"rootKey":"sh1ttpuWP41VAeQ7za25lWLAej4A+S3EwG9nJjayzCk="},"indexInfo":{"baseKey":"BW5+7/LgWO/snGlSaeT/s7JCdXgo4AwpDGGifUYYNHIX","baseKeyType":1,"closed":1684242911838,"used":1684242910495,"created":1684242910495,"remoteIdentityKey":"BXlhcrnQ9GOQAfD5yXeSFxN2b5uzHD480D9lOyrodQIx"},"_chains":{"BeWkK4hUulif6ZkXbnjsotE3mKnXYzZXiWUM3p4cPsIE":{"chainKey":{"counter":0,"key":"kAro3+QYUiZ9V045Hj+qP+bWoR/zNoEP1fz6ixCKqww="},"chainType":1,"messageKeys":{}}},"pendingPreKey":{"signedKeyId":0,"baseKey":"BW5+7/LgWO/snGlSaeT/s7JCdXgo4AwpDGGifUYYNHIX"}},"BWGKaYUNk3qbzJfSW45Xlsq3dYutSpfmhdjiJkP0smRx":{"registrationId":1506595699,"currentRatchet":{"ephemeralKeyPair":{"pubKey":"BbbMUrTSlUFqVB1VEgR5o9SdCVE7IRV60vopzTEDfv14","privKey":"sAlxa7J1XlLufj9w+XZgeSkYksB+O4kpz0JNnkVvHmk="},"lastRemoteEphemeralKey":"BWCjLSAn5ItEwWC1YIo0eMfREvCSQ6PeSCglcVF4lp5y","previousCounter":0,"rootKey":"w6TjWGxXFwIWokaHAY/4KYgmwaa+cecLBFtgJYVbeTs="},"indexInfo":{"baseKey":"BWGKaYUNk3qbzJfSW45Xlsq3dYutSpfmhdjiJkP0smRx","baseKeyType":1,"closed":1684242913296,"used":1684242911833,"created":1684242911833,"remoteIdentityKey":"BXlhcrnQ9GOQAfD5yXeSFxN2b5uzHD480D9lOyrodQIx"},"_chains":{"BbbMUrTSlUFqVB1VEgR5o9SdCVE7IRV60vopzTEDfv14":{"chainKey":{"counter":0,"key":"eA6iZDI3zrGsp9x1UZEYb5C3jg3YsWP0AgoimqkhSjI="},"chainType":1,"messageKeys":{}}},"pendingPreKey":{"signedKeyId":0,"baseKey":"BWGKaYUNk3qbzJfSW45Xlsq3dYutSpfmhdjiJkP0smRx"}},"BTO9dAV+m1fZ/YnSC5tznRrYCuE5DsUQOJKNnlb+YwRC":{"registrationId":1506595699,"currentRatchet":{"ephemeralKeyPair":{"pubKey":"Bdcv8PMw182guO761KTPbFSJE0bMxNtekwzp0QtrFf0L","privKey":"2PcZENH2s9Q4ZrWB8EgH1yAvqJPWkKciRJhG6NdyWG8="},"lastRemoteEphemeralKey":"BWCjLSAn5ItEwWC1YIo0eMfREvCSQ6PeSCglcVF4lp5y","previousCounter":0,"rootKey":"5z3nGIbM1ZdZkKHAjkIUmXYl9yK0vvh4OUhRCZAgOcs="},"indexInfo":{"baseKey":"BTO9dAV+m1fZ/YnSC5tznRrYCuE5DsUQOJKNnlb+YwRC","baseKeyType":1,"closed":1684242914954,"used":1684242913272,"created":1684242913272,"remoteIdentityKey":"BXlhcrnQ9GOQAfD5yXeSFxN2b5uzHD480D9lOyrodQIx"},"_chains":{"Bdcv8PMw182guO761KTPbFSJE0bMxNtekwzp0QtrFf0L":{"chainKey":{"counter":0,"key":"cKqV1pbfI9sNuC1fIDP/yAJkSPFgPx7I3r4l8JgiJ0M="},"chainType":1,"messageKeys":{}}},"pendingPreKey":{"signedKeyId":0,"baseKey":"BTO9dAV+m1fZ/YnSC5tznRrYCuE5DsUQOJKNnlb+YwRC"}},"BZYk4b369IvZi9BjSGwG1UOBru0fpIBpN5aI1aiR6jZg":{"registrationId":1506595699,"currentRatchet":{"ephemeralKeyPair":{"pubKey":"BbBA86SBPqkf91/41+lMJd7Yge+aEvR5UCWU/dT7Rm1x","privKey":"kAug3TXxxL0ParOzy5vJUvIB19vjcU4+wegCYQmmHmA="},"lastRemoteEphemeralKey":"BWCjLSAn5ItEwWC1YIo0eMfREvCSQ6PeSCglcVF4lp5y","previousCounter":0,"rootKey":"1I10BTwYqaQllGw46mX5x58jJjgs479zJUtuh+u+zdI="},"indexInfo":{"baseKey":"BZYk4b369IvZi9BjSGwG1UOBru0fpIBpN5aI1aiR6jZg","baseKeyType":1,"closed":1684242916491,"used":1684242914945,"created":1684242914945,"remoteIdentityKey":"BXlhcrnQ9GOQAfD5yXeSFxN2b5uzHD480D9lOyrodQIx"},"_chains":{"BbBA86SBPqkf91/41+lMJd7Yge+aEvR5UCWU/dT7Rm1x":{"chainKey":{"counter":0,"key":"9ZtunpbTfXOkcsU1X/hCigMXehTnrWQq072Inp1ZgVo="},"chainType":1,"messageKeys":{}}},"pendingPreKey":{"signedKeyId":0,"baseKey":"BZYk4b369IvZi9BjSGwG1UOBru0fpIBpN5aI1aiR6jZg"}},"BXyxd639cc6UlgFMqe8gkwIbxLnu5hMYWGli2qVtsHcD":{"registrationId":1506595699,"currentRatchet":{"ephemeralKeyPair":{"pubKey":"Bdd8bKFGWJkJlmny98jO70Zd431v4DC+fPLNcO7gLMp8","privKey":"wE6FbfbTUBnhBZ1/N4mOZY2+xazetYGHCHoRVIN2nl8="},"lastRemoteEphemeralKey":"BWCjLSAn5ItEwWC1YIo0eMfREvCSQ6PeSCglcVF4lp5y","previousCounter":0,"rootKey":"aMzug49XqOlqmc7k/iVIzhxySYZEyp3CwngfMU8fnLM="},"indexInfo":{"baseKey":"BXyxd639cc6UlgFMqe8gkwIbxLnu5hMYWGli2qVtsHcD","baseKeyType":1,"closed":1684242917894,"used":1684242916485,"created":1684242916485,"remoteIdentityKey":"BXlhcrnQ9GOQAfD5yXeSFxN2b5uzHD480D9lOyrodQIx"},"_chains":{"Bdd8bKFGWJkJlmny98jO70Zd431v4DC+fPLNcO7gLMp8":{"chainKey":{"counter":0,"key":"Hr1NVfGnO6buRo3SqynWIAbh30fXvL6mit43JpkAK6I="},"chainType":1,"messageKeys":{}}},"pendingPreKey":{"signedKeyId":0,"baseKey":"BXyxd639cc6UlgFMqe8gkwIbxLnu5hMYWGli2qVtsHcD"}},"BUN2ztkKs8kAX5cJY18V9v+d+pB67QsWtPue3qQJEVlf":{"registrationId":1506595699,"currentRatchet":{"ephemeralKeyPair":{"pubKey":"BWkQwaL3pRUE1CeSGxhUcXKO8vR5hNe3W3BOKOQs1c0+","privKey":"gGE54Whgrw/8CwrSptiusAWicv9TlsO6yY4sr0JcnUw="},"lastRemoteEphemeralKey":"BWCjLSAn5ItEwWC1YIo0eMfREvCSQ6PeSCglcVF4lp5y","previousCounter":0,"rootKey":"JCi74XpB/KgVLJbF/Hk+MyhyT3rcnUyUCcZCixILkmM="},"indexInfo":{"baseKey":"BUN2ztkKs8kAX5cJY18V9v+d+pB67QsWtPue3qQJEVlf","baseKeyType":1,"closed":1684242919290,"used":1684242917889,"created":1684242917889,"remoteIdentityKey":"BXlhcrnQ9GOQAfD5yXeSFxN2b5uzHD480D9lOyrodQIx"},"_chains":{"BWkQwaL3pRUE1CeSGxhUcXKO8vR5hNe3W3BOKOQs1c0+":{"chainKey":{"counter":0,"key":"XKgtZY/kwQZMZGQZN5cpmvsVMtKRYwfVzHqa4Rt+FIA="},"chainType":1,"messageKeys":{}}},"pendingPreKey":{"signedKeyId":0,"baseKey":"BUN2ztkKs8kAX5cJY18V9v+d+pB67QsWtPue3qQJEVlf"}},"BZmOegOpTDXR9rErzK2L/7b8fmKsWAsr+5idSbur6PBq":{"registrationId":1506595699,"currentRatchet":{"ephemeralKeyPair":{"pubKey":"BaUOdJxZbT1X8WWqBttyO6YbC6/obZ1PgP/mPC5yZEBx","privKey":"wBRqpCRtjBp3kha2wVCPymH+cRkwLBfhjTyy/ZHUA0o="},"lastRemoteEphemeralKey":"BWCjLSAn5ItEwWC1YIo0eMfREvCSQ6PeSCglcVF4lp5y","previousCounter":0,"rootKey":"OrsP8a5cEvzwUweY3JRfCK6RA/NIzDXjL0ZJvrI4CUA="},"indexInfo":{"baseKey":"BZmOegOpTDXR9rErzK2L/7b8fmKsWAsr+5idSbur6PBq","baseKeyType":1,"closed":1684242920529,"used":1684242919282,"created":1684242919282,"remoteIdentityKey":"BXlhcrnQ9GOQAfD5yXeSFxN2b5uzHD480D9lOyrodQIx"},"_chains":{"BaUOdJxZbT1X8WWqBttyO6YbC6/obZ1PgP/mPC5yZEBx":{"chainKey":{"counter":0,"key":"L1XoLGqEvJ7dm4czX35U/LYoIfjZcfvgw5fkbmGFt4I="},"chainType":1,"messageKeys":{}}},"pendingPreKey":{"signedKeyId":0,"baseKey":"BZmOegOpTDXR9rErzK2L/7b8fmKsWAsr+5idSbur6PBq"}},"BZD3xoVuiyk/Svm/HoQqLt64oNhGFFovt0N5D85wcW84":{"registrationId":1506595699,"currentRatchet":{"ephemeralKeyPair":{"pubKey":"BRluIAZZ8lDVMSEsvuMDKuvtAdsmTg0zuIa6DHltkdsd","privKey":"qDA5rFkH0PPnG21KEVHHJDroD74Y+D7vbSkeP3nESl8="},"lastRemoteEphemeralKey":"BWCjLSAn5ItEwWC1YIo0eMfREvCSQ6PeSCglcVF4lp5y","previousCounter":0,"rootKey":"XwOibNW55jKj5cPuAP2e7+usVNwXYMRlP2raTlgkjC4="},"indexInfo":{"baseKey":"BZD3xoVuiyk/Svm/HoQqLt64oNhGFFovt0N5D85wcW84","baseKeyType":1,"closed":1684242921951,"used":1684242920521,"created":1684242920521,"remoteIdentityKey":"BXlhcrnQ9GOQAfD5yXeSFxN2b5uzHD480D9lOyrodQIx"},"_chains":{"BRluIAZZ8lDVMSEsvuMDKuvtAdsmTg0zuIa6DHltkdsd":{"chainKey":{"counter":0,"key":"VnXguYrZpMUEXdTNiSemmysfC7UFvXVWXNcin+Ao7Jg="},"chainType":1,"messageKeys":{}}},"pendingPreKey":{"signedKeyId":0,"baseKey":"BZD3xoVuiyk/Svm/HoQqLt64oNhGFFovt0N5D85wcW84"}},"BRgf5aO3Enx1W4CJaf0I8dYe+cHK5pDTH3OPxet2E59j":{"registrationId":1506595699,"currentRatchet":{"ephemeralKeyPair":{"pubKey":"BehbBbMlXtqh3QE33DL0eOvfoiXpUoQyccA5AX13ePpI","privKey":"SL1t0IOlAkWWjfiwyz4Yr+PS9hjYB4JHxenhBf67jm0="},"lastRemoteEphemeralKey":"BWCjLSAn5ItEwWC1YIo0eMfREvCSQ6PeSCglcVF4lp5y","previousCounter":0,"rootKey":"qLxRRGO+TSI+t3qRw0tVcz0FgEjX1oWCAQA+SiSLmTQ="},"indexInfo":{"baseKey":"BRgf5aO3Enx1W4CJaf0I8dYe+cHK5pDTH3OPxet2E59j","baseKeyType":1,"closed":1684242923319,"used":1684242921942,"created":1684242921942,"remoteIdentityKey":"BXlhcrnQ9GOQAfD5yXeSFxN2b5uzHD480D9lOyrodQIx"},"_chains":{"BehbBbMlXtqh3QE33DL0eOvfoiXpUoQyccA5AX13ePpI":{"chainKey":{"counter":0,"key":"FqPvLvNrr5ast46P22F+zhFIaUqsuJkgIXCESl/VjBg="},"chainType":1,"messageKeys":{}}},"pendingPreKey":{"signedKeyId":0,"baseKey":"BRgf5aO3Enx1W4CJaf0I8dYe+cHK5pDTH3OPxet2E59j"}},"BTINMgk/6HUauv2WeTVNR6VcI6Ok4b44vXEtXxra1eIq":{"registrationId":1506595699,"currentRatchet":{"ephemeralKeyPair":{"pubKey":"BQTS9X4OxP2eesZQZhNvqgAVhDxtxOgn+NW5G98ObUVa","privKey":"qOPWVTMTW+ti98LNwSxKq2OvWPy/XtYKqCyDCY3r6X4="},"lastRemoteEphemeralKey":"BWCjLSAn5ItEwWC1YIo0eMfREvCSQ6PeSCglcVF4lp5y","previousCounter":0,"rootKey":"ZUDPFdZrssSJlnEcNlV6RYUwUqWFNclwOGsoSn99IqE="},"indexInfo":{"baseKey":"BTINMgk/6HUauv2WeTVNR6VcI6Ok4b44vXEtXxra1eIq","baseKeyType":1,"closed":1684242924559,"used":1684242923313,"created":1684242923313,"remoteIdentityKey":"BXlhcrnQ9GOQAfD5yXeSFxN2b5uzHD480D9lOyrodQIx"},"_chains":{"BQTS9X4OxP2eesZQZhNvqgAVhDxtxOgn+NW5G98ObUVa":{"chainKey":{"counter":0,"key":"hqAPiPOgcO6Md9VaGZtAIwMwSlHy+mDm9c3JsdK4HXg="},"chainType":1,"messageKeys":{}}},"pendingPreKey":{"signedKeyId":0,"baseKey":"BTINMgk/6HUauv2WeTVNR6VcI6Ok4b44vXEtXxra1eIq"}},"BSkowlzmOTwkPfrrKuYgUbLZjVg2ByV6IZ90WFN5vRMO":{"registrationId":1506595699,"currentRatchet":{"ephemeralKeyPair":{"pubKey":"BSaJNmDijZbTg4p4jqChsbYtQnU8+Vo3LP5bNKihPvp6","privKey":"OPSZ6/kIuctwQVlPyKlGu5mxqssnn5TQheSbvEPNPWE="},"lastRemoteEphemeralKey":"BWCjLSAn5ItEwWC1YIo0eMfREvCSQ6PeSCglcVF4lp5y","previousCounter":0,"rootKey":"gVsAMhty2XkbiG3XcCWL0O46gFGqYj8LYKlHtQWeyjs="},"indexInfo":{"baseKey":"BSkowlzmOTwkPfrrKuYgUbLZjVg2ByV6IZ90WFN5vRMO","baseKeyType":1,"closed":1684242925867,"used":1684242924548,"created":1684242924548,"remoteIdentityKey":"BXlhcrnQ9GOQAfD5yXeSFxN2b5uzHD480D9lOyrodQIx"},"_chains":{"BSaJNmDijZbTg4p4jqChsbYtQnU8+Vo3LP5bNKihPvp6":{"chainKey":{"counter":0,"key":"oE1QpGWPkKK6ptWYMxiaSRAUJyoWLwQkRTqGzKS8Ox4="},"chainType":1,"messageKeys":{}}},"pendingPreKey":{"signedKeyId":0,"baseKey":"BSkowlzmOTwkPfrrKuYgUbLZjVg2ByV6IZ90WFN5vRMO"}},"BdI6lcNY5U56STTtJzHSefv08RiDPrF096DJZVFBfsQ1":{"registrationId":1506595699,"currentRatchet":{"ephemeralKeyPair":{"pubKey":"BUbF+gpA1OQn87VRRILCzxJcb/2D4INWTsQL6Q7OvxgD","privKey":"GELVv1BvEJGq3zbdWfCHGn1cP/iWuMJPim3aaG8CHlY="},"lastRemoteEphemeralKey":"BWCjLSAn5ItEwWC1YIo0eMfREvCSQ6PeSCglcVF4lp5y","previousCounter":0,"rootKey":"h9ibBDsiGIl4wa+V8l6fbrs3KnvMNIfYX+26DkOQQ9Y="},"indexInfo":{"baseKey":"BdI6lcNY5U56STTtJzHSefv08RiDPrF096DJZVFBfsQ1","baseKeyType":1,"closed":1684242927205,"used":1684242925858,"created":1684242925858,"remoteIdentityKey":"BXlhcrnQ9GOQAfD5yXeSFxN2b5uzHD480D9lOyrodQIx"},"_chains":{"BUbF+gpA1OQn87VRRILCzxJcb/2D4INWTsQL6Q7OvxgD":{"chainKey":{"counter":0,"key":"K0VXbRs9bUbLGil+WGQKq2mJ+0z4FgaCNhtbtzQqym4="},"chainType":1,"messageKeys":{}}},"pendingPreKey":{"signedKeyId":0,"baseKey":"BdI6lcNY5U56STTtJzHSefv08RiDPrF096DJZVFBfsQ1"}},"BQpd77JWMyzFFJSHs2NPtGuX3xJn0vSNGhc/pv0efz9H":{"registrationId":1506595699,"currentRatchet":{"ephemeralKeyPair":{"pubKey":"Bbqj7rTTw2w+WIkrrZbJCUStlAm2/cbm/7MXIfqD+fg9","privKey":"MEGEuOxc/kP9ZKdkYGk9eBvYcn2kmU45q0KDwMKoEG8="},"lastRemoteEphemeralKey":"BWCjLSAn5ItEwWC1YIo0eMfREvCSQ6PeSCglcVF4lp5y","previousCounter":0,"rootKey":"d0HZOJR5CysK0svcjmDJt+ET+3DDA0Sx5P/8TirqEqE="},"indexInfo":{"baseKey":"BQpd77JWMyzFFJSHs2NPtGuX3xJn0vSNGhc/pv0efz9H","baseKeyType":1,"closed":-1,"used":1684242927196,"created":1684242927196,"remoteIdentityKey":"BXlhcrnQ9GOQAfD5yXeSFxN2b5uzHD480D9lOyrodQIx"},"_chains":{"Bbqj7rTTw2w+WIkrrZbJCUStlAm2/cbm/7MXIfqD+fg9":{"chainKey":{"counter":0,"key":"4Do0qfpGSGwmIgQX3L6qTusJFuLkMI0O5eE8utjNK/c="},"chainType":1,"messageKeys":{}}},"pendingPreKey":{"signedKeyId":0,"baseKey":"BQpd77JWMyzFFJSHs2NPtGuX3xJn0vSNGhc/pv0efz9H"}}},"version":"v1"}