{"_sessions":{"BVFqDRpN5Sd2bvg/cjem5tmrwNoyzK9fxZxFgH8owq8j":{"registrationId":1427905868,"currentRatchet":{"ephemeralKeyPair":{"pubKey":"BT6IeFZxiMgpHBoBk/hA/8QVkfSfK6Bz3hYqL0HHO+16","privKey":"6KelqE+DfXdNoaFDdUlcKo7mvmnArKMxBualki0ht28="},"lastRemoteEphemeralKey":"BZQ5N+om0znjfdFaRTOnbeCB/OLMKdpBdZ5+aCcL7X8b","previousCounter":63,"rootKey":"BaFqZ1oYSRx1eIE06bsUkEK+R4F7J5dj6o3fxSR4NUk="},"indexInfo":{"baseKey":"BVFqDRpN5Sd2bvg/cjem5tmrwNoyzK9fxZxFgH8owq8j","baseKeyType":1,"closed":-1,"used":1684252634458,"created":1684220983986,"remoteIdentityKey":"Bc7CUJStUI5Xk5TSTgArNX5iZjOdbZu/40MOXjsKANkd"},"_chains":{"BZQ5N+om0znjfdFaRTOnbeCB/OLMKdpBdZ5+aCcL7X8b":{"chainKey":{"counter":0,"key":"R5KGG5SEO68B1Y3e/PEuffZcA0aogL12GK3kmYtFV4k="},"chainType":2,"messageKeys":{}},"BT6IeFZxiMgpHBoBk/hA/8QVkfSfK6Bz3hYqL0HHO+16":{"chainKey":{"counter":-1,"key":"xVIYqROdf2kuwbmcSho4NMRH1vdg3IMypV9ZHsBJhQU="},"chainType":1,"messageKeys":{}}}}},"version":"v1"}