{"_sessions":{"BbnBdNoylLkI4cZPY7aLbtrtGd0WMgaYJloE1VMYvJgr":{"registrationId":1966143171,"currentRatchet":{"ephemeralKeyPair":{"pubKey":"BdR9i0P6niinTFctp9hIqHSjOkHBFSxqEP87ZNya5Bl8","privKey":"WEcTUsP3X8C2QoPyuBGS5Bb9RK0Ig2uikXejIWIDy28="},"lastRemoteEphemeralKey":"BVU9PSvyF7Ppl/OqKENnpaziw274Qo3hcUuM1WbE1H5T","previousCounter":0,"rootKey":"wFboJuC0SoQY5OwC+NKCZ430O4Ukm9ELTGr407ekG9w="},"indexInfo":{"baseKey":"BbnBdNoylLkI4cZPY7aLbtrtGd0WMgaYJloE1VMYvJgr","baseKeyType":1,"closed":-1,"used":1684220984179,"created":1684220984179,"remoteIdentityKey":"BSwOPwMfvvFZrXJ/cDBrm9tAQeTKd1qrqKSf75yLvW9H"},"_chains":{"BdR9i0P6niinTFctp9hIqHSjOkHBFSxqEP87ZNya5Bl8":{"chainKey":{"counter":63,"key":"gB/tu89WxYm4WPipmpjbekSHB8Zs69kxyE9HJffWRM0="},"chainType":1,"messageKeys":{}}},"pendingPreKey":{"signedKeyId":1,"baseKey":"BbnBdNoylLkI4cZPY7aLbtrtGd0WMgaYJloE1VMYvJgr","preKeyId":7799716}}},"version":"v1"}