{"_sessions":{"BRdY60LTCvvAl3PGqgy8oyUL9F96sNrrb0RskUwOUMgk":{"registrationId":3918,"currentRatchet":{"ephemeralKeyPair":{"pubKey":"BUvHZ9FunVVGNDN8zJ+jESmhxTylrOVAGDwoi8LSMV0J","privKey":"mHLCRjtcfFDpwMJdngcC4UuUEDXTXbhiZZq6RHFw+38="},"lastRemoteEphemeralKey":"Bd14lImfG14ukflGpUXjrnFPkLkLrl1hydOFHtK3HlVI","previousCounter":0,"rootKey":"15/0t/AtZCfLARwsXQNmPDWJ2wQ34Aekwf2IErqDJGM="},"indexInfo":{"baseKey":"BRdY60LTCvvAl3PGqgy8oyUL9F96sNrrb0RskUwOUMgk","baseKeyType":1,"closed":-1,"used":1684220983808,"created":1684220983808,"remoteIdentityKey":"BVx4yf6XEaOx9Tq8mXqhSwPzKG8r4cRRCfqbuJR0mWdT"},"_chains":{"BUvHZ9FunVVGNDN8zJ+jESmhxTylrOVAGDwoi8LSMV0J":{"chainKey":{"counter":63,"key":"l973ksDrAo2rI56RKQEpDZo+kiPI1gs5wbhOYS7aQlk="},"chainType":1,"messageKeys":{}}},"pendingPreKey":{"signedKeyId":1,"baseKey":"BRdY60LTCvvAl3PGqgy8oyUL9F96sNrrb0RskUwOUMgk","preKeyId":3546}}},"version":"v1"}