{"_sessions":{"BVcTUQSTx1eB2Uj0KEtVDiB4h8WF8ibwlPD9bhfRj75N":{"registrationId":2000106245,"currentRatchet":{"ephemeralKeyPair":{"pubKey":"BRTS8dqxD9ZMTJkwMFdhsNS/UeK7zEmoSBeHHzURnnMI","privKey":"cJPyRSHEnf7xdaSHUnWDQ9oCVeUs3bziiSGY2EL1zHU="},"lastRemoteEphemeralKey":"Bbq5RHvyD+YtzOYBtxLYyZlGKJl0zRel9ZFZrEIU1fhn","previousCounter":0,"rootKey":"/o8SHNRNoUhtOoPAU6vOamFsi53qT10/o0JAvyDulTg="},"indexInfo":{"baseKey":"BVcTUQSTx1eB2Uj0KEtVDiB4h8WF8ibwlPD9bhfRj75N","baseKeyType":1,"closed":-1,"used":1684230107290,"created":1684230107290,"remoteIdentityKey":"BXqWPbtvq7lOz5RPQIj7pEzsImufeTKUvKqY/0tfu7Jn"},"_chains":{"BRTS8dqxD9ZMTJkwMFdhsNS/UeK7zEmoSBeHHzURnnMI":{"chainKey":{"counter":63,"key":"vw6pgfSvLThmCq54BynOB1J8XMH1HL6N1OE7NdA8mAo="},"chainType":1,"messageKeys":{}}},"pendingPreKey":{"signedKeyId":6,"baseKey":"BVcTUQSTx1eB2Uj0KEtVDiB4h8WF8ibwlPD9bhfRj75N","preKeyId":14894782}}},"version":"v1"}