{"_sessions":{"BQXI9ke31Sjsn+joWj79JvY4CUSOqIw0lLp37nM47zl9":{"registrationId":1572065793,"currentRatchet":{"ephemeralKeyPair":{"pubKey":"BUJ7JVRm3WsuZcz9x6zmRed9nVZWlxKN5O5XYWWEGmFy","privKey":"IMCzWYzKRf4z24fuA8GFkezuyAT8axKPXt5GSmQix0w="},"lastRemoteEphemeralKey":"BfZDMNDjfS0/QIesol7qF4qxelKyAxbHXWdBp6v1+sBK","previousCounter":0,"rootKey":"0154HPTzNgC93BvYVR3MPMEwKZIxEHJyDn+h53t7Orw="},"indexInfo":{"baseKey":"BQXI9ke31Sjsn+joWj79JvY4CUSOqIw0lLp37nM47zl9","baseKeyType":1,"closed":-1,"used":1684220984158,"created":1684220984158,"remoteIdentityKey":"Bd9PkCDpD4rXJhqi4noq112paWQZC+ObxPMASNshBp4b"},"_chains":{"BUJ7JVRm3WsuZcz9x6zmRed9nVZWlxKN5O5XYWWEGmFy":{"chainKey":{"counter":63,"key":"UkQiHVrkvISuBv2TITeW1Dg4T06AFKHOjInva95sxWk="},"chainType":1,"messageKeys":{}}},"pendingPreKey":{"signedKeyId":3,"baseKey":"BQXI9ke31Sjsn+joWj79JvY4CUSOqIw0lLp37nM47zl9","preKeyId":8361160}}},"version":"v1"}