{"_sessions":{"BUvKutyzeCtTcEM9DBP+0nLUuSgMPWIcZQL8JXE9oPg2":{"registrationId":1246962530,"currentRatchet":{"ephemeralKeyPair":{"pubKey":"BeUUtrepPPGEPGNUPc7VV7vP6Dxs/ACnZ/tuAbyZuM47","privKey":"kLRDEIlRi94kAPJW0nmhXJpjK5uFXKvelcOFQ1nj9EA="},"lastRemoteEphemeralKey":"BY/Uwk+oZ/9lRKSBQXT3hPTIftpya1lHQLzFhNaiZxM/","previousCounter":0,"rootKey":"Vh3o8JM/wdYzApdTNYupMc+ZyOw4mOXOVZePWcGsQLs="},"indexInfo":{"baseKey":"BUvKutyzeCtTcEM9DBP+0nLUuSgMPWIcZQL8JXE9oPg2","baseKeyType":1,"closed":-1,"used":1684220984333,"created":1684220984333,"remoteIdentityKey":"BfgS0o60/9av9eJqtOYFJcil9d5gQZVIDHi3wPdTG7N/"},"_chains":{"BeUUtrepPPGEPGNUPc7VV7vP6Dxs/ACnZ/tuAbyZuM47":{"chainKey":{"counter":63,"key":"e3xwsGKIPSV2YfvWLmDaf64Pth/RB1CiqJvExP7HFSU="},"chainType":1,"messageKeys":{}}},"pendingPreKey":{"signedKeyId":13,"baseKey":"BUvKutyzeCtTcEM9DBP+0nLUuSgMPWIcZQL8JXE9oPg2","preKeyId":9590579}}},"version":"v1"}