{"_sessions":{"BTZB46SOocZjpXDyYHG5Gdt3w352DaG9SCE6ylU+gpx1":{"registrationId":486492278,"currentRatchet":{"ephemeralKeyPair":{"pubKey":"Bfkuiw8fvw4tpOSEnHcaTFjhWvIwypJ12aOQzYy5sV0L","privKey":"SIHcEbsvq2ax1V2ueINuXm5j06XnEhl5uGKyqXsjWE4="},"lastRemoteEphemeralKey":"BTmHsUitHbkQxfDYcomt4C/ruB/KLKu+J8TEx1MQgoh6","previousCounter":0,"rootKey":"ulFR0C6qAErO3F23DLvPbKnAgqg4JwwZE25qIewYorY="},"indexInfo":{"baseKey":"BTZB46SOocZjpXDyYHG5Gdt3w352DaG9SCE6ylU+gpx1","baseKeyType":1,"closed":-1,"used":1684220984255,"created":1684220984255,"remoteIdentityKey":"BV4cvUHY79CqqxkzVBNSqN3KvTfJIAA0+LJxPOGS7Ewd"},"_chains":{"Bfkuiw8fvw4tpOSEnHcaTFjhWvIwypJ12aOQzYy5sV0L":{"chainKey":{"counter":63,"key":"nqBjbnTPqeMjcq95ddJlX8X8if4raPAdyzN0GbwnAyY="},"chainType":1,"messageKeys":{}}},"pendingPreKey":{"signedKeyId":14,"baseKey":"BTZB46SOocZjpXDyYHG5Gdt3w352DaG9SCE6ylU+gpx1","preKeyId":11754989}}},"version":"v1"}