{"_sessions":{"BUQvSjTs2AuzbjHi4mcCEwZbcjvMTezorirwefXZ78tE":{"registrationId":1717313518,"currentRatchet":{"ephemeralKeyPair":{"pubKey":"BYMplP+cZNDjQvqn0jGYFuL+Q+KdSzfETdwiq2RpEyg7","privKey":"UPJVCIATk1miyS0RrAQwaU72y0cNRtuCiO7N790UMm8="},"lastRemoteEphemeralKey":"Bf6yPGk70zXXtbbZP1Gaw7gq7WyYBgllQRWgmc7g/ppP","previousCounter":0,"rootKey":"wlCu37Hr54zWYTrQY8c0k6F9kuhaDE+xQGHTQGODOH8="},"indexInfo":{"baseKey":"BUQvSjTs2AuzbjHi4mcCEwZbcjvMTezorirwefXZ78tE","baseKeyType":1,"closed":-1,"used":1684220984119,"created":1684220984119,"remoteIdentityKey":"BVzMA2KOhxuPgbdOlDPJMBqaOcLHrOHFdAUbIgO+hpUS"},"_chains":{"BYMplP+cZNDjQvqn0jGYFuL+Q+KdSzfETdwiq2RpEyg7":{"chainKey":{"counter":63,"key":"kQd/9fShuIga6VfZS808zhudjWxqNgz4dBqmyoRMs0g="},"chainType":1,"messageKeys":{}}},"pendingPreKey":{"signedKeyId":26,"baseKey":"BUQvSjTs2AuzbjHi4mcCEwZbcjvMTezorirwefXZ78tE","preKeyId":1701784}}},"version":"v1"}