{"_sessions":{"BdpPDioVuqL+LMWRUJfVsun8pmD9t/DY8VschmR2NiVs":{"registrationId":598825841,"currentRatchet":{"ephemeralKeyPair":{"pubKey":"BU+Bs691dk7EBeKZU4+8UW4+0GD4cPCoQqFYlMLMdpd+","privKey":"OPf3ohaVoeJ+nr85VNi0pUTL3wA217p2PNc7TrC/bVo="},"lastRemoteEphemeralKey":"BXMWrJNpgaNUGD/WLMZ8zQUaaQkTJn9Fau9xkbS/Gb46","previousCounter":0,"rootKey":"s9Jn/+uMSFrVre0o/cSLTD8zxzisOg1c+bcMYslGNgw="},"indexInfo":{"baseKey":"BdpPDioVuqL+LMWRUJfVsun8pmD9t/DY8VschmR2NiVs","baseKeyType":1,"closed":-1,"used":1684243693304,"created":1684243426338,"remoteIdentityKey":"BUsE8bObqLmkpJckB+y1XtcQdTWZCV8Pw13MfoYAaVJP"},"_chains":{"BXMWrJNpgaNUGD/WLMZ8zQUaaQkTJn9Fau9xkbS/Gb46":{"chainKey":{"counter":0,"key":"TXTa2mpL9EOo65Uk1HUWXdichLURTgCd6nsOafpSLKA="},"chainType":2,"messageKeys":{}},"BU+Bs691dk7EBeKZU4+8UW4+0GD4cPCoQqFYlMLMdpd+":{"chainKey":{"counter":-1,"key":"mcg9i5A0HRMG/wb5XGPCHdA8qYZ++ums8CCB7xJlvTI="},"chainType":1,"messageKeys":{}}}}},"version":"v1"}