{"_sessions":{"BQcL3N9W7crTYO9trV8D50ZQ4C8jsBpOUvH+FvTd5+lP":{"registrationId":1030126433,"currentRatchet":{"ephemeralKeyPair":{"pubKey":"BVh+byZ/AXFI/mbobeg3bnGKtwRHFim0hvhzkqtvxIoG","privKey":"wHhJ+Dqyx3vY+/khlOPPvDmTL5AtOHQk1Xv0eUHn2F0="},"lastRemoteEphemeralKey":"BX0Fi4VFZjngn1+RDEF/QdjAV78EodZD89RpQytIPTwa","previousCounter":62,"rootKey":"PawJ9s4LPxhK99ocXZBWvf9adpxVBr2yv3oZ9DeL03g="},"indexInfo":{"baseKey":"BQcL3N9W7crTYO9trV8D50ZQ4C8jsBpOUvH+FvTd5+lP","baseKeyType":1,"closed":-1,"used":1684243829006,"created":1684220984288,"remoteIdentityKey":"BZ4xL0cq6dHy2ZbuUWVpxJ2pyY/GxkncRZdfPEAOyFNv"},"_chains":{"BRGbgIXB5u+HJOkhdJnKh79IOEVdmTbDLw1mvuVoyHYB":{"chainKey":{"counter":1},"chainType":2,"messageKeys":{}},"BX0Fi4VFZjngn1+RDEF/QdjAV78EodZD89RpQytIPTwa":{"chainKey":{"counter":0,"key":"i0RnSlA5Df0pEx+eJJm+YKgiovIHS4wo7ArCi03c/FU="},"chainType":2,"messageKeys":{}},"BVh+byZ/AXFI/mbobeg3bnGKtwRHFim0hvhzkqtvxIoG":{"chainKey":{"counter":-1,"key":"qjP3qO3GWh2CH4bMx+LiAG7M9RuxMWA9TF9zFKvxPsw="},"chainType":1,"messageKeys":{}}}}},"version":"v1"}