{"_sessions":{"BbfmEy8QX3OBdSt8oXaDY1X9rHIY+KyFHLrJO5KOQSwm":{"registrationId":630908709,"currentRatchet":{"ephemeralKeyPair":{"pubKey":"BZYwPnf7/YTy6yU9qAeL389B09bMeXNzSuk0Y/9pCfsx","privKey":"4LtKZHJyqBswcF+oz1Il0AdsH2OFMiX+0HexaF3Q0U8="},"lastRemoteEphemeralKey":"BV1GIjGbj2k9qHPjik7XLW/b81dWj+IbpsNdOjslXTh6","previousCounter":0,"rootKey":"UrhIaEeALeM1jS8jHftB5PFrxOVPxA0Bh67LZK3V2cM="},"indexInfo":{"baseKey":"BbfmEy8QX3OBdSt8oXaDY1X9rHIY+KyFHLrJO5KOQSwm","baseKeyType":1,"closed":-1,"used":1684220984143,"created":1684220984143,"remoteIdentityKey":"BY4hBpslzMz/moKwluEym8mXGhzVbL2oz0pDwBakPfAO"},"_chains":{"BZYwPnf7/YTy6yU9qAeL389B09bMeXNzSuk0Y/9pCfsx":{"chainKey":{"counter":63,"key":"njcCa0ku8doXKZBuNzWYZkDs+jVdjM+avMyhiN+D9qA="},"chainType":1,"messageKeys":{}}},"pendingPreKey":{"signedKeyId":8,"baseKey":"BbfmEy8QX3OBdSt8oXaDY1X9rHIY+KyFHLrJO5KOQSwm","preKeyId":14038705}}},"version":"v1"}