{"_sessions":{"BQwwb20pnjck8jJH5Kw/E4QBa6APOHY9mZa15emiENRL":{"registrationId":7415,"currentRatchet":{"ephemeralKeyPair":{"pubKey":"BbwIy+sopSnVNIk6eL0ixYeJMlmwpOR/xqkVDKPH1wYR","privKey":"+Nz3m+i2pm4536FMRtTGpn8h81O5Odi/Sk3dnAMkCFQ="},"lastRemoteEphemeralKey":"BSgs+sws2+gniOtLOJcG+n90nkZtnnOAz2D4weCxZEYL","previousCounter":0,"rootKey":"VBKgpphtRZ4zjD5schzM1KHNtA0B9VCwIyNLcIabZE0="},"indexInfo":{"baseKey":"BQwwb20pnjck8jJH5Kw/E4QBa6APOHY9mZa15emiENRL","baseKeyType":1,"closed":-1,"used":1684220983786,"created":1684220983786,"remoteIdentityKey":"Bce5YqHN0Y66o8xcyoEmuw39TkqCqZGy4D1u8/oM/rx4"},"_chains":{"BbwIy+sopSnVNIk6eL0ixYeJMlmwpOR/xqkVDKPH1wYR":{"chainKey":{"counter":63,"key":"kx17dFlv6KxBe0nbaEXarxaKFu+sn/Q37Bb9gmtjXv0="},"chainType":1,"messageKeys":{}}},"pendingPreKey":{"signedKeyId":3,"baseKey":"BQwwb20pnjck8jJH5Kw/E4QBa6APOHY9mZa15emiENRL","preKeyId":6294}}},"version":"v1"}