{"_sessions":{"BfYUEcsO7JiWH+rkDlYYxHKPm+XyINVX5J94oDWMESF2":{"registrationId":965954239,"currentRatchet":{"ephemeralKeyPair":{"pubKey":"BaM0P+fgwSuABM0d7jztfROV51FYzvmAzxnkXkiJ7oN8","privKey":"yDAQsfRDLbE8wJzAWZS6msznDuQZ/VBRVZtmUb4Ra0g="},"lastRemoteEphemeralKey":"BYWdM3bLiv+KojAIf78wu6yzObsuZREWrqA5/CCpCVt8","previousCounter":0,"rootKey":"fvsxUZn9HhTqdEuYZ1jiiMrI58IvyX4VUgdZyNN93sw="},"indexInfo":{"baseKey":"BfYUEcsO7JiWH+rkDlYYxHKPm+XyINVX5J94oDWMESF2","baseKeyType":1,"closed":-1,"used":1684221023436,"created":1684220984271,"remoteIdentityKey":"BYoybyf1PNO9KAGFiYekWeXdBzQNMiUvcUgjdOfcWVYd"},"_chains":{"BYWdM3bLiv+KojAIf78wu6yzObsuZREWrqA5/CCpCVt8":{"chainKey":{"counter":0,"key":"gSFUz/z1qVqdnR2ii5SdLhte2Jooy9DSSEY3Ge+4Mkk="},"chainType":2,"messageKeys":{}},"BaM0P+fgwSuABM0d7jztfROV51FYzvmAzxnkXkiJ7oN8":{"chainKey":{"counter":62,"key":"O2doHtlmVIptUK8R1Ccomp+7TGpT4I7rgP5TdjKb0W8="},"chainType":1,"messageKeys":{}}}}},"version":"v1"}