{"_sessions":{"BbSfDLXlEg8coQyGtJeoKqOiMxDomwZ3ZGIVQ04Nra58":{"registrationId":359544636,"currentRatchet":{"ephemeralKeyPair":{"pubKey":"BV5V7lBKitLufMCoR1+nWDECV5H0MptDW+LrkxlD6KEr","privKey":"sE028ERAbQx5Lsd7lrh01UwH4TAMyP4ou0CXRQxiLWg="},"lastRemoteEphemeralKey":"BUE+S+THB4Ty1pfmK+36HIFM2US0Lt6ZarxC5hZuePh5","previousCounter":0,"rootKey":"wKZYSgpvpHwz8szUQfu+Qh+aqDboU1yR6KiPIs1103U="},"indexInfo":{"baseKey":"BbSfDLXlEg8coQyGtJeoKqOiMxDomwZ3ZGIVQ04Nra58","baseKeyType":1,"closed":-1,"used":1684220983832,"created":1684220983832,"remoteIdentityKey":"BYxNjcYwltjrWhiJ45hqBxMKcD299VJy95fpv17oaqBl"},"_chains":{"BV5V7lBKitLufMCoR1+nWDECV5H0MptDW+LrkxlD6KEr":{"chainKey":{"counter":63,"key":"37pDzCNhfexXp2vTZ4rWPmE2Gn0NKMXrUCcoJMddqAA="},"chainType":1,"messageKeys":{}}},"pendingPreKey":{"signedKeyId":21,"baseKey":"BbSfDLXlEg8coQyGtJeoKqOiMxDomwZ3ZGIVQ04Nra58","preKeyId":13323923}}},"version":"v1"}