{"_sessions":{"BR+dHN+6D5i46SyennDn1i+hBMiCeMvycl+crfo4uVY0":{"registrationId":871510687,"currentRatchet":{"ephemeralKeyPair":{"pubKey":"BT6x5yjC19mlRDEC9Q831DyDusGWzEzrfA/ZyPNVwGkB","privKey":"kHzLInhzzzKeTJ1xApJiiT+Oa6bmYVpKphVcgWIYbHg="},"lastRemoteEphemeralKey":"BTcPw2nglgVPD15OGthofqZ/idsWw/ZEweYnsRDJlIZp","previousCounter":0,"rootKey":"3LaG4mnu1NZ6ZdXlR3exQElx86+oNhrRt7/wlClGjAI="},"indexInfo":{"baseKey":"BR+dHN+6D5i46SyennDn1i+hBMiCeMvycl+crfo4uVY0","baseKeyType":1,"closed":-1,"used":1684220984250,"created":1684220984250,"remoteIdentityKey":"BQw6cj/YfUrdWgQYCAt4/wWXcLyucx9zJTt+MKFNVYAj"},"_chains":{"BT6x5yjC19mlRDEC9Q831DyDusGWzEzrfA/ZyPNVwGkB":{"chainKey":{"counter":63,"key":"/pRSuA3v9yFquAeBUpJzhZBhG3/qIehFQ9Taevqu7PM="},"chainType":1,"messageKeys":{}}},"pendingPreKey":{"signedKeyId":1,"baseKey":"BR+dHN+6D5i46SyennDn1i+hBMiCeMvycl+crfo4uVY0","preKeyId":10277218}}},"version":"v1"}