{"_sessions":{"BYh5ypC4BvD7apTQxqxVbUzqLiZ7HHsZpQHYuVtibrwB":{"registrationId":1571686774,"currentRatchet":{"ephemeralKeyPair":{"pubKey":"BVzrP6CZvUOUp3EFh7maH5Z/BUCGm+/cUcLjr8NWgJMP","privKey":"kALIiTQVPZXy44zIZupDYGEWwqk4P1kWcmGj2NGjH3E="},"lastRemoteEphemeralKey":"BZWc5eM6fM0FooCCdAS0sp41ARvZ90UtgpBWLNjPSYl1","previousCounter":0,"rootKey":"xlJx01nEM6HwF6Q4kz5XLZ2XqAnk7jlgu4gEPDYj9ZA="},"indexInfo":{"baseKey":"BYh5ypC4BvD7apTQxqxVbUzqLiZ7HHsZpQHYuVtibrwB","baseKeyType":1,"closed":-1,"used":1684220984244,"created":1684220984244,"remoteIdentityKey":"BcdqemM/6uTcjVUmxOjwv9J/EUIdVVmjwe+vImvoFqZ7"},"_chains":{"BVzrP6CZvUOUp3EFh7maH5Z/BUCGm+/cUcLjr8NWgJMP":{"chainKey":{"counter":63,"key":"FSrnh3kYpzTEuowP7A0JIcG3vTE7tfz/UDzepWPWN3Y="},"chainType":1,"messageKeys":{}}},"pendingPreKey":{"signedKeyId":6,"baseKey":"BYh5ypC4BvD7apTQxqxVbUzqLiZ7HHsZpQHYuVtibrwB","preKeyId":5949928}}},"version":"v1"}