{"_sessions":{"BYTULuz8OIOUPHcg5ekk0/OkUNm1ECUGjwnF4f/i1VZn":{"registrationId":2010753690,"currentRatchet":{"ephemeralKeyPair":{"pubKey":"BWbsfykaTxonAhhSAZ0rQwqaNiDnL60pdAxSC+ezvTsd","privKey":"UINL8NBBdcj892j8QQTpQSkB4xxy/nCLCgE4yn+2N30="},"lastRemoteEphemeralKey":"BcbZiZMOMxiOgm2asaYDFzBAe0DkCMUm9Nef8fD+Kpci","previousCounter":0,"rootKey":"2Y/l6Z9dejYXu2803bkF7XunsKBc0tqZorRnhanGNbI="},"indexInfo":{"baseKey":"BYTULuz8OIOUPHcg5ekk0/OkUNm1ECUGjwnF4f/i1VZn","baseKeyType":1,"closed":-1,"used":1684220984408,"created":1684220984408,"remoteIdentityKey":"BWfCeXgCsYGF8p3gU4OcsG2CHPpNgUjJiqUue6/v0wVO"},"_chains":{"BWbsfykaTxonAhhSAZ0rQwqaNiDnL60pdAxSC+ezvTsd":{"chainKey":{"counter":63,"key":"Id71fZuUVODct+vsxgq4i7/Up4VJRIECJ6/B5P7VYvM="},"chainType":1,"messageKeys":{}}},"pendingPreKey":{"signedKeyId":6,"baseKey":"BYTULuz8OIOUPHcg5ekk0/OkUNm1ECUGjwnF4f/i1VZn","preKeyId":1721009}}},"version":"v1"}