{"_sessions":{"BaKuNFBRLoPtFf3CZDjy4OK3UG1Ze+MhTYrTAUtA/uJ8":{"registrationId":882468229,"currentRatchet":{"ephemeralKeyPair":{"pubKey":"BSsOVJr77kKGfYHBqHKKEpFf1V7mCHldin18sLrUlfEy","privKey":"sKb+Ba06t2zVITtF10LYt5h1IiHG56m2cfb3toSCUm4="},"lastRemoteEphemeralKey":"BZEwMwuoJapL0ipzVEufQ/ChD39d4mmlIJEXUl+XOiZ+","previousCounter":0,"rootKey":"qlMXrvV2tHJjBUAiZ27rx0bqHz2cyRtHvvUzx63qigs="},"indexInfo":{"baseKey":"BaKuNFBRLoPtFf3CZDjy4OK3UG1Ze+MhTYrTAUtA/uJ8","baseKeyType":1,"closed":-1,"used":1684220983965,"created":1684220983965,"remoteIdentityKey":"BS1lbvoCjnOsC95kAzLUP1x6RXmgJZlilRJsa30Wk2s/"},"_chains":{"BSsOVJr77kKGfYHBqHKKEpFf1V7mCHldin18sLrUlfEy":{"chainKey":{"counter":63,"key":"I7qI3O601MDNadcOaL+HureV1MAb0Vk4/zze3I/VI5k="},"chainType":1,"messageKeys":{}}},"pendingPreKey":{"signedKeyId":545,"baseKey":"BaKuNFBRLoPtFf3CZDjy4OK3UG1Ze+MhTYrTAUtA/uJ8","preKeyId":5335906}}},"version":"v1"}