{"_sessions":{"Bc1eYFCnHj2t+pxzHgYetVKgV504AfjzUiIk5dwyFkFx":{"registrationId":850685587,"currentRatchet":{"ephemeralKeyPair":{"pubKey":"BTS0OQRNiBU6D2jagxQNKxY6hXYF4zFWP8i+NfyLUfkt","privKey":"gNl7/HVIVcXWtD18C9bok9ONhIRIBHx61FlkLQBYs2g="},"lastRemoteEphemeralKey":"BRSbIuylN20q2sRkj7/EtnxSQnfgBEUGDcdmZqgE4TZN","previousCounter":0,"rootKey":"r2S/HzSq4kh74L8SC3capTjF6yfw22zaOuBRMyII4w4="},"indexInfo":{"baseKey":"Bc1eYFCnHj2t+pxzHgYetVKgV504AfjzUiIk5dwyFkFx","baseKeyType":1,"closed":-1,"used":1684220984388,"created":1684220984388,"remoteIdentityKey":"BXXfoXIwGO1P1W0PcsL54ib0uRXo94WmBnHX/JicZssw"},"_chains":{"BTS0OQRNiBU6D2jagxQNKxY6hXYF4zFWP8i+NfyLUfkt":{"chainKey":{"counter":63,"key":"wV71ZLmGZPIQAcTBANQvk5QrSHuafyg2a33V1tL9u3k="},"chainType":1,"messageKeys":{}}},"pendingPreKey":{"signedKeyId":1714,"baseKey":"Bc1eYFCnHj2t+pxzHgYetVKgV504AfjzUiIk5dwyFkFx","preKeyId":15550855}}},"version":"v1"}