{"_sessions":{"BRk8c0MmCfeaORVvtO8Jt9VuavegY2/RXY+Y739qGy0b":{"registrationId":948240801,"currentRatchet":{"ephemeralKeyPair":{"pubKey":"BeHnQWeD/5zcl8v5a+jOlF712NpnWdeSN3x5f+iDGcQ2","privKey":"wAA/wwC9ujHHtuNOai0KLTmZOwFKuW73CO1p1INXBWM="},"lastRemoteEphemeralKey":"BdXIjuhqXjeiiAQ+UGPfyMomyHth54u3ExliogwHZyMX","previousCounter":0,"rootKey":"8ld0CtPHRd6bq8LkoOFd8RV6xP9+59//3QFP5JClT3A="},"indexInfo":{"baseKey":"BRk8c0MmCfeaORVvtO8Jt9VuavegY2/RXY+Y739qGy0b","baseKeyType":1,"closed":-1,"used":1684221049234,"created":1684220984328,"remoteIdentityKey":"BcM5SnBCfLMLXFrzPKG+c9GfF3rSCKDyLlp7Vb/42ApA"},"_chains":{"BdXIjuhqXjeiiAQ+UGPfyMomyHth54u3ExliogwHZyMX":{"chainKey":{"counter":0,"key":"MEYLzkqWzMWemm6EECVY5Wl0Bsxk4S1wOPeK+JfrzZA="},"chainType":2,"messageKeys":{}},"BeHnQWeD/5zcl8v5a+jOlF712NpnWdeSN3x5f+iDGcQ2":{"chainKey":{"counter":62,"key":"WO27DkV/UFeBpvSD6gzVq8657pC0rCx+YpAbDV2b2zc="},"chainType":1,"messageKeys":{}}}}},"version":"v1"}