{"_sessions":{"BarN6Vm/8XKJQGB+4bA4Bkagpp74IFalgskx+1TQkz04":{"registrationId":1121521792,"currentRatchet":{"ephemeralKeyPair":{"pubKey":"Ba0h5qRZ0VTyJwYB2rkObklcr+br6gH15fV4QJzCSuFU","privKey":"cCogbtYW5YjIRub4XA1YoYeXFzQZLBjY1uBw9UriZV4="},"lastRemoteEphemeralKey":"BYMZcasWf/WpqIJmwdL03YXuMaePsTwSbR3o0uSi8Pl3","previousCounter":0,"rootKey":"V6nT7+mZBHhC74vJ4jbHSvKbIJOcthhAzza6xfyRBwo="},"indexInfo":{"baseKey":"BarN6Vm/8XKJQGB+4bA4Bkagpp74IFalgskx+1TQkz04","baseKeyType":1,"closed":-1,"used":1684220984293,"created":1684220984293,"remoteIdentityKey":"BXeJNQQudABRhH2/QqdQ3X242SS/is6IxbgwHfZRsGcZ"},"_chains":{"Ba0h5qRZ0VTyJwYB2rkObklcr+br6gH15fV4QJzCSuFU":{"chainKey":{"counter":63,"key":"jlhRBt/ms8stUSyXYpdEp1mkE7txUkS0CAlLkxpU4Rc="},"chainType":1,"messageKeys":{}}},"pendingPreKey":{"signedKeyId":13,"baseKey":"BarN6Vm/8XKJQGB+4bA4Bkagpp74IFalgskx+1TQkz04","preKeyId":10228090}}},"version":"v1"}