{"_sessions":{"BY0Nrku7F+AZ1Ymla6O+PbpPQHZGfkkvo6OMmuiWUtFM":{"registrationId":789047343,"currentRatchet":{"ephemeralKeyPair":{"pubKey":"BXEA5P0ni57xhfwX5m0bSZc4i+a6Z62na49txX/x9sgz","privKey":"CBgs886NxfHyC3cbSZ2IV/l8jy3h5A1fQ/P49h8JEn0="},"lastRemoteEphemeralKey":"BYSJjUUzeFKArlzrDASTcMiwz0NM5Pxt4WJAMHoLFXkp","previousCounter":0,"rootKey":"CwU5UlemUjvpA1M81NFPq98BsLBPNwIrC2sKRyIGjFc="},"indexInfo":{"baseKey":"BY0Nrku7F+AZ1Ymla6O+PbpPQHZGfkkvo6OMmuiWUtFM","baseKeyType":1,"closed":-1,"used":1684220983933,"created":1684220983933,"remoteIdentityKey":"BQCixSHADfbxm5jHmxJmpOalU/lH6VVv9Kj+rNNmTbsc"},"_chains":{"BXEA5P0ni57xhfwX5m0bSZc4i+a6Z62na49txX/x9sgz":{"chainKey":{"counter":63,"key":"IhMyRsTfrZaFLHKLEe4FweSbshQvi+JSDtOcvLQ6y8E="},"chainType":1,"messageKeys":{}}},"pendingPreKey":{"signedKeyId":2,"baseKey":"BY0Nrku7F+AZ1Ymla6O+PbpPQHZGfkkvo6OMmuiWUtFM","preKeyId":3255344}}},"version":"v1"}