{"_sessions":{"BW+y6PcNU6TdDjpvMKbS1sx0CxkIUPY66MxYEOFhyas6":{"registrationId":440777717,"currentRatchet":{"ephemeralKeyPair":{"pubKey":"BYHP+oPjFo6oYMdxmw1pVsxud9mA576vEk0QudmHeMl7","privKey":"0LK+4fMoaHpn4Kdmkh4uamTeutI4/GhaFKFaRtNMD2M="},"lastRemoteEphemeralKey":"BcD5mB5vAnqcrt4xT5nH3CjvD3anf6jokBHwxls/0acy","previousCounter":0,"rootKey":"LvRzml6i2aVbY5Ns9xxzH1Mh/UBAOYxHXfwhkq/jFx8="},"indexInfo":{"baseKey":"BW+y6PcNU6TdDjpvMKbS1sx0CxkIUPY66MxYEOFhyas6","baseKeyType":1,"closed":-1,"used":1684253283445,"created":1684253257543,"remoteIdentityKey":"BSPW7OeAcKUFv1cNxnm5EClSR8VirVAZkr6kBAqk/hIV"},"_chains":{"BcD5mB5vAnqcrt4xT5nH3CjvD3anf6jokBHwxls/0acy":{"chainKey":{"counter":0,"key":"tHRFcj6a4rnCIDSql1+uqI0uQaWN8BbnXOCyfu6o5zo="},"chainType":2,"messageKeys":{}},"BYHP+oPjFo6oYMdxmw1pVsxud9mA576vEk0QudmHeMl7":{"chainKey":{"counter":-1,"key":"YT4xCvFeUsVD50VWDOpgIkSY7xNf2gQJ6NmowTuFNWQ="},"chainType":1,"messageKeys":{}}}}},"version":"v1"}