{"_sessions":{"Bal3N+opBySJSpWyRNpCy5P21AAolpqy0jlZOFZM3hME":{"registrationId":15204,"currentRatchet":{"ephemeralKeyPair":{"pubKey":"BWr3fJ5aHRyWJzJ9q3b3NYma4A00hCZSGH3vCkbvlL4i","privKey":"KHDnK8XOmA1ydljAh00oICKPIs0XnNaJxUfnwDMX31Q="},"lastRemoteEphemeralKey":"BTLjA1gf/+uzYNSzLJquvMxZZxuxIwdfs00p/Rgo38ht","previousCounter":0,"rootKey":"xzC6YEZXBmQ5Kx/toAr0qYtiX4QFqhOd+ab7z1jAeYk="},"indexInfo":{"baseKey":"Bal3N+opBySJSpWyRNpCy5P21AAolpqy0jlZOFZM3hME","baseKeyType":1,"closed":-1,"used":1684220983780,"created":1684220983780,"remoteIdentityKey":"BccpMygepndAhazYy7cyyHTpU1V1T3+2AuH6EW6bEMIT"},"_chains":{"BWr3fJ5aHRyWJzJ9q3b3NYma4A00hCZSGH3vCkbvlL4i":{"chainKey":{"counter":63,"key":"wUUe4xhhJnhliqxhMGuFuRZ1W0Sw9ql0M9XGEK1hKLk="},"chainType":1,"messageKeys":{}}},"pendingPreKey":{"signedKeyId":5,"baseKey":"Bal3N+opBySJSpWyRNpCy5P21AAolpqy0jlZOFZM3hME","preKeyId":2789}}},"version":"v1"}