{"_sessions":{"BQZLaltznCjuDaw+Huuaz6ZxENjI6tbYBXuli3CX7SY2":{"registrationId":121067907,"currentRatchet":{"ephemeralKeyPair":{"pubKey":"BZGZDYfSKlDoRsIQAU1zfADRH4XHYXDj6xK+xTVIybtU","privKey":"IMuvYQmURoRfITWuyNC47ENSeiiFtw2KPNECQQwVn1g="},"lastRemoteEphemeralKey":"BT/fgEGm21sYU9aBURKvP9+IqVC/8+3qV3bvcdoNvWE5","previousCounter":0,"rootKey":"0/Hkuwj6K7fQHqk5Rut3RrvcOE+ZOPuOfpwwYsqjUco="},"indexInfo":{"baseKey":"BQZLaltznCjuDaw+Huuaz6ZxENjI6tbYBXuli3CX7SY2","baseKeyType":1,"closed":-1,"used":1684225558640,"created":1684220984043,"remoteIdentityKey":"BeMC3kDHYJRltL7Pk6QB4jJrOAXfqqITpkVT2+6SgOhP"},"_chains":{"BT/fgEGm21sYU9aBURKvP9+IqVC/8+3qV3bvcdoNvWE5":{"chainKey":{"counter":0,"key":"pLJwlLnBCRnHqrlQcY9suDbgEeBFIUnvnIm2vXprmuM="},"chainType":2,"messageKeys":{}},"BZGZDYfSKlDoRsIQAU1zfADRH4XHYXDj6xK+xTVIybtU":{"chainKey":{"counter":62,"key":"RnbeUWWumuZMhJ9h65ehgcud955lNwxaAKOMFQmXLoI="},"chainType":1,"messageKeys":{}}}}},"version":"v1"}