{"_sessions":{"BWB9IDn9FbALtU28fb+DISbdQ/vUV4jr7p9ZGXT9PR8v":{"registrationId":1069834022,"currentRatchet":{"ephemeralKeyPair":{"pubKey":"Ba3DhwMhfq+c2AWgPhEuzPEuuBd6SXp2Ye/88/7/llcm","privKey":"ENuHLm1XqrRSSc1Qx4YZ8OIb9vx7fckNuyeziPCZeVU="},"lastRemoteEphemeralKey":"BQzlJxbvFQs0eRVptrS3zPMUfzWIE0qIkDt7dUdRGDpY","previousCounter":0,"rootKey":"0OsGpluzMTCop0XUXHhSg1Sj5Nd70xkS/lVqs3fPbBA="},"indexInfo":{"baseKey":"BWB9IDn9FbALtU28fb+DISbdQ/vUV4jr7p9ZGXT9PR8v","baseKeyType":1,"closed":-1,"used":1684220984307,"created":1684220984307,"remoteIdentityKey":"BbW5xcG6nXrZbgHc8MtG0oJjocJYUYwZHY/tA++p6Rsj"},"_chains":{"Ba3DhwMhfq+c2AWgPhEuzPEuuBd6SXp2Ye/88/7/llcm":{"chainKey":{"counter":63,"key":"4IXR7xqB5hAvxut8PCxR6vlDkf9gOhW5GWTIYuJ44eo="},"chainType":1,"messageKeys":{}}},"pendingPreKey":{"signedKeyId":2,"baseKey":"BWB9IDn9FbALtU28fb+DISbdQ/vUV4jr7p9ZGXT9PR8v","preKeyId":12527577}}},"version":"v1"}