{"_sessions":{"BZlWJl7sA8tAA4pDT0X91imS/jqxyGKjPrq8wUYfWNQP":{"registrationId":1940896845,"currentRatchet":{"ephemeralKeyPair":{"pubKey":"BV5i1+T1S6InzLoFJhF6R+TpcwQzpV0wlKInUsYCS8sS","privKey":"ePH7/KOxLcMe1PKLYhV5X2nX8qTjgE60YHnaUNE2T04="},"lastRemoteEphemeralKey":"BRN7qWMVeQ9+jMD70m1VBsjWUEeVQVlhK7e0iFOyieoc","previousCounter":0,"rootKey":"XZvo8duhMg3D/6gsFMWWh/hRkX5wwnHXkotLuGVreus="},"indexInfo":{"baseKey":"BZlWJl7sA8tAA4pDT0X91imS/jqxyGKjPrq8wUYfWNQP","baseKeyType":1,"closed":-1,"used":1684220983938,"created":1684220983938,"remoteIdentityKey":"BR8VqYxgtKVUYPYPAbNkZY2NcpLudHCNdcGSU9Y1suZH"},"_chains":{"BV5i1+T1S6InzLoFJhF6R+TpcwQzpV0wlKInUsYCS8sS":{"chainKey":{"counter":63,"key":"ofVLDfyxaOcxyqNRpIOTMOx3Mxn+1iTdTzoKvR5u6hs="},"chainType":1,"messageKeys":{}}},"pendingPreKey":{"signedKeyId":3,"baseKey":"BZlWJl7sA8tAA4pDT0X91imS/jqxyGKjPrq8wUYfWNQP","preKeyId":604938}}},"version":"v1"}