{"_sessions":{"BSSPpHV/tygAxtbZZcGWgbdwvsMHC91P/zTyDdpMeOYb":{"registrationId":866791773,"currentRatchet":{"ephemeralKeyPair":{"pubKey":"BX0ABFu+mF9Xoe/8K8tl0XeC6AfLwvf1S4+vU7/PywgT","privKey":"6CtTmgJNKU7o/jvBSOqUKBA4aONRlYbP11AcLyWJIHc="},"lastRemoteEphemeralKey":"BZQ7/6YrCng+9i22sMh+9lQcqBEihl+xIdPWW5cCzpQ/","previousCounter":0,"rootKey":"ujZmfJrXei4i0vJNb4DJ83aIRApeZQJVC/SAQcqNits="},"indexInfo":{"baseKey":"BSSPpHV/tygAxtbZZcGWgbdwvsMHC91P/zTyDdpMeOYb","baseKeyType":1,"closed":-1,"used":1684220983814,"created":1684220983814,"remoteIdentityKey":"BYnJ3FOCeNXgmCIt0z7vNDqclqUc9jxCSlAQF/iAj5IH"},"_chains":{"BX0ABFu+mF9Xoe/8K8tl0XeC6AfLwvf1S4+vU7/PywgT":{"chainKey":{"counter":63,"key":"Xf+TrRmXoMFYo2JSqwv2A0JjL105VV4txS7U8JjrJkk="},"chainType":1,"messageKeys":{}}},"pendingPreKey":{"signedKeyId":10,"baseKey":"BSSPpHV/tygAxtbZZcGWgbdwvsMHC91P/zTyDdpMeOYb","preKeyId":12978062}}},"version":"v1"}