{"_sessions":{"BZ8/iYGxR5OEA+UcbfY8a5JhLnIBYZRgwaH0ubaTadwJ":{"registrationId":431078537,"currentRatchet":{"ephemeralKeyPair":{"pubKey":"BY8dxpGGep2Cm7nx4JyannJtrtaKw4VMhi0UGspzL88J","privKey":"aJzz+9Qn5rxHWL071SXewKw4NWJP6uHOcEiXsex1B3M="},"lastRemoteEphemeralKey":"BVJ//9pNwZqVJUsdXeYyLh+PfDwuX4Ox2CXMX3k4uR46","previousCounter":0,"rootKey":"pVeW7NmQZBCjxMnUfTRVXl9HNo/9jJfVk2svLZQshoA="},"indexInfo":{"baseKey":"BZ8/iYGxR5OEA+UcbfY8a5JhLnIBYZRgwaH0ubaTadwJ","baseKeyType":1,"closed":-1,"used":1684220983870,"created":1684220983870,"remoteIdentityKey":"Bct6db3kHoCf55f/Te+xumq1Z4TgQUAtFJYA9fNZiD9P"},"_chains":{"BY8dxpGGep2Cm7nx4JyannJtrtaKw4VMhi0UGspzL88J":{"chainKey":{"counter":63,"key":"MDC3EvZ5L9ydVkb5E2A5dxsYqXncNGtS3KZ200YWevc="},"chainType":1,"messageKeys":{}}},"pendingPreKey":{"signedKeyId":17,"baseKey":"BZ8/iYGxR5OEA+UcbfY8a5JhLnIBYZRgwaH0ubaTadwJ","preKeyId":927120}}},"version":"v1"}