{"_sessions":{"BUPuj2gkMzkLbU7IFNtAwlY5NMTnb05boyEudvm3O6BH":{"registrationId":1947556773,"currentRatchet":{"ephemeralKeyPair":{"pubKey":"BSlXx3bNKNY26xmxpI4KFdhJW+7TYP0vKq5IlANfwIIc","privKey":"UPEDm6BWQRx2nCm4UUEi1o1W7DwO5d7Hga6qhCO/QVw="},"lastRemoteEphemeralKey":"BTsDG+VVZFIVqVtqFW0YJF3yRs9nwUjdw4CjRw0HLfEY","previousCounter":0,"rootKey":"AhdxComq8HCcZPuurSkSmiFO8qH5d2jF4pLOZeoSbN4="},"indexInfo":{"baseKey":"BUPuj2gkMzkLbU7IFNtAwlY5NMTnb05boyEudvm3O6BH","baseKeyType":1,"closed":-1,"used":1684253310987,"created":1684253159895,"remoteIdentityKey":"BWxLEK7UeJCvNZgTxWvWPN0q7lfdTctjLeGG0jqBEclc"},"_chains":{"BTsDG+VVZFIVqVtqFW0YJF3yRs9nwUjdw4CjRw0HLfEY":{"chainKey":{"counter":0,"key":"Off02xMZtQAfL1IW4fUAji4iDoH4K8Be/5+ev76OstA="},"chainType":2,"messageKeys":{}},"BSlXx3bNKNY26xmxpI4KFdhJW+7TYP0vKq5IlANfwIIc":{"chainKey":{"counter":-1,"key":"HQ/+GZBfz8BOsqr2WFr21je9ZgDgRXYsjmIcuSctcv8="},"chainType":1,"messageKeys":{}}}}},"version":"v1"}