{"_sessions":{"BV1bALv3yAqcZc5ecW4QRgOevhn9Gj0fp5GJD8aOLC4V":{"registrationId":1213430009,"currentRatchet":{"ephemeralKeyPair":{"pubKey":"BQoeGbkG8WhXQJpYce+8M8lqu3J4z0WfzLzZtnfg9f15","privKey":"8FF19xQABkVrG6Z632L0RK/vzfyDWG2g1S9kV/zbu3c="},"lastRemoteEphemeralKey":"BWF2hDcL+9XRqjtcgMf+eh0l4+YsMTARN4CsHVTc5cUh","previousCounter":0,"rootKey":"twreQSipd0r8PVHrTMnpR0gU3ZN5tRo8oB1+AyLQYmk="},"indexInfo":{"baseKey":"BV1bALv3yAqcZc5ecW4QRgOevhn9Gj0fp5GJD8aOLC4V","baseKeyType":1,"closed":-1,"used":1684225744237,"created":1684220984090,"remoteIdentityKey":"BRsbuNAORTEf4MRvp7rG6bVj26kR0js6HkYSmIEaAupP"},"_chains":{"BWF2hDcL+9XRqjtcgMf+eh0l4+YsMTARN4CsHVTc5cUh":{"chainKey":{"counter":0,"key":"HOfAVrao5SoDU9N0IO81Mi5ieLB4wtx8cSUjstjLkIA="},"chainType":2,"messageKeys":{}},"BQoeGbkG8WhXQJpYce+8M8lqu3J4z0WfzLzZtnfg9f15":{"chainKey":{"counter":62,"key":"BK0o+FULwYLgWQu4VdiMhjufnIAh4ASwfu7AMTj/cdA="},"chainType":1,"messageKeys":{}}}}},"version":"v1"}