{"_sessions":{"BTWU/uBTsmEHDGWmqt+BHa3gNowQ9EWFQKPiLMq6DxQZ":{"registrationId":928151031,"currentRatchet":{"ephemeralKeyPair":{"pubKey":"BSaRyzqvA81pe/CUnCshkcpShncHj48uVia8Y/mMPoQM","privKey":"MEGVlriGGxuaWooegFPuyOP1AxSoUaVDE1aPJrek2Hc="},"lastRemoteEphemeralKey":"BXODngVTtINw/ICpLZLWj3CpAC+YmDVGgBKbLySDtMYv","previousCounter":0,"rootKey":"ANItCzvkdoDMeWH01m06bJ06e57efftAst0kSweHEWM="},"indexInfo":{"baseKey":"BTWU/uBTsmEHDGWmqt+BHa3gNowQ9EWFQKPiLMq6DxQZ","baseKeyType":1,"closed":-1,"used":1684220984302,"created":1684220984302,"remoteIdentityKey":"BXHJitPBH/lBs9xjAaXcTasj1eGOsbQnqT8DWH5xDloQ"},"_chains":{"BSaRyzqvA81pe/CUnCshkcpShncHj48uVia8Y/mMPoQM":{"chainKey":{"counter":63,"key":"OvqSfPeVf1GU+DmoyKAZd+mL9L/AFl6ybXzcSomJ0fY="},"chainType":1,"messageKeys":{}}},"pendingPreKey":{"signedKeyId":10,"baseKey":"BTWU/uBTsmEHDGWmqt+BHa3gNowQ9EWFQKPiLMq6DxQZ","preKeyId":10158500}}},"version":"v1"}