{"_sessions":{"BagbKv1pSDL6PmXPVAWqVyrZ2G5nZ1b9eplyKlUu8DUW":{"registrationId":14991,"currentRatchet":{"ephemeralKeyPair":{"pubKey":"BTAscvcvZ50R09XAidfIcYdhzwYiZ3s/43L1ilq7WgEK","privKey":"0FkUDWK4q3akWcMlb9Zxq2V5JALb+0lJ9wKWkANmIXg="},"lastRemoteEphemeralKey":"BZ0KaOXznWGw7kOqgINTFiJEYdB0EvRinfrIOVhC0s0G","previousCounter":0,"rootKey":"BqOqNIAbomQZpnEBBG24nFpTGu6CeckSOPfp6gfvo3w="},"indexInfo":{"baseKey":"BagbKv1pSDL6PmXPVAWqVyrZ2G5nZ1b9eplyKlUu8DUW","baseKeyType":1,"closed":-1,"used":1684220983802,"created":1684220983802,"remoteIdentityKey":"BXecFuK3bzNWohhdZuzOtNN8GQTCoKVTUc9WXThx5GNz"},"_chains":{"BTAscvcvZ50R09XAidfIcYdhzwYiZ3s/43L1ilq7WgEK":{"chainKey":{"counter":63,"key":"KcyzTPBSvVKxSP7usnSiVO90GUbvhWxC9gz+eCPB4Tg="},"chainType":1,"messageKeys":{}}},"pendingPreKey":{"signedKeyId":1,"baseKey":"BagbKv1pSDL6PmXPVAWqVyrZ2G5nZ1b9eplyKlUu8DUW"}}},"version":"v1"}