{"_sessions":{"Bb2DjktKkCKkbqo5bq6WEmrwOiWcOHV5qkOlvjJeAJ87":{"registrationId":1588032467,"currentRatchet":{"ephemeralKeyPair":{"pubKey":"Bf3aDng8sXKslW8oV35SQyuo1MvDrd6GGSYb9KWomXNx","privKey":"mAwuCk0Pu1GQujuPqkZYdwM6yNmpBddMuxOd3BjwG1o="},"lastRemoteEphemeralKey":"BTsmXpHI1B4kwrF4bca/tKU4LIserBgVE8RYT/urwgNb","previousCounter":0,"rootKey":"8iwXUqX1doCkIG/3jf+R6Hd5R4r69mOsJ3eKHtYJWcE="},"indexInfo":{"baseKey":"Bb2DjktKkCKkbqo5bq6WEmrwOiWcOHV5qkOlvjJeAJ87","baseKeyType":1,"closed":-1,"used":1684220984153,"created":1684220984153,"remoteIdentityKey":"BT4nCUZM1zvOMJpuLJZ0es70MHXka/bw7nz+c4h34UwF"},"_chains":{"Bf3aDng8sXKslW8oV35SQyuo1MvDrd6GGSYb9KWomXNx":{"chainKey":{"counter":63,"key":"fsQnF8J6pna22O2UdHWBxmHV6TfMLGEiL2lXeQP+Hng="},"chainType":1,"messageKeys":{}}},"pendingPreKey":{"signedKeyId":15,"baseKey":"Bb2DjktKkCKkbqo5bq6WEmrwOiWcOHV5qkOlvjJeAJ87","preKeyId":7886187}}},"version":"v1"}