{"_sessions":{"BaT4UiABwki8EZuXkCOcNZKSo+OGEa7I+Aw7oLPGStEm":{"registrationId":1493307352,"currentRatchet":{"ephemeralKeyPair":{"pubKey":"BWLzAcc1rV/PhWJRWMuFthu7ubHCvPI1ddq1ZimpI04J","privKey":"CNmw29nLUYo13TgOy6TIa++UcUDCdUpPV6MGCyqyZ08="},"lastRemoteEphemeralKey":"BfQeYeZ81XjirrScvpn2R0Wow+PGb31AcZjaaDphuqp6","previousCounter":0,"rootKey":"QhhXgNPtdCRYq+2tAZUgxMSBU47S2I2eUZ35pEEa29w="},"indexInfo":{"baseKey":"BaT4UiABwki8EZuXkCOcNZKSo+OGEa7I+Aw7oLPGStEm","baseKeyType":1,"closed":-1,"used":1684229883246,"created":1684229870307,"remoteIdentityKey":"BfF8TgMt/jjdYsf7eChNB7IPGeD9n/EkogVTi0HhYs1n"},"_chains":{"BfQeYeZ81XjirrScvpn2R0Wow+PGb31AcZjaaDphuqp6":{"chainKey":{"counter":0,"key":"+kgl5KRk6z8T/Z78x/Aj2qIckNNk/CQ6h9AKyGL7tGg="},"chainType":2,"messageKeys":{}},"BWLzAcc1rV/PhWJRWMuFthu7ubHCvPI1ddq1ZimpI04J":{"chainKey":{"counter":62,"key":"tdCjPwFZH94txiirV2Hl5HH6bPCgcsWtkMBexYWn67k="},"chainType":1,"messageKeys":{}}}}},"version":"v1"}