{"_sessions":{"BZ7QYWya3iO4e57sdqyFahIdZMAYh9QlHCj4ubX2PSkV":{"registrationId":1627524967,"currentRatchet":{"ephemeralKeyPair":{"pubKey":"BUdqito3+p5aLV4eb2aHFzo4+3zYOTTfJZHcMrjNlSV1","privKey":"KMj4a4wqjnrk6yhugowAM0H0aSc6w56KMP0dA6tlqmQ="},"lastRemoteEphemeralKey":"BYTwbIDw27Jpbvybzfa86idgt09IP38cxDKc6oBo/nAA","previousCounter":0,"rootKey":"4Q48Wb779Kn4XKs5rWUPEgZU/TxAvbYb+SXIDSED+dU="},"indexInfo":{"baseKey":"BZ7QYWya3iO4e57sdqyFahIdZMAYh9QlHCj4ubX2PSkV","baseKeyType":1,"closed":-1,"used":1684220983846,"created":1684220983846,"remoteIdentityKey":"BXASQMhPtET91fS6LD7f//dRdKDFfA8gY95BP2q8Heo+"},"_chains":{"BUdqito3+p5aLV4eb2aHFzo4+3zYOTTfJZHcMrjNlSV1":{"chainKey":{"counter":63,"key":"Csjn+8SOlsmjp+0oUam2+ONYcIx5MicLHd8XXxzaNK4="},"chainType":1,"messageKeys":{}}},"pendingPreKey":{"signedKeyId":817,"baseKey":"BZ7QYWya3iO4e57sdqyFahIdZMAYh9QlHCj4ubX2PSkV","preKeyId":9146781}}},"version":"v1"}