{"_sessions":{"BQSyBnukK7JHiaYKyXG3vhQ8LgT+lcnPRWRLUEqPykQr":{"registrationId":1466278408,"currentRatchet":{"ephemeralKeyPair":{"pubKey":"BcZABqsDPDkoH1iiS+12UHQbp+vAGpM8IyenCB9OSs0S","privKey":"uFTGUcalcNQ6OLc0Ojq0tnOMVn4lakV9Lv7YBhh9J3k="},"lastRemoteEphemeralKey":"BbH1Aa2P2IG2UdsvbPmqzmCqzS8xA1N6snYQOurrTqhg","previousCounter":0,"rootKey":"VxGBfatQo7X6vIAMPWV+UP9Crm5C8s48sIP1dq8pYhE="},"indexInfo":{"baseKey":"BQSyBnukK7JHiaYKyXG3vhQ8LgT+lcnPRWRLUEqPykQr","baseKeyType":1,"closed":-1,"used":1684252639034,"created":1684252639034,"remoteIdentityKey":"BZ2rHEN2U03X1ZK0shRSTuPpl5tJHnuiDq0JXZZ9f+lK"},"_chains":{"BcZABqsDPDkoH1iiS+12UHQbp+vAGpM8IyenCB9OSs0S":{"chainKey":{"counter":0,"key":"y5gSoZLDQcvfNL+B/FTJX4tU4H7TzA0OElglb/9VmXA="},"chainType":1,"messageKeys":{}}},"pendingPreKey":{"signedKeyId":1,"baseKey":"BQSyBnukK7JHiaYKyXG3vhQ8LgT+lcnPRWRLUEqPykQr","preKeyId":15391907}}},"version":"v1"}