{"_sessions":{"BXxgk8M/uudaFRvgMvKiJuNiIFAINLgL6N1rZiQ4eiZY":{"registrationId":275586796,"currentRatchet":{"ephemeralKeyPair":{"pubKey":"BYQ4dhxg/vg3aTQLKHJ9rGsqJBKfeirxvbBCKuPWGrkq","privKey":"cIFMsLSka5SibgCc/2rFRxMUqnsOSDjIALRc7QvvJlc="},"lastRemoteEphemeralKey":"BWQ6CUXtxTrhHeauTZmgpgULtxkejG7SbAWxNAHaEVlZ","previousCounter":87,"rootKey":"i127u52LVaYG8voRE+8QB6gdhwq34sAnmxUlQ1x/Syc="},"indexInfo":{"baseKey":"BXxgk8M/uudaFRvgMvKiJuNiIFAINLgL6N1rZiQ4eiZY","baseKeyType":2,"closed":-1,"used":1684245105791,"created":1684219057301,"remoteIdentityKey":"BX6xmSKxGYeWeH6XCwny4QtdxnlvtHqogplLXh32llZa"},"_chains":{"BejBjAXD0RC8BsaYTAAs6nRnMLAx4aTYXE94vRq4rlx3":{"chainKey":{"counter":7},"chainType":2,"messageKeys":{}},"BXm6ldCBA3GRsZN3VEaqvEEIys7UPFNXfE1uyFa6MB00":{"chainKey":{"counter":0},"chainType":2,"messageKeys":{}},"BeZCALpYyz1pWx0jEWuIK2GmhJWkTJVuXGaa/Fv4FjtX":{"chainKey":{"counter":2},"chainType":2,"messageKeys":{}},"BWQ6CUXtxTrhHeauTZmgpgULtxkejG7SbAWxNAHaEVlZ":{"chainKey":{"counter":1,"key":"ln4Bsxa4FEBi/z5IuUSarWeXvXQZxVNsS5vKWFckIYg="},"chainType":2,"messageKeys":{}},"BYQ4dhxg/vg3aTQLKHJ9rGsqJBKfeirxvbBCKuPWGrkq":{"chainKey":{"counter":20,"key":"tclOTG+xl36gi+4KsWfWJLWMFVrCnnaTaCXDE5ZogVQ="},"chainType":1,"messageKeys":{}}}}},"version":"v1"}