{"_sessions":{"BQLhyRvexwCMljZYzyn+KbHPnqUIRTWcYUNQ5FogLiYL":{"registrationId":666400803,"currentRatchet":{"ephemeralKeyPair":{"pubKey":"BVG7xYYGVre4h5R8Fjma0JMuT7HSmxT7zNSVRuc7lpYS","privKey":"aPJJZflOLcajhFUKR920qF8y+mUBfpHSomRDLQgZuWE="},"lastRemoteEphemeralKey":"BQy1H3KH8LIz1Abyg6ODbVnC5L7TLjqv2Gyt7i7rBvwl","previousCounter":0,"rootKey":"cXD6U41Kp6xccYvQDVWmXYnN4VIrinrnVVJImbTcBBU="},"indexInfo":{"baseKey":"BQLhyRvexwCMljZYzyn+KbHPnqUIRTWcYUNQ5FogLiYL","baseKeyType":1,"closed":-1,"used":1684220984096,"created":1684220984096,"remoteIdentityKey":"BWwL6CZNYHz5PoNAr6OU3Hr0GEzReb5Jik3dE5cJy6Mo"},"_chains":{"BVG7xYYGVre4h5R8Fjma0JMuT7HSmxT7zNSVRuc7lpYS":{"chainKey":{"counter":63,"key":"FUrlwVk6m1ODzsg5oq8R/jb4KasWfx4PONNbG07njyo="},"chainType":1,"messageKeys":{}}},"pendingPreKey":{"signedKeyId":14,"baseKey":"BQLhyRvexwCMljZYzyn+KbHPnqUIRTWcYUNQ5FogLiYL","preKeyId":13588328}}},"version":"v1"}