{"_sessions":{"BR8Wy+TB+YZ3U8sDaVoNgq7qSUXs21G54KwHMlXpdO9a":{"registrationId":1084759441,"currentRatchet":{"ephemeralKeyPair":{"pubKey":"BYIlNiUvTVQFC2dbfbHkvuNjOL9tzo9VbAyz3ZHoO01s","privKey":"QMbfMmdGIWVREQDhSXwrC3QwWLqyobISLsrHs8gCG3M="},"lastRemoteEphemeralKey":"BaCzmHODRv6DX9b3eJJ9UJ6WfMSbgnQ/ClSIMkGP+p1v","previousCounter":0,"rootKey":"IOLnJyAw1H2+de1M5hNmdGjO6PEpKcM0pZi8uHw5lmw="},"indexInfo":{"baseKey":"BR8Wy+TB+YZ3U8sDaVoNgq7qSUXs21G54KwHMlXpdO9a","baseKeyType":1,"closed":-1,"used":1684220984412,"created":1684220984412,"remoteIdentityKey":"BYxNRPyz9ll1vvNfKEdxYSszd8sVNSFFQs0e/ZzP66hE"},"_chains":{"BYIlNiUvTVQFC2dbfbHkvuNjOL9tzo9VbAyz3ZHoO01s":{"chainKey":{"counter":63,"key":"tDEKzJNtB3B+OBs5oj1YfEQt4k4H2hveSUGS84LFuV8="},"chainType":1,"messageKeys":{}}},"pendingPreKey":{"signedKeyId":14,"baseKey":"BR8Wy+TB+YZ3U8sDaVoNgq7qSUXs21G54KwHMlXpdO9a","preKeyId":3642091}}},"version":"v1"}