{"_sessions":{"BUF29IhgxKQVndEGybbaVJdA8qUxMP7sUtO3VCRDJoQT":{"registrationId":1723097173,"currentRatchet":{"ephemeralKeyPair":{"pubKey":"BUGlBJZ/EaCgVO+LjiuYyq4Xin4VAAaGjpjSlFkxRbFq","privKey":"ECl19L8KZ3xXXKVagQmlbKt2pW2d3F2QDbfM0TKpN0g="},"lastRemoteEphemeralKey":"BUecz4UtN4r+x2b2BrYC0JMhK34WAM5Qvrp7pSbYIk1M","previousCounter":0,"rootKey":"VX3Q4jw+sdvDc0YJlVG986Pret0H2dG5zt6kL1zODRc="},"indexInfo":{"baseKey":"BUF29IhgxKQVndEGybbaVJdA8qUxMP7sUtO3VCRDJoQT","baseKeyType":1,"closed":-1,"used":1684237777338,"created":1684220984312,"remoteIdentityKey":"BfGZ0rG6Ep7u29KW+BoSAKTCwKJ/sOklbcmvZ/HkXqBh"},"_chains":{"BUecz4UtN4r+x2b2BrYC0JMhK34WAM5Qvrp7pSbYIk1M":{"chainKey":{"counter":2,"key":"9p4QPk1zPKIJ23KheuLU+PUohKW/mOCwRTUun9RTqco="},"chainType":2,"messageKeys":{}},"BUGlBJZ/EaCgVO+LjiuYyq4Xin4VAAaGjpjSlFkxRbFq":{"chainKey":{"counter":62,"key":"RrFOrSTk65H9DMhB7xkJu40UjwjdwUwGtxOUfjuKrE4="},"chainType":1,"messageKeys":{}}}}},"version":"v1"}