{"_sessions":{"BY/gV1NmnYFgarJt5Yhw0+jvMob10g6iPEUNfdCz7Rcx":{"registrationId":759607667,"currentRatchet":{"ephemeralKeyPair":{"pubKey":"BanzsDxtu0SCFM136rBnb71BBc5hHDR19nZAFp6rxoJ4","privKey":"CMclXWkZRDw88rM82tCbqTMU79ZrjqK9qKFjEqotXmM="},"lastRemoteEphemeralKey":"BXm0ZD4ATnz+7LPJ6bXAJ57OAm3OQYpFxoeqx7BdV9dD","previousCounter":0,"rootKey":"D9E8F215g4SurXW1RcrZOeC9OwZfvtxgRMcDVZbjawg="},"indexInfo":{"baseKey":"BY/gV1NmnYFgarJt5Yhw0+jvMob10g6iPEUNfdCz7Rcx","baseKeyType":1,"closed":-1,"used":1684220983916,"created":1684220983916,"remoteIdentityKey":"BW6Wyzn1nIBn+GhX6EmCrXBT1nbHMGehwVZKoYYlRXAW"},"_chains":{"BanzsDxtu0SCFM136rBnb71BBc5hHDR19nZAFp6rxoJ4":{"chainKey":{"counter":63,"key":"Myf0NDaxqvtceKXaoCnfe5OgiyPX9o07QvUizbRf4Qk="},"chainType":1,"messageKeys":{}}},"pendingPreKey":{"signedKeyId":11,"baseKey":"BY/gV1NmnYFgarJt5Yhw0+jvMob10g6iPEUNfdCz7Rcx","preKeyId":659935}}},"version":"v1"}