{"_sessions":{"BbN0YwvKMiSrKPqQkNO0R1Pr6YekpAYohwzoc1zar0c5":{"registrationId":852032440,"currentRatchet":{"ephemeralKeyPair":{"pubKey":"Be9C2gyTbRZZAcYCQQ94CfvOe5PKy5PPn2fO/5oRool1","privKey":"QOEqtzQiumt1MVQu19yN3gjrKHPxXRTEjXNf5INeGHs="},"lastRemoteEphemeralKey":"BTdJx5jBYcUjFBgDhJaj1c71dcEVI9tuSdjOik+afwNs","previousCounter":0,"rootKey":"9XNYVIm1o+cpctZlKiPq9duWdUoW+2Ltra8b9hYZJio="},"indexInfo":{"baseKey":"BbN0YwvKMiSrKPqQkNO0R1Pr6YekpAYohwzoc1zar0c5","baseKeyType":1,"closed":-1,"used":1684220984196,"created":1684220984196,"remoteIdentityKey":"BQEnrx6WPTWMHI7QnHnyDAc0nz36kdPJgsaTSCuHilJH"},"_chains":{"Be9C2gyTbRZZAcYCQQ94CfvOe5PKy5PPn2fO/5oRool1":{"chainKey":{"counter":63,"key":"X9/reoXhaqgHoWaK1i1KNGE/qQIenRaIsq8hZkPhzcg="},"chainType":1,"messageKeys":{}}},"pendingPreKey":{"signedKeyId":2,"baseKey":"BbN0YwvKMiSrKPqQkNO0R1Pr6YekpAYohwzoc1zar0c5","preKeyId":15143203}}},"version":"v1"}