{
	"name": "3D",
	"version": "0.1.1",
	"homepage": "https://github.com/dominikwilkowski/cfonts",
	"colors": 2,
	"lines": 9,
	"buffer": [
		"",
		" ",
		"  ",
		"   ",
		"    ",
		"     ",
		"      ",
		"       ",
		"        "
	],
	"letterspace": [
		"<c2>_</c2>",
		"<c2>_</c2>",
		"<c2>_</c2>",
		"<c2>_</c2>",
		"<c2>_</c2>",
		"<c2>_</c2>",
		"<c2>_</c2>",
		"<c2>_</c2>",
		"<c2>_</c2>"
	],
	"chars": {
		"A": [
			"<c2>____</c2><c1>/\\\\\\\\\\\\\\\\\\</c1><c2>___</c2>",
			 "<c2>__</c2><c1>/\\\\\\\\\\\\\\\\\\\\\\\\\\</c1><c2>_</c2>",
			  "<c2>_</c2><c1>/\\\\\\/////////\\\\\\</c1>",
			   "<c1>\\/\\\\\\</c1><c2>_______</c2><c1>\\/\\\\\\</c1>",
			    "<c1>\\/\\\\\\\\\\\\\\\\\\\\\\\\\\\\\\</c1>",
			     "<c1>\\/\\\\\\/////////\\\\\\</c1>",
			      "<c1>\\/\\\\\\</c1><c2>_______</c2><c1>\\/\\\\\\</c1>",
			       "<c1>\\/\\\\\\</c1><c2>_______</c2><c1>\\/\\\\\\</c1>",
			        "<c1>\\///</c1><c2>________</c2><c1>\\///</c1><c2>_</c2>"
		],
		"B": [
			"<c2>_</c2><c1>/\\\\\\\\\\\\\\\\\\\\\\\\\\</c1><c2>__</c2>",
			 "<c1>\\/\\\\\\/////////\\\\\\</c1>",
			  "<c1>\\/\\\\\\</c1><c2>_______</c2><c1>\\/\\\\\\</c1>",
			   "<c1>\\/\\\\\\\\\\\\\\\\\\\\\\\\\\\\</c1><c2>_</c2>",
			    "<c1>\\/\\\\\\/////////\\\\\\</c1>",
			     "<c1>\\/\\\\\\</c1><c2>_______</c2><c1>\\/\\\\\\</c1>",
			      "<c1>\\/\\\\\\</c1><c2>_______</c2><c1>\\/\\\\\\</c1>",
			       "<c1>\\/\\\\\\\\\\\\\\\\\\\\\\\\\\/</c1><c2>_</c2>",
			        "<c1>\\/////////////</c1><c2>___</c2>"
		],
		"C": [
			"<c2>_______</c2><c1>/\\\\\\\\\\\\\\\\\\</c1>",
			 "<c2>____</c2><c1>/\\\\\\////////</c1><c2>_</c2>",
			  "<c2>__</c2><c1>/\\\\\\/</c1><c2>__________</c2>",
			   "<c2>_</c2><c1>/\\\\\\</c1><c2>____________</c2>",
			    "<c1>\\/\\\\\\</c1><c2>____________</c2>",
			     "<c1>\\//\\\\\\</c1><c2>___________</c2>",
			      "<c2>_</c2><c1>\\///\\\\\\</c1><c2>_________</c2>",
			       "<c2>___</c2><c1>\\////\\\\\\\\\\\\\\\\\\</c1>",
			        "<c2>______</c2><c1>\\/////////</c1><c2>_</c2>"
		],
		"D": [
			"<c2>_</c2><c1>/\\\\\\\\\\\\\\\\\\\\\\\\</c1><c2>___</c2>",
			 "<c1>\\/\\\\\\////////\\\\\\</c1><c2>_</c2>",
			  "<c1>\\/\\\\\\</c1><c2>______</c2><c1>\\//\\\\\\</c1>",
			   "<c1>\\/\\\\\\</c1><c2>_______</c2><c1>\\/\\\\\\</c1>",
			    "<c1>\\/\\\\\\</c1><c2>_______</c2><c1>\\/\\\\\\</c1>",
			     "<c1>\\/\\\\\\</c1><c2>_______</c2><c1>\\/\\\\\\</c1>",
			      "<c1>\\/\\\\\\</c1><c2>_______</c2><c1>/\\\\\\</c1><c2>_</c2>",
			       "<c1>\\/\\\\\\\\\\\\\\\\\\\\\\\\/</c1><c2>__</c2>",
			        "<c1>\\////////////</c1><c2>____</c2>"
		],
		"E": [
			"<c2>_</c2><c1>/\\\\\\\\\\\\\\\\\\\\\\\\\\\\\\</c1>",
			 "<c1>\\/\\\\\\///////////</c1><c2>_</c2>",
			  "<c1>\\/\\\\\\</c1><c2>____________</c2>",
			   "<c1>\\/\\\\\\\\\\\\\\\\\\\\\\</c1><c2>____</c2>",
			    "<c1>\\/\\\\\\///////</c1><c2>_____</c2>",
			     "<c1>\\/\\\\\\</c1><c2>____________</c2>",
			      "<c1>\\/\\\\\\</c1><c2>____________</c2>",
			       "<c1>\\/\\\\\\\\\\\\\\\\\\\\\\\\\\\\\\</c1>",
			        "<c1>\\///////////////</c1><c2>_</c2>"
		],
		"F": [
			"<c2>_</c2><c1>/\\\\\\\\\\\\\\\\\\\\\\\\\\\\\\</c1>",
			 "<c1>\\/\\\\\\///////////</c1><c2>_</c2>",
			  "<c1>\\/\\\\\\</c1><c2>____________</c2>",
			   "<c1>\\/\\\\\\\\\\\\\\\\\\\\\\</c1><c2>____</c2>",
			    "<c1>\\/\\\\\\///////</c1><c2>_____</c2>",
			     "<c1>\\/\\\\\\</c1><c2>____________</c2>",
			      "<c1>\\/\\\\\\</c1><c2>____________</c2>",
			       "<c1>\\/\\\\\\</c1><c2>____________</c2>",
			        "<c1>\\///</c1><c2>_____________</c2>"
		],
		"G": [
			"<c2>____</c2><c1>/\\\\\\\\\\\\\\\\\\\\\\\\</c1>",
			 "<c2>__</c2><c1>/\\\\\\//////////</c1><c2>_</c2>",
			  "<c2>_</c2><c1>/\\\\\\</c1><c2>____________</c2>",
			   "<c1>\\/\\\\\\</c1><c2>____</c2><c1>/\\\\\\\\\\\\\\</c1>",
			    "<c1>\\/\\\\\\</c1><c2>___</c2><c1>\\/////\\\\\\</c1>",
			     "<c1>\\/\\\\\\</c1><c2>_______</c2><c1>\\/\\\\\\</c1>",
			      "<c1>\\/\\\\\\</c1><c2>_______</c2><c1>\\/\\\\\\</c1>",
			       "<c1>\\//\\\\\\\\\\\\\\\\\\\\\\\\/</c1><c2>_</c2>",
			        "<c2>_</c2><c1>\\////////////</c1><c2>___</c2>"
		],
		"H": [
			"<c2>_</c2><c1>/\\\\\\</c1><c2>________</c2><c1>/\\\\\\</c1>",
			 "<c1>\\/\\\\\\</c1><c2>_______</c2><c1>\\/\\\\\\</c1>",
			  "<c1>\\/\\\\\\</c1><c2>_______</c2><c1>\\/\\\\\\</c1>",
			   "<c1>\\/\\\\\\\\\\\\\\\\\\\\\\\\\\\\\\</c1>",
			    "<c1>\\/\\\\\\/////////\\\\\\</c1>",
			     "<c1>\\/\\\\\\</c1><c2>_______</c2><c1>\\/\\\\\\</c1>",
			      "<c1>\\/\\\\\\</c1><c2>_______</c2><c1>\\/\\\\\\</c1>",
			       "<c1>\\/\\\\\\</c1><c2>_______</c2><c1>\\/\\\\\\</c1>",
			        "<c1>\\///</c1><c2>________</c2><c1>\\///</c1><c2>_</c2>"
		],
		"I": [
			"<c2>_</c2><c1>/\\\\\\\\\\\\\\\\\\\\\\</c1>",
			 "<c1>\\/////\\\\\\///</c1><c2>_</c2>",
			  "<c2>____</c2><c1>\\/\\\\\\</c1><c2>____</c2>",
			   "<c2>____</c2><c1>\\/\\\\\\</c1><c2>____</c2>",
			    "<c2>____</c2><c1>\\/\\\\\\</c1><c2>____</c2>",
			     "<c2>____</c2><c1>\\/\\\\\\</c1><c2>____</c2>",
			      "<c2>____</c2><c1>\\/\\\\\\</c1><c2>____</c2>",
			       "<c2>_</c2><c1>/\\\\\\\\\\\\\\\\\\\\\\</c1>",
			        "<c1>\\///////////</c1><c2>_</c2>"
		],
		"J": [
			"<c2>_____</c2><c1>/\\\\\\\\\\\\\\\\\\\\\\</c1>",
			 "<c2>____</c2><c1>\\/////\\\\\\///</c1><c2>_</c2>",
			  "<c2>________</c2><c1>\\/\\\\\\</c1><c2>____</c2>",
			   "<c2>________</c2><c1>\\/\\\\\\</c1><c2>____</c2>",
			    "<c2>________</c2><c1>\\/\\\\\\</c1><c2>____</c2>",
			     "<c2>________</c2><c1>\\/\\\\\\</c1><c2>____</c2>",
			      "<c2>_</c2><c1>/\\\\\\</c1><c2>___</c2><c1>\\/\\\\\\</c1><c2>____</c2>",
			       "<c1>\\//\\\\\\\\\\\\\\\\\\</c1><c2>_____</c2>",
			        "<c2>_</c2><c1>\\/////////</c1><c2>______</c2>"
		],
		"K": [
			"<c2>_</c2><c1>/\\\\\\</c1><c2>________</c2><c1>/\\\\\\</c1>",
			 "<c1>\\/\\\\\\</c1><c2>_____</c2><c1>/\\\\\\//</c1><c2>_</c2>",
			  "<c1>\\/\\\\\\</c1><c2>__</c2><c1>/\\\\\\//</c1><c2>____</c2>",
			   "<c1>\\/\\\\\\\\\\\\//\\\\\\</c1><c2>____</c2>",
			    "<c1>\\/\\\\\\//</c1><c2>_</c2><c1>\\//\\\\\\</c1><c2>___</c2>",
			     "<c1>\\/\\\\\\</c1><c2>____</c2><c1>\\//\\\\\\</c1><c2>__</c2>",
			      "<c1>\\/\\\\\\</c1><c2>_____</c2><c1>\\//\\\\\\</c1><c2>_</c2>",
			       "<c1>\\/\\\\\\</c1><c2>______</c2><c1>\\//\\\\\\</c1>",
			        "<c1>\\///</c1><c2>________</c2><c1>\\///</c1><c2>_</c2>"
		],
		"L": [
			"<c2>_</c2><c1>/\\\\\\</c1><c2>____________</c2>",
			 "<c1>\\/\\\\\\</c1><c2>____________</c2>",
			  "<c1>\\/\\\\\\</c1><c2>____________</c2>",
			   "<c1>\\/\\\\\\</c1><c2>____________</c2>",
			    "<c1>\\/\\\\\\</c1><c2>____________</c2>",
			     "<c1>\\/\\\\\\</c1><c2>____________</c2>",
			      "<c1>\\/\\\\\\</c1><c2>____________</c2>",
			       "<c1>\\/\\\\\\\\\\\\\\\\\\\\\\\\\\\\\\</c1>",
			        "<c1>\\///////////////</c1><c2>_</c2>"
		],
		"M": [
			"<c2>_</c2><c1>/\\\\\\\\</c1><c2>____________</c2><c1>/\\\\\\\\</c1>",
			 "<c1>\\/\\\\\\\\\\\\</c1><c2>________</c2><c1>/\\\\\\\\\\\\</c1>",
			  "<c1>\\/\\\\\\//\\\\\\</c1><c2>____</c2><c1>/\\\\\\//\\\\\\</c1>",
			   "<c1>\\/\\\\\\\\///\\\\\\/\\\\\\/</c1><c2>_</c2><c1>\\/\\\\\\</c1>",
			    "<c1>\\/\\\\\\</c1><c2>__</c2><c1>\\///\\\\\\/</c1><c2>___</c2><c1>\\/\\\\\\</c1>",
			     "<c1>\\/\\\\\\</c1><c2>____</c2><c1>\\///</c1><c2>_____</c2><c1>\\/\\\\\\</c1>",
			      "<c1>\\/\\\\\\</c1><c2>_____________</c2><c1>\\/\\\\\\</c1>",
			       "<c1>\\/\\\\\\</c1><c2>_____________</c2><c1>\\/\\\\\\</c1>",
			        "<c1>\\///</c1><c2>______________</c2><c1>\\///</c1><c2>_</c2>"
		],
		"N": [
			"<c2>_</c2><c1>/\\\\\\\\\\</c1><c2>_____</c2><c1>/\\\\\\</c1>",
			 "<c1>\\/\\\\\\\\\\\\</c1><c2>___</c2><c1>\\/\\\\\\</c1>",
			  "<c1>\\/\\\\\\/\\\\\\</c1><c2>__</c2><c1>\\/\\\\\\</c1>",
			   "<c1>\\/\\\\\\//\\\\\\</c1><c2>_</c2><c1>\\/\\\\\\</c1>",
			    "<c1>\\/\\\\\\\\//\\\\\\\\/\\\\\\</c1>",
			     "<c1>\\/\\\\\\</c1><c2>_</c2><c1>\\//\\\\\\/\\\\\\</c1>",
			      "<c1>\\/\\\\\\</c1><c2>__</c2><c1>\\//\\\\\\\\\\\\</c1>",
			       "<c1>\\/\\\\\\</c1><c2>___</c2><c1>\\//\\\\\\\\\\</c1>",
			        "<c1>\\///</c1><c2>_____</c2><c1>\\/////</c1><c2>_</c2>"
		],
		"O": [
			"<c2>______</c2><c1>/\\\\\\\\\\</c1><c2>_____</c2>",
			 "<c2>____</c2><c1>/\\\\\\///\\\\\\</c1><c2>___</c2>",
			  "<c2>__</c2><c1>/\\\\\\/</c1><c2>__</c2><c1>\\///\\\\\\</c1><c2>_</c2>",
			   "<c2>_</c2><c1>/\\\\\\</c1><c2>______</c2><c1>\\//\\\\\\</c1>",
			    "<c1>\\/\\\\\\</c1><c2>_______</c2><c1>\\/\\\\\\</c1>",
			     "<c1>\\//\\\\\\</c1><c2>______</c2><c1>/\\\\\\</c1><c2>_</c2>",
			      "<c2>_</c2><c1>\\///\\\\\\</c1><c2>__</c2><c1>/\\\\\\</c1><c2>___</c2>",
			       "<c2>___</c2><c1>\\///\\\\\\\\\\/</c1><c2>____</c2>",
			        "<c2>_____</c2><c1>\\/////</c1><c2>______</c2>"
		],
		"P": [
			"<c2>_</c2><c1>/\\\\\\\\\\\\\\\\\\\\\\\\\\</c1><c2>__</c2>",
			 "<c1>\\/\\\\\\/////////\\\\\\</c1>",
			  "<c1>\\/\\\\\\</c1><c2>_______</c2><c1>\\/\\\\\\</c1>",
			   "<c1>\\/\\\\\\\\\\\\\\\\\\\\\\\\\\/</c1><c2>_</c2>",
			    "<c1>\\/\\\\\\/////////</c1><c2>___</c2>",
			     "<c1>\\/\\\\\\</c1><c2>____________</c2>",
			      "<c1>\\/\\\\\\</c1><c2>____________</c2>",
			       "<c1>\\/\\\\\\</c1><c2>____________</c2>",
			        "<c1>\\///</c1><c2>_____________</c2>"
		],
		"Q": [
			"<c2>_______</c2><c1>/\\\\\\</c1><c2>______</c2>",
			 "<c2>____</c2><c1>/\\\\\\\\/\\\\\\\\</c1><c2>___</c2>",
			  "<c2>__</c2><c1>/\\\\\\//\\////\\\\\\</c1><c2>_</c2>",
			   "<c2>_</c2><c1>/\\\\\\</c1><c2>______</c2><c1>\\//\\\\\\</c1>",
			    "<c1>\\//\\\\\\</c1><c2>______</c2><c1>/\\\\\\</c1><c2>_</c2>",
			     "<c2>_</c2><c1>\\///\\\\\\\\/\\\\\\\\/</c1><c2>__</c2>",
			      "<c2>___</c2><c1>\\////\\\\\\//</c1><c2>____</c2>",
			       "<c2>______</c2><c1>\\///\\\\\\\\\\\\</c1><c2>_</c2>",
			        "<c2>________</c2><c1>\\//////</c1><c2>__</c2>"
		],
		"R": [
			"<c2>___</c2><c1>/\\\\\\\\\\\\\\\\\\</c1><c2>____</c2>",
			 "<c2>_</c2><c1>/\\\\\\///////\\\\\\</c1><c2>__</c2>",
			  "<c1>\\/\\\\\\</c1><c2>_____</c2><c1>\\/\\\\\\</c1><c2>__</c2>",
			   "<c1>\\/\\\\\\\\\\\\\\\\\\\\\\/</c1><c2>___</c2>",
			    "<c1>\\/\\\\\\//////\\\\\\</c1><c2>___</c2>",
			     "<c1>\\/\\\\\\</c1><c2>____</c2><c1>\\//\\\\\\</c1><c2>__</c2>",
			      "<c1>\\/\\\\\\</c1><c2>_____</c2><c1>\\//\\\\\\</c1><c2>_</c2>",
			       "<c1>\\/\\\\\\</c1><c2>______</c2><c1>\\//\\\\\\</c1>",
			        "<c1>\\///</c1><c2>________</c2><c1>\\///</c1><c2>_</c2>"
		],
		"S": [
			"<c2>____</c2><c1>/\\\\\\\\\\\\\\\\\\\\\\</c1><c2>__</c2>",
			 "<c2>__</c2><c1>/\\\\\\/////////\\\\\\</c1>",
			  "<c2>_</c2><c1>\\//\\\\\\</c1><c2>______</c2><c1>\\///</c1><c2>_</c2>",
			   "<c2>__</c2><c1>\\////\\\\\\</c1><c2>________</c2>",
			    "<c2>_____</c2><c1>\\////\\\\\\</c1><c2>_____</c2>",
			     "<c2>________</c2><c1>\\////\\\\\\</c1><c2>__</c2>",
			      "<c2>_</c2><c1>/\\\\\\</c1><c2>______</c2><c1>\\//\\\\\\</c1><c2>_</c2>",
			       "<c1>\\///\\\\\\\\\\\\\\\\\\\\\\/</c1><c2>__</c2>",
			        "<c2>__</c2><c1>\\///////////</c1><c2>____</c2>"
		],
		"T": [
			"<c2>_</c2><c1>/\\\\\\\\\\\\\\\\\\\\\\\\\\\\\\</c1>",
			 "<c1>\\///////\\\\\\/////</c1><c2>_</c2>",
			  "<c2>______</c2><c1>\\/\\\\\\</c1><c2>______</c2>",
			   "<c2>______</c2><c1>\\/\\\\\\</c1><c2>______</c2>",
			    "<c2>______</c2><c1>\\/\\\\\\</c1><c2>______</c2>",
			     "<c2>______</c2><c1>\\/\\\\\\</c1><c2>______</c2>",
			      "<c2>______</c2><c1>\\/\\\\\\</c1><c2>______</c2>",
			       "<c2>______</c2><c1>\\/\\\\\\</c1><c2>______</c2>",
			        "<c2>______</c2><c1>\\///</c1><c2>_______</c2>"
		],
		"U": [
			"<c2>_</c2><c1>/\\\\\\</c1><c2>________</c2><c1>/\\\\\\</c1>",
			 "<c1>\\/\\\\\\</c1><c2>_______</c2><c1>\\/\\\\\\</c1>",
			  "<c1>\\/\\\\\\</c1><c2>_______</c2><c1>\\/\\\\\\</c1>",
			   "<c1>\\/\\\\\\</c1><c2>_______</c2><c1>\\/\\\\\\</c1>",
			    "<c1>\\/\\\\\\</c1><c2>_______</c2><c1>\\/\\\\\\</c1>",
			     "<c1>\\/\\\\\\</c1><c2>_______</c2><c1>\\/\\\\\\</c1>",
			      "<c1>\\//\\\\\\</c1><c2>______</c2><c1>/\\\\\\</c1><c2>_</c2>",
			       "<c2>_</c2><c1>\\///\\\\\\\\\\\\\\\\\\/</c1><c2>__</c2>",
			        "<c2>___</c2><c1>\\/////////</c1><c2>____</c2>"
		],
		"V": [
			"<c2>_</c2><c1>/\\\\\\</c1><c2>________</c2><c1>/\\\\\\</c1>",
			 "<c1>\\/\\\\\\</c1><c2>_______</c2><c1>\\/\\\\\\</c1>",
			  "<c1>\\//\\\\\\</c1><c2>______</c2><c1>/\\\\\\</c1><c2>_</c2>",
			   "<c2>_</c2><c1>\\//\\\\\\</c1><c2>____</c2><c1>/\\\\\\</c1><c2>__</c2>",
			    "<c2>__</c2><c1>\\//\\\\\\</c1><c2>__</c2><c1>/\\\\\\</c1><c2>___</c2>",
			     "<c2>___</c2><c1>\\//\\\\\\/\\\\\\</c1><c2>____</c2>",
			      "<c2>____</c2><c1>\\//\\\\\\\\\\</c1><c2>_____</c2>",
			       "<c2>_____</c2><c1>\\//\\\\\\</c1><c2>______</c2>",
			        "<c2>______</c2><c1>\\///</c1><c2>_______</c2>"
		],
		"W": [
			"<c2>_</c2><c1>/\\\\\\</c1><c2>______________</c2><c1>/\\\\\\</c1>",
			 "<c1>\\/\\\\\\</c1><c2>_____________</c2><c1>\\/\\\\\\</c1>",
			  "<c1>\\/\\\\\\</c1><c2>_____________</c2><c1>\\/\\\\\\</c1>",
			   "<c1>\\//\\\\\\</c1><c2>____</c2><c1>/\\\\\\</c1><c2>____</c2><c1>/\\\\\\</c1><c2>_</c2>",
			    "<c2>_</c2><c1>\\//\\\\\\</c1><c2>__</c2><c1>/\\\\\\\\\\</c1><c2>__</c2><c1>/\\\\\\</c1><c2>__</c2>",
			     "<c2>__</c2><c1>\\//\\\\\\/\\\\\\/\\\\\\/\\\\\\</c1><c2>___</c2>",
			      "<c2>___</c2><c1>\\//\\\\\\\\\\\\//\\\\\\\\\\</c1><c2>____</c2>",
			       "<c2>____</c2><c1>\\//\\\\\\</c1><c2>__</c2><c1>\\//\\\\\\</c1><c2>_____</c2>",
			        "<c2>_____</c2><c1>\\///</c1><c2>____</c2><c1>\\///</c1><c2>______</c2>"
		],
		"X": [
			"<c2>_</c2><c1>/\\\\\\</c1><c2>_______</c2><c1>/\\\\\\</c1>",
			 "<c1>\\///\\\\\\</c1><c2>___</c2><c1>/\\\\\\/</c1><c2>_</c2>",
			  "<c2>__</c2><c1>\\///\\\\\\\\\\\\/</c1><c2>___</c2>",
			   "<c2>____</c2><c1>\\//\\\\\\\\</c1><c2>_____</c2>",
			    "<c2>_____</c2><c1>\\/\\\\\\\\</c1><c2>_____</c2>",
			     "<c2>_____</c2><c1>/\\\\\\\\\\\\</c1><c2>____</c2>",
			      "<c2>___</c2><c1>/\\\\\\////\\\\\\</c1><c2>__</c2>",
			       "<c2>_</c2><c1>/\\\\\\/</c1><c2>___</c2><c1>\\///\\\\\\</c1>",
			        "<c1>\\///</c1><c2>_______</c2><c1>\\///</c1><c2>_</c2>"
		],
		"Y": [
			"<c2>_</c2><c1>/\\\\\\</c1><c2>________</c2><c1>/\\\\\\</c1>",
			 "<c1>\\///\\\\\\</c1><c2>____</c2><c1>/\\\\\\/</c1><c2>_</c2>",
			  "<c2>__</c2><c1>\\///\\\\\\/\\\\\\/</c1><c2>___</c2>",
			   "<c2>____</c2><c1>\\///\\\\\\/</c1><c2>_____</c2>",
			    "<c2>______</c2><c1>\\/\\\\\\</c1><c2>______</c2>",
			     "<c2>______</c2><c1>\\/\\\\\\</c1><c2>______</c2>",
			      "<c2>______</c2><c1>\\/\\\\\\</c1><c2>______</c2>",
			       "<c2>______</c2><c1>\\/\\\\\\</c1><c2>______</c2>",
			        "<c2>______</c2><c1>\\///</c1><c2>_______</c2>"
		],
		"Z": [
			"<c2>_</c2><c1>/\\\\\\\\\\\\\\\\\\\\\\\\\\\\\\</c1>",
			 "<c1>\\////////////\\\\\\</c1><c2>_</c2>",
			  "<c2>__________</c2><c1>/\\\\\\/</c1><c2>__</c2>",
			   "<c2>________</c2><c1>/\\\\\\/</c1><c2>____</c2>",
			    "<c2>______</c2><c1>/\\\\\\/</c1><c2>______</c2>",
			     "<c2>____</c2><c1>/\\\\\\/</c1><c2>________</c2>",
			      "<c2>__</c2><c1>/\\\\\\/</c1><c2>__________</c2>",
			       "<c2>_</c2><c1>/\\\\\\\\\\\\\\\\\\\\\\\\\\\\\\</c1>",
			        "<c1>\\///////////////</c1><c2>_</c2>"
		],
		"0": [
			"<c2>____</c2><c1>/\\\\\\\\\\\\\\</c1><c2>___</c2>",
			 "<c2>__</c2><c1>/\\\\\\/////\\\\\\</c1><c2>_</c2>",
			  "<c2>_</c2><c1>/\\\\\\</c1><c2>____</c2><c1>\\//\\\\\\</c1>",
			   "<c1>\\/\\\\\\</c1><c2>_____</c2><c1>\\/\\\\\\</c1>",
			    "<c1>\\/\\\\\\</c1><c2>_____</c2><c1>\\/\\\\\\</c1>",
			     "<c1>\\/\\\\\\</c1><c2>_____</c2><c1>\\/\\\\\\</c1>",
			      "<c1>\\//\\\\\\</c1><c2>____</c2><c1>/\\\\\\</c1><c2>_</c2>",
			       "<c2>_</c2><c1>\\///\\\\\\\\\\\\\\/</c1><c2>__</c2>",
			        "<c2>___</c2><c1>\\///////</c1><c2>____</c2>"
		],
		"1": [
			"<c2>_____</c2><c1>/\\\\\\</c1>",
			 "<c2>_</c2><c1>/\\\\\\\\\\\\\\</c1>",
			  "<c1>\\/////\\\\\\</c1>",
			   "<c2>____</c2><c1>\\/\\\\\\</c1>",
			    "<c2>____</c2><c1>\\/\\\\\\</c1>",
			     "<c2>____</c2><c1>\\/\\\\\\</c1>",
			      "<c2>____</c2><c1>\\/\\\\\\</c1>",
			       "<c2>____</c2><c1>\\/\\\\\\</c1>",
			        "<c2>____</c2><c1>\\/// "
		],
		"2": [
			"<c2>___</c2><c1>/\\\\\\\\\\\\\\\\\\</c1><c2>____</c2>",
			 "<c2>_</c2><c1>/\\\\\\///////\\\\\\</c1><c2>__</c2>",
			  "<c1>\\///</c1><c2>______</c2><c1>\\//\\\\\\</c1><c2>_</c2>",
			   "<c2>__________</c2><c1>/\\\\\\/</c1><c2>__</c2>",
			    "<c2>_______</c2><c1>/\\\\\\//</c1><c2>____</c2>",
			     "<c2>____</c2><c1>/\\\\\\//</c1><c2>_______</c2>",
			      "<c2>__</c2><c1>/\\\\\\/</c1><c2>__________</c2>",
			       "<c2>_</c2><c1>/\\\\\\\\\\\\\\\\\\\\\\\\\\\\\\</c1>",
			        "<c1>\\///////////////</c1><c2>_</c2>"
		],
		"3": [
			"<c2>____</c2><c1>/\\\\\\\\\\\\\\\\\\\\</c1><c2>_</c2>",
			 "<c2>__</c2><c1>/\\\\\\///////\\\\\\</c1>",
			  "<c2>_</c2><c1>\\///</c1><c2>______</c2><c1>/\\\\\\</c1><c2>_</c2>",
			   "<c2>________</c2><c1>/\\\\\\//</c1><c2>__</c2>",
			    "<c2>_______</c2><c1>\\////\\\\\\</c1><c2>_</c2>",
			     "<c2>__________</c2><c1>\\//\\\\\\</c1>",
			      "<c2>_</c2><c1>/\\\\\\</c1><c2>______</c2><c1>/\\\\\\</c1><c2>_</c2>",
			       "<c1>\\///\\\\\\\\\\\\\\\\\\/</c1><c2>__</c2>",
			        "<c2>__</c2><c1>\\/////////</c1><c2>____</c2>"
		],
		"4": [
			"<c2>___________</c2><c1>/\\\\\\</c1><c2>___</c2>",
			 "<c2>_________</c2><c1>/\\\\\\\\\\</c1><c2>___</c2>",
			  "<c2>_______</c2><c1>/\\\\\\/\\\\\\</c1><c2>___</c2>",
			   "<c2>_____</c2><c1>/\\\\\\/\\/\\\\\\</c1><c2>___</c2>",
			    "<c2>___</c2><c1>/\\\\\\/</c1><c2>__</c2><c1>\\/\\\\\\</c1><c2>___</c2>",
			     "<c2>_</c2><c1>/\\\\\\\\\\\\\\\\\\\\\\\\\\\\\\\\</c1>",
			      "<c1>\\///////////\\\\\\//</c1><c2>_</c2>",
			       "<c2>__________</c2><c1>\\/\\\\\\</c1><c2>___</c2>",
			        "<c2>__________</c2><c1>\\///</c1><c2>____</c2>"
		],
		"5": [
			"<c2>__</c2><c1>/\\\\\\\\\\\\\\\\\\\\\\\\\\\\\\</c1> ",
			 "<c2>_</c2><c1>\\/\\\\\\///////////</c1><c2>_</c2> ",
			  "<c2>_</c2><c1>\\/\\\\\\</c1><c2>____________</c2> ",
			   "<c2>_</c2><c1>\\/\\\\\\\\\\\\\\\\\\\\\\\\</c1><c2>____</c2>",
			    "<c2>_</c2><c1>\\////////////\\\\\\</c1><c2>__</c2>",
			     "<c2>____________</c2><c1>\\//\\\\\\</c1><c2>_</c2>",
			      "<c2>_</c2><c1>/\\\\\\</c1><c2>________</c2><c1>\\/\\\\\\</c1><c2>_</c2>",
			       "<c1>\\//\\\\\\\\\\\\\\\\\\\\\\\\\\/</c1><c2>__</c2>",
			        "<c2>_</c2><c1>\\/////////////</c1><c2>____</c2>"
		],
		"6": [
			"<c2>___________</c2><c1>/\\\\\\\\\\</c1>",
			 "<c2>_______</c2><c1>/\\\\\\\\////</c1><c2>_</c2>",
			  "<c2>____</c2><c1>/\\\\\\///</c1><c2>______</c2>",
			   "<c2>__</c2><c1>/\\\\\\\\\\\\\\\\\\\\\\</c1><c2>___</c2>",
			    "<c2>_</c2><c1>/\\\\\\\\///////\\\\\\</c1><c2>_</c2>",
			     "<c1>\\/\\\\\\</c1><c2>______</c2><c1>\\//\\\\\\</c1>",
			      "<c1>\\//\\\\\\</c1><c2>______</c2><c1>/\\\\\\</c1><c2>_</c2>",
			       "<c2>_</c2><c1>\\///\\\\\\\\\\\\\\\\\\/</c1><c2>__</c2>",
			        "<c2>___</c2><c1>\\/////////</c1><c2>____</c2>"
		],
		"7": [
			"<c2>_</c2><c1>/\\\\\\\\\\\\\\\\\\\\\\\\\\\\\\</c1>",
			 "<c1>\\/////////////\\\\\\</c1>",
			  "<c2>___________</c2><c1>/\\\\\\/</c1><c2>_</c2>",
			   "<c2>_________</c2><c1>/\\\\\\/</c1><c2>___</c2>",
			    "<c2>_______</c2><c1>/\\\\\\/</c1><c2>_____</c2>",
			     "<c2>_____</c2><c1>/\\\\\\/</c1><c2>_______</c2>",
			      "<c2>___</c2><c1>/\\\\\\/</c1><c2>_________</c2>",
			       "<c2>_</c2><c1>/\\\\\\/</c1><c2>___________</c2>",
			        "<c1>\\///</c1><c2>_____________</c2>"
		],
		"8": [
			"<c2>____</c2><c1>/\\\\\\\\\\\\\\\\\\</c1><c2>___</c2>",
			 "<c2>__</c2><c1>/\\\\\\///////\\\\\\</c1><c2>_</c2>",
			  "<c2>_</c2><c1>\\/\\\\\\</c1><c2>_____</c2><c1>\\/\\\\\\</c1><c2>_</c2>",
			   "<c2>_</c2><c1>\\///\\\\\\\\\\\\\\\\\\/</c1><c2>__</c2>",
			    "<c2>__</c2><c1>/\\\\\\///////\\\\\\</c1><c2>_</c2>",
			     "<c2>_</c2><c1>/\\\\\\</c1><c2>______</c2><c1>\\//\\\\\\</c1>",
			      "<c1>\\//\\\\\\</c1><c2>______</c2><c1>/\\\\\\</c1><c2>_</c2>",
			       "<c2>_</c2><c1>\\///\\\\\\\\\\\\\\\\\\/</c1><c2>__</c2>",
			        "<c2>___</c2><c1>\\/////////</c1><c2>____</c2>"
		],
		"9": [
			"<c2>_____</c2><c1>/\\\\\\\\\\\\\\\\\\</c1><c2>___</c2>",
			 "<c2>___</c2><c1>/\\\\\\///////\\\\\\</c1><c2>_</c2>",
			  "<c2>__</c2><c1>/\\\\\\</c1><c2>______</c2><c1>\\//\\\\\\</c1>",
			   "<c2>_</c2><c1>\\//\\\\\\</c1><c2>_____</c2><c1>/\\\\\\\\\\</c1>",
			    "<c2>__</c2><c1>\\///\\\\\\\\\\\\\\\\/\\\\\\</c1>",
			     "<c2>____</c2><c1>\\////////\\/\\\\\\</c1>",
			      "<c2>__</c2><c1>/\\\\</c1><c2>________</c2><c1>/\\\\\\</c1><c2>_</c2>",
			       "<c2>_</c2><c1>\\//\\\\\\\\\\\\\\\\\\\\\\/</c1><c2>__</c2>",
			        "<c2>__</c2><c1>\\///////////</c1><c2>____</c2>"
		],
		"!": [
			"<c2>____</c2><c1>/\\\\\\</c1><c2>___</c2>",
			 "<c2>__</c2><c1>/\\\\\\\\\\\\\\</c1><c2>_</c2>",
			  "<c2>_</c2><c1>/\\\\\\\\\\\\\\\\\\</c1>",
			   "<c1>\\//\\\\\\\\\\\\\\</c1><c2>_</c2>",
			    "<c2>_</c2><c1>\\//\\\\\\\\\\</c1><c2>__</c2>",
			     "<c2>__</c2><c1>\\//\\\\\\</c1><c2>___</c2>",
			      "<c2>___</c2><c1>\\///</c1><c2>____</c2>",
			       "<c2>____</c2><c1>/\\\\\\</c1><c2>___</c2>",
			        "<c2>___</c2><c1>\\///</c1><c2>____</c2>"
		],
		"?": [
			"<c2>___</c2><c1>/\\\\\\\\\\\\\\</c1><c2>___</c2> ",
			 "<c1>/\\\\\\//////\\\\\\</c1><c2>_</c2> ",
			  "<c1>\\///</c1><c2>_____</c2><c1>\\//\\\\\\</c1>",
			   "<c2>_________</c2><c1>/\\\\\\</c1><c2>_</c2> ",
			    "<c2>______</c2><c1>/\\\\\\\\/</c1><c2>__</c2> ",
			     "<c2>_____</c2><c1>/\\\\\\/</c1><c2>____</c2> ",
			      "<c2>____</c2><c1>\\///</c1><c2>______</c2> ",
			       "<c2>_____</c2><c1>/\\\\\\</c1><c2>_____</c2> ",
			        "<c2>____</c2><c1>\\///</c1><c2>______</c2> "
		],
		".": [
			"<c2>_____</c2>",
			 "<c2>_____</c2>",
			  "<c2>_____</c2>",
			   "<c2>_____</c2>",
			    "<c2>_____</c2>",
			     "<c2>_____</c2>",
			      "<c2>_____</c2>",
			       "<c2>_</c2><c1>/\\\\\\</c1>",
			        "<c1>\\///</c1><c2>_</c2>"
		],
		"+": [
			"<c2>_____________</c2>",
			 "<c2>_____________</c2>",
			  "<c2>_____</c2><c1>/\\\\\\</c1><c2>____</c2>",
			   "<c2>____</c2><c1>\\/\\\\\\</c1><c2>____</c2>",
			    "<c2>_</c2><c1>/\\\\\\\\\\\\\\\\\\\\\\</c1>",
			     "<c1>\\/////\\\\\\///</c1><c2>_</c2>",
			      "<c2>____</c2><c1>\\/\\\\\\</c1><c2>____</c2>",
			       "<c2>____</c2><c1>\\///</c1><c2>_____</c2>",
			        "<c2>_____________</c2>"
		],
		"-": [
			"<c2>_____________</c2>",
			 "<c2>_____________</c2>",
			  "<c2>_____________</c2>",
			   "<c2>_</c2><c1>/\\\\\\\\\\\\\\\\\\\\\\</c1>",
			    "<c1>\\///////////</c1><c2>_</c2>",
			     "<c2>_____________</c2>",
			      "<c2>_____________</c2>",
			       "<c2>_____________</c2>",
			        "<c2>_____________</c2>"
		],
		"_": [
			"<c2>_________________</c2>",
			 "<c2>_________________</c2>",
			  "<c2>_________________</c2>",
			   "<c2>_________________</c2>",
			    "<c2>_________________</c2>",
			     "<c2>_________________</c2>",
			      "<c2>_________________</c2>",
			       "<c2>_</c2><c1>/\\\\\\\\\\\\\\\\\\\\\\\\\\\\\\</c1>",
			        "<c1>\\///////////////</c1><c2>_</c2>"
		],
		"=": [
			"<c2>____________</c2>",
			 "<c2>____________</c2>",
			  "<c2>____________</c2>",
			   "<c2>_</c2><c1>/\\\\\\\\\\\\\\\\\\\\</c1>",
			    "<c1>\\//////////</c1><c2>_</c2>",
			     "<c2>_</c2><c1>/\\\\\\\\\\\\\\\\\\\\</c1>",
			      "<c1>\\//////////</c1><c2>_</c2>",
			       "<c2>____________</c2>",
			        "<c2>____________</c2>"
		],
		"@": [
			"<c2>___</c2><c1>/\\\\\\\\\\\\\\\\\\\\</c1><c2>___</c2>",
			 "<c2>_</c2><c1>/\\\\\\////////\\\\\\</c1><c2>_</c2>",
			  "<c1>\\/\\\\\\</c1><c2>__</c2><c1>/\\\\\\\\\\\\\\\\\\</c1>",
			   "<c1>\\/\\\\\\</c1><c2>_</c2><c1>\\/\\\\\\///\\\\\\</c1>",
			    "<c1>\\/\\\\\\</c1><c2>_</c2><c1>\\/\\\\\\\\\\\\\\\\</c1><c2>_</c2>",
			     "<c1>\\/\\\\\\</c1><c2>_</c2><c1>\\////////</c1><c2>__</c2>",
			      "<c1>\\//\\\\\\</c1><c2>___________</c2>",
			       "<c2>_</c2><c1>\\///\\\\\\\\\\\\\\\\\\\\\\\\</c1>",
			        "<c2>___</c2><c1>\\////////////</c1><c2>_</c2>"
		],
		"#": [
			"<c2>___</c2><c1>/\\\\\\</c1><c2>__</c2><c1>/\\\\\\</c1><c2>__</c2>",
			 "<c2>__</c2><c1>\\/\\\\\\</c1><c2>_</c2><c1>\\/\\\\\\</c1><c2>__</c2>",
			  "<c2>_</c2><c1>/\\\\\\\\\\\\\\\\\\\\\\\\\\</c1>",
			   "<c1>\\///\\\\\\///\\\\\\/</c1><c2>_</c2>",
			    "<c2>__</c2><c1>\\/\\\\\\</c1><c2>_</c2><c1>\\/\\\\\\</c1><c2>__</c2>",
			     "<c2>_</c2><c1>/\\\\\\\\\\\\\\\\\\\\\\\\\\</c1>",
			      "<c1>\\///\\\\\\///\\\\\\/</c1><c2>_</c2>",
			       "<c2>__</c2><c1>\\/\\\\\\</c1><c2>_</c2><c1>\\/\\\\\\</c1><c2>__</c2>",
			        "<c2>__</c2><c1>\\///</c1><c2>__</c2><c1>\\///</c1><c2>___</c2>"
		],
		"$": [
			"<c2>_______</c2><c1>/\\\\\\</c1><c2>______</c2>",
			 "<c2>___</c2><c1>/\\\\\\\\\\\\\\\\\\\\\\</c1><c2>__</c2>",
			  "<c2>_</c2><c1>/\\\\\\///\\\\\\////\\\\</c1>",
			   "<c1>\\////\\\\\\\\\\\\</c1><c2>__</c2><c1>\\//</c1><c2>_</c2>",
			    "<c2>___</c2><c1>\\////\\\\\\\\\\\\</c1><c2>___</c2>",
			     "<c2>_</c2><c1>/\\\\</c1><c2>__</c2><c1>\\/\\\\\\///\\\\\\</c1>",
			      "<c1>\\///\\\\\\\\\\\\\\\\\\\\\\/</c1><c2>_</c2>",
			       "<c2>__</c2><c1>\\/////\\\\\\///</c1><c2>__</c2> ",
			        "<c2>______</c2><c1>\\///</c1><c2>_______</c2>"
		],
		"%": [
			"<c2>___</c2><c1>/\\\\\\</c1><c2>________</c2><c1>/\\\\\\</c1>",
			 "<c2>__</c2><c1>/\\\\/\\\\</c1><c2>_____</c2><c1>/\\\\\\/</c1><c2>_</c2>",
			  "<c2>_</c2><c1>\\//\\\\\\</c1><c2>____</c2><c1>/\\\\\\/</c1><c2>___</c2>",
			   "<c2>__</c2><c1>\\///</c1><c2>___</c2><c1>/\\\\\\/</c1><c2>_____</c2>",
			    "<c2>_______</c2><c1>/\\\\\\/</c1><c2>_______</c2>",
			     "<c2>_____</c2><c1>/\\\\\\/</c1><c2>___</c2><c1>/\\\\\\</c1><c2>__</c2>",
			      "<c2>___</c2><c1>/\\\\\\/</c1><c2>____</c2><c1>/\\\\/\\\\</c1><c2>_</c2>",
			       "<c2>_</c2><c1>/\\\\\\/</c1><c2>_____</c2><c1>\\//\\\\\\</c1><c2>__</c2>",
			        "<c1>\\///</c1><c2>________</c2><c1>\\///</c1><c2>__</c2> "
		],
		"&": [
			"<c2>__________</c2><c1>/\\\\\\</c1><c2>______</c2>",
			 "<c2>_______</c2><c1>/\\\\\\//\\\\\\</c1><c2>____</c2>",
			  "<c2>______</c2><c1>/\\\\\\</c1><c2>_</c2><c1>/\\\\\\</c1><c2>_____</c2>",
			   "<c2>_____</c2><c1>\\//\\\\\\\\//</c1><c2>______</c2>",
			    "<c2>____</c2><c1>/\\\\\\///\\\\\\</c1><c2>______</c2>",
			     "<c2>__</c2><c1>/\\\\\\/</c1><c2>__</c2><c1>\\///\\\\\\/\\\\\\</c1>",
			      "<c2>_</c2><c1>/\\\\\\</c1><c2>______</c2><c1>\\//\\\\\\//</c1><c2>_</c2>",
			       "<c1>\\//\\\\\\\\\\\\\\\\\\\\\\//\\\\\\</c1><c2>_</c2>",
			        "<c2>_</c2><c1>\\///////////</c1><c2>_</c2><c1>\\///</c1><c2>__</c2>"
		],
		"(": [
			"<c2>_____</c2><c1>/\\\\\\</c1>",
			 "<c2>___</c2><c1>/\\\\\\/</c1><c2>_</c2>",
			  "<c2>__</c2><c1>/\\\\\\</c1><c2>___</c2>",
			   "<c2>_</c2><c1>/\\\\\\</c1><c2>____</c2>",
			    "<c1>\\/\\\\\\</c1><c2>____</c2>",
			     "<c1>\\//\\\\\\</c1><c2>___</c2>",
			      "<c2>_</c2><c1>\\//\\\\\\</c1><c2>__</c2>",
			       "<c2>__</c2><c1>\\///\\\\\\</c1>",
			        "<c2>____</c2><c1>\\///</c1><c2>_</c2>"
		],
		")": [
			"<c2>_</c2><c1>/\\\\\\</c1><c2>____</c2>",
			 "<c1>\\///\\\\\\</c1><c2>__</c2>",
			  "<c2>__</c2><c1>\\//\\\\\\</c1><c2>_</c2>",
			   "<c2>___</c2><c1>\\//\\\\\\</c1>",
			    "<c2>____</c2><c1>\\/\\\\\\</c1>",
			     "<c2>____</c2><c1>/\\\\\\</c1><c2>_</c2>",
			      "<c2>___</c2><c1>/\\\\\\</c1><c2>__</c2>",
			       "<c2>_</c2><c1>/\\\\\\/</c1><c2>___</c2>",
			        "<c1>\\///</c1><c2>_____</c2>"
		],
		"/": [
			"<c2>_______________</c2><c1>/\\\\\\</c1>",
			 "<c2>_____________</c2><c1>/\\\\\\/</c1><c2>_</c2>",
			  "<c2>___________</c2><c1>/\\\\\\/</c1><c2>___</c2>",
			   "<c2>_________</c2><c1>/\\\\\\/</c1><c2>_____</c2>",
			    "<c2>_______</c2><c1>/\\\\\\/</c1><c2>_______</c2>",
			     "<c2>_____</c2><c1>/\\\\\\/</c1><c2>_________</c2>",
			      "<c2>___</c2><c1>/\\\\\\/</c1><c2>___________</c2>",
			       "<c2>_</c2><c1>/\\\\\\/</c1><c2>_____________</c2>",
			        "<c1>\\///</c1><c2>_______________</c2>"
		],
		":": [
			"<c2>_____</c2>",
			 "<c2>_____</c2>",
			  "<c2>_____</c2>",
			   "<c2>_____</c2>",
			    "<c2>_</c2><c1>/\\\\\\</c1>",
			     "<c1>\\///</c1><c2>_</c2>",
			      "<c2>_____</c2>",
			       "<c2>_</c2><c1>/\\\\\\</c1>",
			        "<c1>\\///</c1><c2>_</c2>"
		],
		";": [
			"<c2>______</c2>",
			 "<c2>______</c2>",
			  "<c2>______</c2>",
			   "<c2>_</c2><c1>/\\\\\\</c1><c2>_</c2>",
			    "<c1>\\///</c1><c2>__</c2>",
			     "<c2>_</c2><c1>/\\\\\\\\</c1>",
			      "<c1>\\///\\\\</c1>",
			       "<c2>_</c2><c1>/\\\\/</c1><c2>_</c2>",
			        "<c1>\\//</c1><c2>___</c2>"
		],
		",": [
			"<c2>______</c2>",
			 "<c2>______</c2>",
			  "<c2>______</c2>",
			   "<c2>______</c2>",
			    "<c2>______</c2>",
			     "<c2>_</c2><c1>/\\\\\\\\</c1>",
			      "<c1>\\///\\\\</c1>",
			       "<c2>_</c2><c1>/\\\\/</c1><c2>_</c2>",
			        "<c1>\\//</c1><c2>___</c2>"
		],
		"'": [
			"<c2>_</c2><c1>/\\\\\\</c1><c2>_</c2>",
			 "<c1>\\/\\\\\\</c1><c2>_</c2>",
			  "<c1>\\///</c1><c2>__</c2>",
			   "<c2>______</c2>",
			    "<c2>______</c2>",
			     "<c2>______</c2>",
			      "<c2>______</c2>",
			       "<c2>______</c2>",
			        "<c2>______</c2>"
		],
		"\"": [
			"<c2>_</c2><c1>/\\\\\\/\\\\\\</c1>",
			 "<c1>\\/\\\\\\/\\\\\\</c1>",
			  "<c1>\\///\\///</c1><c2>_</c2>",
			   "<c2>_________</c2>",
			    "<c2>_________</c2>",
			     "<c2>_________</c2>",
			      "<c2>_________</c2>",
			       "<c2>_________</c2>",
			        "<c2>_________</c2>"
		],
		" ": [
			"<c2>___</c2>",
			"<c2>___</c2>",
			"<c2>___</c2>",
			"<c2>___</c2>",
			"<c2>___</c2>",
			"<c2>___</c2>",
			"<c2>___</c2>",
			"<c2>___</c2>",
			"<c2>___</c2>"
		]
	}
}
