{
	"name": "chrome",
	"version": "0.1.0",
	"homepage": "https://github.com/dominikwilkowski/cfonts",
	"colors": 3,
	"lines": 3,
	"buffer": [
		"",
		"",
		""
	],
	"letterspace": [
		" ",
		" ",
		" "
		],
	"chars": {
		"A": [
			"<c1>╔═╗</c1>",
			"<c2>╠═╣</c2>",
			"<c3>╩ ╩</c3>"
		],
		"B": [
			"<c1>╔╗ </c1>",
			"<c2>╠╩╗</c2>",
			"<c3>╚═╝</c3>"
		],
		"C": [
			"<c1>╔═╗</c1>",
			"<c2>║  </c2>",
			"<c3>╚═╝</c3>"
		],
		"D": [
			"<c1>╔╦╗</c1>",
			"<c2> ║║</c2>",
			"<c3>═╩╝</c3>"
		],
		"E": [
			"<c1>╔═╗</c1>",
			"<c2>║╣ </c2>",
			"<c3>╚═╝</c3>"
		],
		"F": [
			"<c1>╔═╗</c1>",
			"<c2>╠╣ </c2>",
			"<c3>╚  </c3>"
		],
		"G": [
			"<c1>╔═╗</c1>",
			"<c2>║ ╦</c2>",
			"<c3>╚═╝</c3>"
		],
		"H": [
			"<c1>╦ ╦</c1>",
			"<c2>╠═╣</c2>",
			"<c3>╩ ╩</c3>"
		],
		"I": [
			"<c1>╦</c1>",
			"<c2>║</c2>",
			"<c3>╩</c3>"
		],
		"J": [
			"<c1> ╦</c1>",
			"<c2> ║</c2>",
			"<c3>╚╝</c3>"
		],
		"K": [
			"<c1>╦╔═</c1>",
			"<c2>╠╩╗</c2>",
			"<c3>╩ ╩</c3>"
		],
		"L": [
			"<c1>╦  </c1>",
			"<c2>║  </c2>",
			"<c3>╩═╝</c3>"
		],
		"M": [
			"<c1>╔╦╗</c1>",
			"<c2>║║║</c2>",
			"<c3>╩ ╩</c3>"
		],
		"N": [
			"<c1>╔╗╔</c1>",
			"<c2>║║║</c2>",
			"<c3>╝╚╝</c3>"
		],
		"O": [
			"<c1>╔═╗</c1>",
			"<c2>║ ║</c2>",
			"<c3>╚═╝</c3>"
		],
		"P": [
			"<c1>╔═╗</c1>",
			"<c2>╠═╝</c2>",
			"<c3>╩  </c3>"
		],
		"Q": [
			"<c1>╔═╗ </c1>",
			"<c2>║═╬╗</c2>",
			"<c3>╚═╝╚</c3>"
		],
		"R": [
			"<c1>╦═╗</c1>",
			"<c2>╠╦╝</c2>",
			"<c3>╩╚═</c3>"
		],
		"S": [
			"<c1>╔═╗</c1>",
			"<c2>╚═╗</c2>",
			"<c3>╚═╝</c3>"
		],
		"T": [
			"<c1>╔╦╗</c1>",
			"<c2> ║ </c2>",
			"<c3> ╩ </c3>"
		],
		"U": [
			"<c1>╦ ╦</c1>",
			"<c2>║ ║</c2>",
			"<c3>╚═╝</c3>"
		],
		"V": [
			"<c1>╦  ╦</c1>",
			"<c2>╚╗╔╝</c2>",
			"<c3> ╚╝ </c3>"
		],
		"W": [
			"<c1>╦ ╦</c1>",
			"<c2>║║║</c2>",
			"<c3>╚╩╝</c3>"
		],
		"X": [
			"<c1> ╦ ╦</c1>",
			"<c2>╔╩╦╝</c2>",
			"<c3>╩ ╩ </c3>"
		],
		"Y": [
			"<c1>╦ ╦</c1>",
			"<c2>╚╦╝</c2>",
			"<c3> ╩ </c3>"
		],
		"Z": [
			"<c1>╔═╗</c1>",
			"<c2>╔═╝</c2>",
			"<c3>╚═╝</c3>"
		],
		"0": [
			"<c1>╔═╗</c1>",
			"<c2>║═║</c2>",
			"<c3>╚═╝</c3>"
		],
		"1": [
			"<c1>╗</c1>",
			"<c2>║</c2>",
			"<c3>║</c3>"
		],
		"2": [
			"<c1> ═╗</c1>",
			"<c2>╔═╝</c2>",
			"<c3>╚══</c3>"
		],
		"3": [
			"<c1>╔═╗</c1>",
			"<c2> ╠║</c2>",
			"<c3>╚═╝</c3>"
		],
		"4": [
			"<c1>╦  </c1>",
			"<c2>╚╬╝</c2>",
			"<c3> ╩ </c3>"
		],
		"5": [
			"<c1>╔═ </c1>",
			"<c2>╚═╗</c2>",
			"<c3>══╝</c3>"
		],
		"6": [
			"<c1>╔═╗</c1>",
			"<c2>╠═╗</c2>",
			"<c3>╚═╝</c3>"
		],
		"7": [
			"<c1>╔═╗</c1>",
			"<c2> ═╣</c2>",
			"<c3>  ╩</c3>"
		],
		"8": [
			"<c1>╔═╗</c1>",
			"<c2>╠═╣</c2>",
			"<c3>╚═╝</c3>"
		],
		"9": [
			"<c1>╔═╗</c1>",
			"<c2>╚═╣</c2>",
			"<c3>╚═╝</c3>"
		],
		"!": [
			"<c1>╦</c1>",
			"<c2>║</c2>",
			"<c3>o</c3>"
		],
		"?": [
			"<c1>╔═╗</c1>",
			"<c2> ╔╝</c2>",
			"<c3> o </c3>"
		],
		".": [
			"<c1> </c1>",
			"<c2> </c2>",
			"<c3>o</c3>"
		],
		"+": [
			"<c1>   </c1>",
			"<c2>═╬═</c2>",
			"<c3>   </c3>"
		],
		"-": [
			"<c1>  </c1>",
			"<c2>──</c2>",
			"<c3>  </c3>"
		],
		"_": [
			"<c1>  </c1>",
			"<c2>  </c2>",
			"<c3>──</c3>"
		],
		"=": [
			"<c1>  </c1>",
			"<c2>══</c2>",
			"<c3>  </c3>"
		],
		"@": [
			"<c1>╔═╗</c1>",
			"<c2>║╚╝</c2>",
			"<c3>╚══</c3>"
		],
		"#": [
			"<c1>  </c1>",
			"<c2>╬╬</c2>",
			"<c3>╬╬</c3>"
		],
		"$": [
			"<c1>╔╬╗</c1>",
			"<c2>╚╬╗</c2>",
			"<c3>╚╬╝</c3>"
		],
		"%": [
			"<c1>o╔</c1>",
			"<c2>╔╝</c2>",
			"<c3>╝o</c3>"
		],
		"&": [
			"<c1> ╦ </c1>",
			"<c2>╔╬═</c2>",
			"<c3>╚╝ </c3>"
		],
		"(": [
			"<c1>╔</c1>",
			"<c2>║</c2>",
			"<c3>╚</c3>"
		],
		")": [
			"<c1>╗</c1>",
			"<c2>║</c2>",
			"<c3>╝</c3>"
		],
		"/": [
			"<c1> ╔</c1>",
			"<c2>╔╝</c2>",
			"<c3>╝ </c3>"
		],
		":": [
			"<c1> </c1>",
			"<c2>o</c2>",
			"<c3>o</c3>"
		],
		";": [
			"<c1> </c1>",
			"<c2>o</c2>",
			"<c3>╔</c3>"
		],
		",": [
			"<c1> </c1>",
			"<c1> </c1>",
			"<c3>╔</c3>"
		],
		"'": [
			"<c1>╗</c1>",
			"<c1> </c1>",
			"<c3> </c3>"
		],
		"\"": [
			"<c1>╗╗</c1>",
			"<c1>  </c1>",
			"<c3>  </c3>"
		],
		" ": [
			"    ",
			"    ",
			"    "
		]
	}
}
