{
	"name": "grid",
	"version": "0.0.1",
	"homepage": "https://github.com/dominikwilkowski/cfonts",
	"colors": 2,
	"lines": 6,
	"buffer": [
		"",
		"",
		"",
		"",
		"",
		""
	],
	"letterspace": [
		"<c2>╋</c2>",
		"<c2>╋</c2>",
		"<c2>╋</c2>",
		"<c2>╋</c2>",
		"<c2>╋</c2>",
		"<c2>╋</c2>"
	],
	"chars": {
		"A": [
			"<c2>╋╋╋╋</c2>",
			"<c1>┏━━┓</c1>",
			"<c1>┃┏┓┃</c1>",
			"<c1>┃┏┓┃</c1>",
			"<c1>┗┛┗┛</c1>",
			"<c2>╋╋╋╋</c2>"
		],
		"B": [
			"<c1>┏┓</c1><c2>╋╋</c2>",
			"<c1>┃┗━┓</c1>",
			"<c1>┃┏┓┃</c1>",
			"<c1>┃┗┛┃</c1>",
			"<c1>┗━━┛</c1>",
			"<c2>╋╋╋╋</c2>"
		],
		"C": [
			"<c2>╋╋╋╋</c2>",
			"<c1>┏━━┓</c1>",
			"<c1>┃┏━┛</c1>",
			"<c1>┃┗━┓</c1>",
			"<c1>┗━━┛</c1>",
			"<c2>╋╋╋╋</c2>"
		],
		"D": [
			"<c2>╋╋</c2><c1>┏┓</c1>",
			"<c1>┏━┛┃</c1>",
			"<c1>┃┏┓┃</c1>",
			"<c1>┃┗┛┃</c1>",
			"<c1>┗━━┛</c1>",
			"<c2>╋╋╋╋</c2>"
		],
		"E": [
			"<c2>╋╋╋╋</c2>",
			"<c1>┏━━┓</c1>",
			"<c1>┃┃━┫</c1>",
			"<c1>┃┃━┫</c1>",
			"<c1>┗━━┛</c1>",
			"<c2>╋╋╋╋</c2>"
		],
		"F": [
			"<c2>╋</c2><c1>┏━┓</c1>",
			"<c1>┏┛┗┓</c1>",
			"<c1>┗┓┏┛</c1>",
			"<c2>╋</c2><c1>┃┃</c1><c2>╋</c2>",
			"<c2>╋</c2><c1>┗┛</c1><c2>╋</c2>",
			"<c2>╋╋╋╋</c2>"
		],
		"G": [
			"<c2>╋╋╋╋</c2>",
			"<c1>┏━━┓</c1>",
			"<c1>┃┏┓┃</c1>",
			"<c1>┃┗┛┃</c1>",
			"<c1>┗━┓┃</c1>",
			"<c1>┗━━┛</c1>"
		],
		"H": [
			"<c1>┏┓</c1><c2>╋╋</c2>",
			"<c1>┃┗━┓</c1>",
			"<c1>┃┏┓┃</c1>",
			"<c1>┃┃┃┃</c1>",
			"<c1>┗┛┗┛</c1>",
			"<c2>╋╋╋╋</c2>"
		],
		"I": [
			"<c1>┏┓</c1>",
			"<c1>┗┛</c1>",
			"<c1>┏┓</c1>",
			"<c1>┃┃</c1>",
			"<c1>┗┛</c1>",
			"<c2>╋╋</c2>"
		],
		"J": [
			"<c2>╋</c2><c1>┏┓</c1>",
			"<c2>╋</c2><c1>┗┛</c1>",
			"<c2>╋</c2><c1>┏┓</c1>",
			"<c2>╋</c2><c1>┃┃</c1>",
			"<c1>┏┛┃</c1>",
			"<c1>┗━┛</c1>"
		],
		"K": [
			"<c1>┏┓</c1><c2>╋╋</c2>",
			"<c1>┃┃┏┓</c1>",
			"<c1>┃┗┛┛</c1>",
			"<c1>┃┏┓┓</c1>",
			"<c1>┗┛┗┛</c1>",
			"<c2>╋╋╋╋</c2>"
		],
		"L": [
			"<c1>┏┓</c1><c2>╋</c2>",
			"<c1>┃┃</c1><c2>╋</c2>",
			"<c1>┃┃</c1><c2>╋</c2>",
			"<c1>┃┗┓</c1>",
			"<c1>┗━┛</c1>",
			"<c2>╋╋╋</c2>"
		],
		"M": [
			"<c2>╋╋╋╋</c2>",
			"<c1>┏┓┏┓</c1>",
			"<c1>┃┗┛┃</c1>",
			"<c1>┃┃┃┃</c1>",
			"<c1>┗┻┻┛</c1>",
			"<c2>╋╋╋╋</c2>"
		],
		"N": [
			"<c2>╋╋╋╋</c2>",
			"<c1>┏━┓</c1><c2>╋</c2>",
			"<c1>┃┏┓┓</c1>",
			"<c1>┃┃┃┃</c1>",
			"<c1>┗┛┗┛</c1>",
			"<c2>╋╋╋╋</c2>"
		],
		"O": [
			"<c2>╋╋╋╋</c2>",
			"<c1>┏━━┓</c1>",
			"<c1>┃┏┓┃</c1>",
			"<c1>┃┗┛┃</c1>",
			"<c1>┗━━┛</c1>",
			"<c2>╋╋╋╋</c2>"
		],
		"P": [
			"<c2>╋╋╋╋</c2>",
			"<c1>┏━━┓</c1>",
			"<c1>┃┏┓┃</c1>",
			"<c1>┃┗┛┃</c1>",
			"<c1>┃┏━┛</c1>",
			"<c1>┗┛</c1><c2>╋╋</c2>"
		],
		"Q": [
			"<c2>╋╋╋╋</c2>",
			"<c1>┏━━┓</c1>",
			"<c1>┃┏┓┃</c1>",
			"<c1>┃┗┛┃</c1>",
			"<c1>┗━┓┃</c1>",
			"<c2>╋╋</c2><c1>┗┛</c1>"
		],
		"R": [
			"<c2>╋╋╋</c2>",
			"<c1>┏━┓</c1>",
			"<c1>┃┏┛</c1>",
			"<c1>┃┃</c1><c2>╋</c2>",
			"<c1>┗┛</c1><c2>╋</c2>",
			"<c2>╋╋╋</c2>"
		],
		"S": [
			"<c2>╋╋╋╋</c2>",
			"<c1>┏━━┓</c1>",
			"<c1>┃━━┫</c1>",
			"<c1>┣━━┃</c1>",
			"<c1>┗━━┛</c1>",
			"<c2>╋╋╋╋</c2>"
		],
		"T": [
			"<c2>╋</c2><c1>┏┓</c1><c2>╋</c2>",
			"<c1>┏┛┗┓</c1>",
			"<c1>┗┓┏┛</c1>",
			"<c2>╋</c2><c1>┃┗┓</c1>",
			"<c2>╋</c2><c1>┗━┛</c1>",
			"<c2>╋╋╋╋</c2>"
		],
		"U": [
			"<c2>╋╋╋╋</c2>",
			"<c1>┏┓┏┓</c1>",
			"<c1>┃┃┃┃</c1>",
			"<c1>┃┗┛┃</c1>",
			"<c1>┗━━┛</c1>",
			"<c2>╋╋╋╋</c2>"
		],
		"V": [
			"<c2>╋╋╋╋</c2>",
			"<c1>┏┓┏┓</c1>",
			"<c1>┃┗┛┃</c1>",
			"<c1>┗┓┏┛</c1>",
			"<c2>╋</c2><c1>┗┛</c1><c2>╋</c2>",
			"<c2>╋╋╋╋</c2>"
		],
		"W": [
			"<c2>╋╋╋╋╋╋</c2>",
			"<c1>┏┓┏┓┏┓</c1>",
			"<c1>┃┗┛┗┛┃</c1>",
			"<c1>┗┓┏┓┏┛</c1>",
			"<c2>╋</c2><c1>┗┛┗┛</c1><c2>╋</c2>",
			"<c2>╋╋╋╋╋╋</c2>"
		],
		"X": [
			"<c2>╋╋╋╋</c2>",
			"<c1>┏┓┏┓</c1>",
			"<c1>┗╋╋┛</c1>",
			"<c1>┏╋╋┓</c1>",
			"<c1>┗┛┗┛</c1>",
			"<c2>╋╋╋╋</c2>"
		],
		"Y": [
			"<c2>╋╋╋╋╋</c2>",
			"<c1>┏┓</c1><c2>╋</c2><c1>┏┓</c1>",
			"<c1>┃┗━┛┃</c1>",
			"<c1>┗━┓┏┛</c1>",
			"<c1>┗━━┛</c1><c2>╋</c2>",
			"<c2>╋╋╋╋╋</c2>"
		],
		"Z": [
			"<c2>╋╋╋╋╋</c2>",
			"<c1>┏━━━┓</c1>",
			"<c1>┣━━┃┃</c1>",
			"<c1>┃┃━━┫</c1>",
			"<c1>┗━━━┛</c1>",
			"<c2>╋╋╋╋╋</c2>"
		],
		"0": [
			"<c1>┏━━━┓</c1>",
			"<c1>┃┏━┓┃</c1>",
			"<c1>┃┃┃┃┃</c1>",
			"<c1>┃┃┃┃┃</c1>",
			"<c1>┃┗━┛┃</c1>",
			"<c1>┗━━━┛</c1>"
		],
		"1": [
			"<c2>╋</c2><c1>┏┓</c1><c2>╋</c2>",
			"<c1>┏┛┃</c1><c2>╋</c2>",
			"<c1>┗┓┃</c1><c2>╋</c2>",
			"<c2>╋</c2><c1>┃┃</c1><c2>╋</c2>",
			"<c1>┏┛┗┓</c1>",
			"<c1>┗━━┛</c1>"
		],
		"2": [
			"<c1>┏━━━┓</c1>",
			"<c1>┃┏━┓┃</c1>",
			"<c1>┗┛┏┛┃</c1>",
			"<c1>┏━┛┏┛</c1>",
			"<c1>┃┗━┻┓</c1>",
			"<c1>┗━━━┛</c1>"
		],
		"3": [
			"<c1>┏━━━┓</c1>",
			"<c1>┃┏━┓┃</c1>",
			"<c1>┗┛┏┛┃</c1>",
			"<c1>┏┓┗┓┃</c1>",
			"<c1>┃┗━┛┃</c1>",
			"<c1>┗━━━┛</c1>"
		],
		"4": [
			"<c1>┏┓</c1><c2>╋</c2><c1>┏┓</c1>",
			"<c1>┃┃</c1><c2>╋</c2><c1>┃┃</c1>",
			"<c1>┃┗━┛┃</c1>",
			"<c1>┗━━┓┃</c1>",
			"<c2>╋╋╋</c2><c1>┃┃</c1>",
			"<c2>╋╋╋</c2><c1>┗┛</c1>"
		],
		"5": [
			"<c1>┏━━━┓</c1>",
			"<c1>┃┏━━┛</c1>",
			"<c1>┃┗━━┓</c1>",
			"<c1>┗━━┓┃</c1>",
			"<c1>┏━━┛┃</c1>",
			"<c1>┗━━━┛</c1>"
		],
		"6": [
			"<c1>┏━━━┓</c1>",
			"<c1>┃┏━━┛</c1>",
			"<c1>┃┗━━┓</c1>",
			"<c1>┃┏━┓┃</c1>",
			"<c1>┃┗━┛┃</c1>",
			"<c1>┗━━━┛</c1>"
		],
		"7": [
			"<c1>┏━━━┓</c1>",
			"<c1>┃┏━┓┃</c1>",
			"<c1>┗┛┏┛┃</c1>",
			"<c2>╋╋</c2><c1>┃┏┛</c1>",
			"<c2>╋╋</c2><c1>┃┃</c1><c2>╋</c2>",
			"<c2>╋╋</c2><c1>┗┛</c1><c2>╋</c2>"
		],
		"8": [
			"<c1>┏━━━┓</c1>",
			"<c1>┃┏━┓┃</c1>",
			"<c1>┃┗━┛┃</c1>",
			"<c1>┃┏━┓┃</c1>",
			"<c1>┃┗━┛┃</c1>",
			"<c1>┗━━━┛</c1>"
		],
		"9": [
			"<c1>┏━━━┓</c1>",
			"<c1>┃┏━┓┃</c1>",
			"<c1>┃┗━┛┃</c1>",
			"<c1>┗━━┓┃</c1>",
			"<c1>┏━━┛┃</c1>",
			"<c1>┗━━━┛</c1>"
		],
		"!": [
			"<c1>┏┓</c1>",
			"<c1>┃┃</c1>",
			"<c1>┃┃</c1>",
			"<c1>┗┛</c1>",
			"<c1>┏┓</c1>",
			"<c1>┗┛</c1>"
		],
		"?": [
			"<c1>┏━━━┓</c1>",
			"<c1>┃┏━┓┃</c1>",
			"<c1>┗┛┏┛┃</c1>",
			"<c2>╋╋</c2><c1>┃┏┛</c1>",
			"<c2>╋╋</c2><c1>┏┓</c1><c2>╋</c2>",
			"<c2>╋╋</c2><c1>┗┛</c1><c2>╋</c2>"
		],
		".": [
			"<c2>╋╋</c2>",
			"<c2>╋╋</c2>",
			"<c2>╋╋</c2>",
			"<c2>╋╋</c2>",
			"<c1>┏┓</c1>",
			"<c1>┗┛</c1>"
		],
		"+": [
			"<c2>╋╋╋╋</c2>",
			"<c2>╋</c2><c1>┏┓</c1><c2>╋</c2>",
			"<c1>┏┛┗┓</c1>",
			"<c1>┗┓┏┛</c1>",
			"<c2>╋</c2><c1>┗┛</c1><c2>╋</c2>",
			"<c2>╋╋╋╋</c2>"
		],
		"-": [
			"<c2>╋╋╋╋</c2>",
			"<c2>╋╋╋╋</c2>",
			"<c1>┏━━┓</c1>",
			"<c1>┗━━┛</c1>",
			"<c2>╋╋╋╋</c2>",
			"<c2>╋╋╋╋</c2>"
		],
		"_": [
			"<c2>╋╋╋╋</c2>",
			"<c2>╋╋╋╋</c2>",
			"<c2>╋╋╋╋</c2>",
			"<c2>╋╋╋╋</c2>",
			"<c1>┏━━┓</c1>",
			"<c1>┗━━┛</c1>"
		],
		"=": [
			"<c2>╋╋╋╋╋</c2>",
			"<c1>┏━━━┓</c1>",
			"<c1>┗━━━┛</c1>",
			"<c1>┏━━━┓</c1>",
			"<c1>┗━━━┛</c1>",
			"<c2>╋╋╋╋╋</c2>"
		],
		"@": [
			"<c1>┏━━━━┓</c1><c2>╋</c2>",
			"<c1>┃┏━━┓┃</c1><c2>╋</c2>",
			"<c1>┃┃┏━┃┃</c1><c2>╋</c2>",
			"<c1>┃┃┗┛┃┃</c1><c2>╋</c2>",
			"<c1>┃┗━━┛┗┓</c1>",
			"<c1>┗━━━━━┛</c1>"
		],
		"#": [
			"<c2>╋</c2><c1>┏━━━┓</c1><c2>╋</c2>",
			"<c1>┏┛┏━┓┗┓</c1>",
			"<c1>┗┓┃┃┃┏┛</c1>",
			"<c1>┏┛┃┃┃┗┓</c1>",
			"<c1>┗┓┗━┛┏┛</c1>",
			"<c2>╋</c2><c1>┗━━━┛</c1><c2>╋</c2>"
		],
		"$": [
			"<c2>╋</c2><c1>┏┓</c1><c2>╋</c2>",
			"<c1>┏┛┗┓</c1>",
			"<c1>┃━━┫</c1>",
			"<c1>┣━━┃</c1>",
			"<c1>┗┓┏┛</c1>",
			"<c2>╋</c2><c1>┗┛</c1><c2>╋</c2>"
		],
		"%": [
			"<c1>┏┓</c1><c2>╋╋</c2><c1>┏━┓</c1>",
			"<c1>┗┛</c1><c2>╋</c2><c1>┏┛┏┛</c1>",
			"<c2>╋╋</c2><c1>┏┛┏┛</c1><c2>╋</c2>",
			"<c2>╋</c2><c1>┏┛┏┛</c1><c2>╋╋</c2>",
			"<c1>┏┛┏┛</c1><c2>╋</c2><c1>┏┓</c1>",
			"<c1>┗━┛</c1><c2>╋╋</c2><c1>┗┛</c1>"
		],
		"&": [
			"<c2>╋╋</c2><c1>┏┓</c1><c2>╋</c2>",
			"<c2>╋╋</c2><c1>┃┃</c1><c2>╋</c2>",
			"<c1>┏━┛┗┓</c1>",
			"<c1>┃┏┓┏┛</c1>",
			"<c1>┃┗┛┃</c1><c2>╋</c2>",
			"<c1>┗━━┛</c1><c2>╋</c2>"
		],
		"(": [
			"<c2>╋╋</c2><c1>┏━┓</c1>",
			"<c2>╋</c2><c1>┏┛┏┛</c1>",
			"<c1>┏┛┏┛</c1><c2>╋</c2>",
			"<c1>┗┓┗┓</c1><c2>╋</c2>",
			"<c2>╋</c2><c1>┗┓┗┓</c1>",
			"<c2>╋╋</c2><c1>┗━┛</c1>"
		],
		")": [
			"<c1>┏━┓</c1><c2>╋╋</c2>",
			"<c1>┗┓┗┓</c1><c2>╋</c2>",
			"<c2>╋</c2><c1>┗┓┗┓</c1>",
			"<c2>╋</c2><c1>┏┛┏┛</c1>",
			"<c1>┏┛┏┛</c1><c2>╋</c2>",
			"<c1>┗━┛</c1><c2>╋╋</c2>"
		],
		"/": [
			"<c2>╋╋╋╋</c2><c1>┏━┓</c1>",
			"<c2>╋╋╋</c2><c1>┏┛┏┛</c1>",
			"<c2>╋╋</c2><c1>┏┛┏┛</c1><c2>╋</c2>",
			"<c2>╋</c2><c1>┏┛┏┛</c1><c2>╋╋</c2>",
			"<c1>┏┛┏┛</c1><c2>╋╋╋</c2>",
			"<c1>┗━┛</c1><c2>╋╋╋╋</c2>"
		],
		":": [
			"<c2>╋╋</c2>",
			"<c1>┏┓</c1>",
			"<c1>┗┛</c1>",
			"<c1>┏┓</c1>",
			"<c1>┗┛</c1>",
			"<c2>╋╋</c2>"
		],
		";": [
			"<c2>╋╋</c2>",
			"<c1>┏┓</c1>",
			"<c1>┗┛</c1>",
			"<c2>╋╋</c2>",
			"<c1>┏┓</c1>",
			"<c1>┗┫</c1>"
		],
		",": [
			"<c2>╋╋</c2>",
			"<c2>╋╋</c2>",
			"<c2>╋╋</c2>",
			"<c2>╋╋</c2>",
			"<c1>┏┓</c1>",
			"<c1>┗┫</c1>"
		],
		"'": [
			"<c1>┏┓</c1>",
			"<c1>┗┛</c1>",
			"<c2>╋╋</c2>",
			"<c2>╋╋</c2>",
			"<c2>╋╋</c2>",
			"<c2>╋╋</c2>"
		],
		"\"": [
			"<c1>┏┓┏┓</c1>",
			"<c1>┗┛┗┛</c1>",
			"<c2>╋╋╋╋</c2>",
			"<c2>╋╋╋╋</c2>",
			"<c2>╋╋╋╋</c2>",
			"<c2>╋╋╋╋</c2>"
		],
		" ": [
			"<c2>╋╋</c2>",
			"<c2>╋╋</c2>",
			"<c2>╋╋</c2>",
			"<c2>╋╋</c2>",
			"<c2>╋╋</c2>",
			"<c2>╋╋</c2>"
		]
	}
}
