{
	"name": "pallet",
	"version": "0.0.1",
	"homepage": "https://github.com/dominikwilkowski/cfonts",
	"colors": 2,
	"lines": 6,
	"buffer": [
		"",
		"",
		"",
		"",
		"",
		""
	],
	"letterspace": [
		"<c2>─</c2>",
		"<c2>─</c2>",
		"<c2>─</c2>",
		"<c2>─</c2>",
		"<c2>─</c2>",
		"<c2>─</c2>"
	],
	"chars": {
		"A": [
			"<c1>╔═══╗</c1>",
			"<c1>║╔═╗║</c1>",
			"<c1>║║</c1><c2>─</c2><c1>║║</c1>",
			"<c1>║╚═╝║</c1>",
			"<c1>║╔═╗║</c1>",
			"<c1>╚╝</c1><c2>─</c2><c1>╚╝</c1>"
		],
		"B": [
			"<c1>╔══╗</c1><c2>─</c2>",
			"<c1>║╔╗║</c1><c2>─</c2>",
			"<c1>║╚╝╚╗</c1>",
			"<c1>║╔═╗║</c1>",
			"<c1>║╚═╝║</c1>",
			"<c1>╚═══╝</c1>"
		],
		"C": [
			"<c1>╔═══╗</c1>",
			"<c1>║╔═╗║</c1>",
			"<c1>║║</c1><c2>─</c2><c1>╚╝</c1>",
			"<c1>║║</c1><c2>─</c2><c1>╔╗</c1>",
			"<c1>║╚═╝║</c1>",
			"<c1>╚═══╝</c1>"
		],
		"D": [
			"<c1>╔═══╗</c1>",
			"<c1>╚╗╔╗║</c1>",
			"<c2>─</c2><c1>║║║║</c1>",
			"<c2>─</c2><c1>║║║║</c1>",
			"<c1>╔╝╚╝║</c1>",
			"<c1>╚═══╝</c1>"
		],
		"E": [
			"<c1>╔═══╗</c1>",
			"<c1>║╔══╝</c1>",
			"<c1>║╚══╗</c1>",
			"<c1>║╔══╝</c1>",
			"<c1>║╚══╗</c1>",
			"<c1>╚═══╝</c1>"
		],
		"F": [
			"<c1>╔═══╗</c1>",
			"<c1>║╔══╝</c1>",
			"<c1>║╚══╗</c1>",
			"<c1>║╔══╝</c1>",
			"<c1>║║</c1><c2>───</c2>",
			"<c1>╚╝</c1><c2>───</c2>"
		],
		"G": [
			"<c1>╔═══╗</c1>",
			"<c1>║╔═╗║</c1>",
			"<c1>║║</c1><c2>─</c2><c1>╚╝</c1>",
			"<c1>║║╔═╗</c1>",
			"<c1>║╚╩═║</c1>",
			"<c1>╚═══╝</c1>"
		],
		"H": [
			"<c1>╔╗</c1><c2>─</c2><c1>╔╗</c1>",
			"<c1>║║</c1><c2>─</c2><c1>║║</c1>",
			"<c1>║╚═╝║</c1>",
			"<c1>║╔═╗║</c1>",
			"<c1>║║</c1><c2>─</c2><c1>║║</c1>",
			"<c1>╚╝</c1><c2>─</c2><c1>╚╝</c1>"
		],
		"I": [
			"<c1>╔══╗</c1>",
			"<c1>╚╣╠╝</c1>",
			"<c2>─</c2><c1>║║</c1><c2>─</c2>",
			"<c2>─</c2><c1>║║</c1><c2>─</c2>",
			"<c1>╔╣╠╗</c1>",
			"<c1>╚══╝</c1>"
		],
		"J": [
			"<c2>──</c2><c1>╔╗</c1>",
			"<c2>──</c2><c1>║║</c1>",
			"<c2>──</c2><c1>║║</c1>",
			"<c1>╔╗║║</c1>",
			"<c1>║╚╝║</c1>",
			"<c1>╚══╝</c1>"
		],
		"K": [
			"<c1>╔╗╔═╗</c1>",
			"<c1>║║║╔╝</c1>",
			"<c1>║╚╝╝</c1><c2>─</c2>",
			"<c1>║╔╗║</c1><c2>─</c2>",
			"<c1>║║║╚╗</c1>",
			"<c1>╚╝╚═╝</c1>"
		],
		"L": [
			"<c1>╔╗</c1><c2>───</c2>",
			"<c1>║║</c1><c2>───</c2>",
			"<c1>║║</c1><c2>───</c2>",
			"<c1>║║</c1><c2>─</c2><c1>╔╗</c1>",
			"<c1>║╚═╝║</c1>",
			"<c1>╚═══╝</c1>"
		],
		"M": [
			"<c1>╔═╗╔═╗</c1>",
			"<c1>║║╚╝║║</c1>",
			"<c1>║╔╗╔╗║</c1>",
			"<c1>║║║║║║</c1>",
			"<c1>║║║║║║</c1>",
			"<c1>╚╝╚╝╚╝</c1>"
		],
		"N": [
			"<c1>╔═╗</c1><c2>─</c2><c1>╔╗</c1>",
			"<c1>║║╚╗║║</c1>",
			"<c1>║╔╗╚╝║</c1>",
			"<c1>║║╚╗║║</c1>",
			"<c1>║║</c1><c2>─</c2><c1>║║║</c1>",
			"<c1>╚╝</c1><c2>─</c2><c1>╚═╝</c1>"
		],
		"O": [
			"<c1>╔═══╗</c1>",
			"<c1>║╔═╗║</c1>",
			"<c1>║║</c1><c2>─</c2><c1>║║</c1>",
			"<c1>║║</c1><c2>─</c2><c1>║║</c1>",
			"<c1>║╚═╝║</c1>",
			"<c1>╚═══╝</c1>"
		],
		"P": [
			"<c1>╔═══╗</c1>",
			"<c1>║╔═╗║</c1>",
			"<c1>║╚═╝║</c1>",
			"<c1>║╔══╝</c1>",
			"<c1>║║</c1><c2>───</c2>",
			"<c1>╚╝</c1><c2>───</c2>"
		],
		"Q": [
			"<c1>╔═══╗</c1><c2>─</c2>",
			"<c1>║╔═╗║</c1><c2>─</c2>",
			"<c1>║║</c1><c2>─</c2><c1>║║</c1><c2>─</c2>",
			"<c1>║║</c1><c2>─</c2><c1>║║</c1><c2>─</c2>",
			"<c1>║╚═╝╠╗</c1>",
			"<c1>╚════╝</c1>"
		],
		"R": [
			"<c1>╔═══╗</c1>",
			"<c1>║╔═╗║</c1>",
			"<c1>║╚═╝║</c1>",
			"<c1>║╔╗╔╝</c1>",
			"<c1>║║║╚╗</c1>",
			"<c1>╚╝╚═╝</c1>"
		],
		"S": [
			"<c1>╔═══╗</c1>",
			"<c1>║╔═╗║</c1>",
			"<c1>║╚══╗</c1>",
			"<c1>╚══╗║</c1>",
			"<c1>║╚═╝║</c1>",
			"<c1>╚═══╝</c1>"
		],
		"T": [
			"<c1>╔════╗</c1>",
			"<c1>║╔╗╔╗║</c1>",
			"<c1>╚╝║║╚╝</c1>",
			"<c2>──</c2><c1>║║</c1><c2>──</c2>",
			"<c2>──</c2><c1>║║</c1><c2>──</c2>",
			"<c2>──</c2><c1>╚╝</c1><c2>──</c2>"
		],
		"U": [
			"<c1>╔╗</c1><c2>─</c2><c1>╔╗</c1>",
			"<c1>║║</c1><c2>─</c2><c1>║║</c1>",
			"<c1>║║</c1><c2>─</c2><c1>║║</c1>",
			"<c1>║║</c1><c2>─</c2><c1>║║</c1>",
			"<c1>║╚═╝║</c1>",
			"<c1>╚═══╝</c1>"
		],
		"V": [
			"<c1>╔╗</c1><c2>──</c2><c1>╔╗</c1>",
			"<c1>║╚╗╔╝║</c1>",
			"<c1>╚╗║║╔╝</c1>",
			"<c2>─</c2><c1>║╚╝║</c1><c2>─</c2>",
			"<c2>─</c2><c1>╚╗╔╝</c1><c2>─</c2>",
			"<c2>──</c2><c1>╚╝</c1><c2>──</c2>"
		],
		"W": [
			"<c1>╔╗╔╗╔╗</c1>",
			"<c1>║║║║║║</c1>",
			"<c1>║║║║║║</c1>",
			"<c1>║╚╝╚╝║</c1>",
			"<c1>╚╗╔╗╔╝</c1>",
			"<c2>─</c2><c1>╚╝╚╝</c1><c2>─</c2>"
		],
		"X": [
			"<c1>╔═╗╔═╗</c1>",
			"<c1>╚╗╚╝╔╝</c1>",
			"<c2>─</c2><c1>╚╗╔╝</c1><c2>─</c2>",
			"<c2>─</c2><c1>╔╝╚╗</c1><c2>─</c2>",
			"<c1>╔╝╔╗╚╗</c1>",
			"<c1>╚═╝╚═╝</c1>"
		],
		"Y": [
			"<c1>╔╗</c1><c2>──</c2><c1>╔╗</c1>",
			"<c1>║╚╗╔╝║</c1>",
			"<c1>╚╗╚╝╔╝</c1>",
			"<c2>─</c2><c1>╚╗╔╝</c1><c2>─</c2>",
			"<c2>──</c2><c1>║║</c1><c2>──</c2>",
			"<c2>──</c2><c1>╚╝</c1><c2>──</c2>"
		],
		"Z": [
			"<c1>╔════╗</c1>",
			"<c1>╚══╗═║</c1>",
			"<c2>──</c2><c1>╔╝╔╝</c1>",
			"<c2>─</c2><c1>╔╝╔╝</c1><c2>─</c2>",
			"<c1>╔╝═╚═╗</c1>",
			"<c1>╚════╝</c1>"
		],
		"0": [
			"<c1>╔═══╗</c1>",
			"<c1>║╔═╗║</c1>",
			"<c1>║║║║║</c1>",
			"<c1>║║║║║</c1>",
			"<c1>║╚═╝║</c1>",
			"<c1>╚═══╝</c1>"
		],
		"1": [
			"<c2>─</c2><c1>╔╗</c1><c2>─</c2>",
			"<c1>╔╝║</c1><c2>─</c2>",
			"<c1>╚╗║</c1><c2>─</c2>",
			"<c2>─</c2><c1>║║</c1><c2>─</c2>",
			"<c1>╔╝╚╗</c1>",
			"<c1>╚══╝</c1>"
		],
		"2": [
			"<c1>╔═══╗</c1>",
			"<c1>║╔═╗║</c1>",
			"<c1>╚╝╔╝║</c1>",
			"<c1>╔═╝╔╝</c1>",
			"<c1>║║╚═╗</c1>",
			"<c1>╚═══╝</c1>"
		],
		"3": [
			"<c1>╔═══╗</c1>",
			"<c1>║╔═╗║</c1>",
			"<c1>╚╝╔╝║</c1>",
			"<c1>╔╗╚╗║</c1>",
			"<c1>║╚═╝║</c1>",
			"<c1>╚═══╝</c1>"
		],
		"4": [
			"<c1>╔╗</c1><c2>─</c2><c1>╔╗</c1>",
			"<c1>║║</c1><c2>─</c2><c1>║║</c1>",
			"<c1>║╚═╝║</c1>",
			"<c1>╚══╗║</c1>",
			"<c2>───</c2><c1>║║</c1>",
			"<c2>───</c2><c1>╚╝</c1>"
		],
		"5": [
			"<c1>╔═══╗</c1>",
			"<c1>║╔══╝</c1>",
			"<c1>║╚══╗</c1>",
			"<c1>╚══╗║</c1>",
			"<c1>╔══╝║</c1>",
			"<c1>╚═══╝</c1>"
		],
		"6": [
			"<c1>╔═══╗</c1>",
			"<c1>║╔══╝</c1>",
			"<c1>║╚══╗</c1>",
			"<c1>║╔═╗║</c1>",
			"<c1>║╚═╝║</c1>",
			"<c1>╚═══╝</c1>"
		],
		"7": [
			"<c1>╔═══╗</c1>",
			"<c1>║╔═╗║</c1>",
			"<c1>╚╝╔╝║</c1>",
			"<c2>──</c2><c1>║╔╝</c1>",
			"<c2>──</c2><c1>║║</c1><c2>─</c2>",
			"<c2>──</c2><c1>╚╝</c1><c2>─</c2>"
		],
		"8": [
			"<c1>╔═══╗</c1>",
			"<c1>║╔═╗║</c1>",
			"<c1>║╚═╝║</c1>",
			"<c1>║╔═╗║</c1>",
			"<c1>║╚═╝║</c1>",
			"<c1>╚═══╝</c1>"
		],
		"9": [
			"<c1>╔═══╗</c1>",
			"<c1>║╔═╗║</c1>",
			"<c1>║╚═╝║</c1>",
			"<c1>╚══╗║</c1>",
			"<c1>╔══╝║</c1>",
			"<c1>╚═══╝</c1>"
		],
		"!": [
			"<c1>╔╗</c1>",
			"<c1>║║</c1>",
			"<c1>║║</c1>",
			"<c1>╚╝</c1>",
			"<c1>╔╗</c1>",
			"<c1>╚╝</c1>"
		],
		"?": [
			"<c1>╔═══╗</c1>",
			"<c1>║╔═╗║</c1>",
			"<c1>╚╝╔╝║</c1>",
			"<c2>──</c2><c1>║╔╝</c1>",
			"<c2>──</c2><c1>╔╗</c1><c2>─</c2>",
			"<c2>──</c2><c1>╚╝</c1><c2>─</c2>"
		],
		".": [
			"<c2>──</c2>",
			"<c2>──</c2>",
			"<c2>──</c2>",
			"<c2>──</c2>",
			"<c1>╔╗</c1>",
			"<c1>╚╝</c1>"
		],
		"+": [
			"<c2>────</c2>",
			"<c2>────</c2>",
			"<c2>─</c2><c1>╔╗</c1><c2>─</c2>",
			"<c1>╔╝╚╗</c1>",
			"<c1>╚╗╔╝</c1>",
			"<c2>─</c2><c1>╚╝</c1><c2>─</c2>"
		],
		"-": [
			"<c2>────</c2>",
			"<c2>────</c2>",
			"<c1>╔══╗</c1>",
			"<c1>╚══╝</c1>",
			"<c2>────</c2>",
			"<c2>────</c2>"
		],
		"_": [
			"<c2>────</c2>",
			"<c2>────</c2>",
			"<c2>────</c2>",
			"<c2>────</c2>",
			"<c1>╔══╗</c1>",
			"<c1>╚══╝</c1>"
		],
		"=": [
			"<c2>─────</c2>",
			"<c1>╔═══╗</c1>",
			"<c1>╚═══╝</c1>",
			"<c1>╔═══╗</c1>",
			"<c1>╚═══╝</c1>",
			"<c2>─────</c2>"
		],
		"@": [
			"<c1>╔════╗</c1><c2>─</c2>",
			"<c1>║╔══╗║</c1><c2>─</c2>",
			"<c1>║║╔═║║</c1><c2>─</c2>",
			"<c1>║║╚╝║║</c1><c2>─</c2>",
			"<c1>║╚══╝╠╗</c1>",
			"<c1>╚═════╝</c1>"
		],
		"#": [
			"<c2>─</c2><c1>╔╩╩╩╗</c1><c2>─</c2>",
			"<c1>╔╝╔═╗╚╗</c1>",
			"<c1>╚╗╠═╣╔╝</c1>",
			"<c1>╔╝╠═╣╚╗</c1>",
			"<c1>╚╗╚═╝╔╝</c1>",
			"<c2>─</c2><c1>╚╦╦╦╝</c1><c2>─</c2>"
		],
		"$": [
			"<c1>╔╝╩╚╗</c1>",
			"<c1>║╔═╗║</c1>",
			"<c1>║╚══╗</c1>",
			"<c1>╚══╗║</c1>",
			"<c1>║╚═╝║</c1>",
			"<c1>╚╗╦╔╝</c1>"
		],
		"%": [
			"<c1>╔╗</c1><c2>──</c2><c1>╔═╗</c1>",
			"<c1>╚╝</c1><c2>─</c2><c1>╔╝╔╝</c1>",
			"<c2>──</c2><c1>╔╝╔╝</c1><c2>─</c2>",
			"<c2>─</c2><c1>╔╝╔╝</c1><c2>──</c2>",
			"<c1>╔╝╔╝</c1><c2>─</c2><c1>╔╗</c1>",
			"<c1>╚═╝</c1><c2>──</c2><c1>╚╝</c1>"
		],
		"&": [
			"<c2>──</c2><c1>╔╗</c1><c2>─</c2>",
			"<c2>──</c2><c1>║║</c1><c2>─</c2>",
			"<c1>╔═╝╚╗</c1>",
			"<c1>║╔╗╔╝</c1>",
			"<c1>║╚╝║</c1><c2>─</c2>",
			"<c1>╚══╝</c1><c2>─</c2>"
		],
		"(": [
			"<c2>──</c2><c1>╔═╗</c1>",
			"<c2>─</c2><c1>╔╝╔╝</c1>",
			"<c1>╔╝╔╝</c1><c2>─</c2>",
			"<c1>╚╗╚╗</c1><c2>─</c2>",
			"<c2>─</c2><c1>╚╗╚╗</c1>",
			"<c2>──</c2><c1>╚═╝</c1>"
		],
		")": [
			"<c1>╔═╗</c1><c2>──</c2>",
			"<c1>╚╗╚╗</c1><c2>─</c2>",
			"<c2>─</c2><c1>╚╗╚╗</c1>",
			"<c2>─</c2><c1>╔╝╔╝</c1>",
			"<c1>╔╝╔╝</c1><c2>─</c2>",
			"<c1>╚═╝</c1><c2>──</c2>"
		],
		"/": [
			"<c2>────</c2><c1>╔═╗</c1>",
			"<c2>───</c2><c1>╔╝╔╝</c1>",
			"<c2>──</c2><c1>╔╝╔╝</c1><c2>─</c2>",
			"<c2>─</c2><c1>╔╝╔╝</c1><c2>──</c2>",
			"<c1>╔╝╔╝</c1><c2>───</c2>",
			"<c1>╚═╝</c1><c2>────</c2>"
		],
		":": [
			"<c2>──</c2>",
			"<c1>╔╗</c1>",
			"<c1>╚╝</c1>",
			"<c1>╔╗</c1>",
			"<c1>╚╝</c1>",
			"<c2>──</c2>"
		],
		";": [
			"<c2>──</c2>",
			"<c2>──</c2>",
			"<c2>──</c2>",
			"<c1>╔╗</c1>",
			"<c1>╚╣</c1>",
			"<c2>─</c2><c1>╝</c1>"
		],
		",": [
			"<c1>╔╗</c1>",
			"<c1>║║</c1>",
			"<c1>╚╝</c1>",
			"<c1>╔╗</c1>",
			"<c1>╚╣</c1>",
			"<c2>─</c2><c1>╝</c1>"
		],
		"'": [
			"<c1>╔╗</c1>",
			"<c1>║║</c1>",
			"<c1>╚╝</c1>",
			"<c2>──</c2>",
			"<c2>──</c2>",
			"<c2>──</c2>"
		],
		"\"": [
			"<c1>╔╗╔╗</c1>",
			"<c1>║║║║</c1>",
			"<c1>╚╝╚╝</c1>",
			"<c2>────</c2>",
			"<c2>────</c2>",
			"<c2>────</c2>"
		],
		" ": [
			"<c2>───</c2>",
			"<c2>───</c2>",
			"<c2>───</c2>",
			"<c2>───</c2>",
			"<c2>───</c2>",
			"<c2>───</c2>"
		]
	}
}
