{
	"name": "shade",
	"version": "0.1.0",
	"homepage": "https://github.com/dominikwilkowski/cfonts",
	"colors": 2,
	"lines": 8,
	"buffer": [
		"",
		"",
		"",
		"",
		"",
		"",
		"",
		""
	],
	"letterspace": [
		"<c2>░</c2>",
		"<c2>░</c2>",
		"<c2>░</c2>",
		"<c2>░</c2>",
		"<c2>░</c2>",
		"<c2>░</c2>",
		"<c2>░</c2>",
		"<c2>░</c2>"
	],
	"chars": {
		"A": [
			"<c2>░░░░</c2>",
			"<c2>░</c2><c1>██</c1><c2>░</c2>",
			"<c1>█  █</c1>",
			"<c1>████</c1>",
			"<c1>█  █</c1>",
			"<c1>█</c1><c2>░░</c2><c1>█</c1>",
			" <c2>░░</c2> ",
			"<c2>░░░░</c2>"
		],
		"B": [
			"<c2>░░░░</c2>",
			"<c1>███</c1><c2>░</c2>",
			"<c1>█  █</c1>",
			"<c1>███</c1> ",
			"<c1>█  █</c1>",
			"<c1>███</c1> ",
			"   <c2>░</c2>",
			"<c2>░░░░</c2>"
		],
		"C": [
			"<c2>░░░░</c2>",
			"<c1>████</c1>",
			"<c1>█</c1>   ",
			"<c1>█</c1><c2>░░░</c2>",
			"<c1>█</c1><c2>░░░</c2>",
			"<c1>████</c1>",
			"    ",
			"<c2>░░░░</c2>"
		],
		"D": [
			"<c2>░░░░</c2>",
			"<c1>███</c1><c2>░</c2>",
			"<c1>█  █</c1>",
			"<c1>█</c1><c2>░░</c2><c1>█</c1>",
			"<c1>█</c1><c2>░░</c2><c1>█</c1>",
			"<c1>███</c1> ",
			"   <c2>░</c2>",
			"<c2>░░░░</c2>"
		],
		"E": [
			"<c2>░░░░</c2>",
			"<c1>████</c1>",
			"<c1>█</c1>   ",
			"<c1>███</c1><c2>░</c2>",
			"<c1>█</c1>  <c2>░</c2>",
			"<c1>████</c1>",
			"    ",
			"<c2>░░░░</c2>"
		],
		"F": [
			"<c2>░░░░</c2>",
			"<c1>████</c1>",
			"<c1>█</c1>   ",
			"<c1>███</c1><c2>░</c2>",
			"<c1>█</c1>  <c2>░</c2>",
			"<c1>█</c1><c2>░░░</c2>",
			" <c2>░░░</c2>",
			"<c2>░░░░</c2>"
		],
		"G": [
			"<c2>░░░░</c2>",
			"<c2>░</c2><c1>███</c1>",
			"<c1>█</c1>   ",
			"<c1>█</c1><c2>░</c2><c1>██</c1>",
			"<c1>█</c1><c2>░</c2> <c1>█</c1>",
			"<c1>███</c1> ",
			"   <c2>░</c2>",
			"<c2>░░░░</c2>"
		],
		"H": [
			"<c2>░░░░</c2>",
			"<c1>█</c1><c2>░░</c2><c1>█</c1>",
			"<c1>█</c1><c2>░░</c2><c1>█</c1>",
			"<c1>████</c1>",
			"<c1>█  █</c1>",
			"<c1>█</c1><c2>░░</c2><c1>█</c1>",
			" <c2>░░</c2> ",
			"<c2>░░░░</c2>"
		],
		"I": [
			"<c2>░░░</c2>",
			"<c1>███</c1>",
			" <c1>█</c1> ",
			"<c2>░</c2><c1>█</c1><c2>░</c2>",
			"<c2>░</c2><c1>█</c1><c2>░</c2>",
			"<c1>███</c1>",
			"   ",
			"<c2>░░░</c2>"
		],
		"J": [
			"<c2>░░░░</c2>",
			"<c1>███</c1><c2>░</c2>",
			"  <c1>█</c1><c2>░</c2>",
			"<c2>░░</c2><c1>█</c1><c2>░</c2>",
			"<c1>█</c1><c2>░</c2><c1>█</c1><c2>░</c2>",
			"<c1>███</c1><c2>░</c2>",
			"   <c2>░</c2>",
			"<c2>░░░░</c2>"
		],
		"K": [
			"<c2>░░░░</c2>",
			"<c1>█</c1><c2>░░</c2><c1>█</c1>",
			"<c1>█</c1><c2>░░</c2><c1>█</c1>",
			"<c1>███</c1> ",
			"<c1>█  █</c1>",
			"<c1>█</c1><c2>░░</c2><c1>█</c1>",
			" <c2>░░</c2> ",
			"<c2>░░░░</c2>"
		],
		"L": [
			"<c2>░░░░</c2>",
			"<c1>█</c1><c2>░░░</c2>",
			"<c1>█</c1><c2>░░░</c2>",
			"<c1>█</c1><c2>░░░</c2>",
			"<c1>█</c1><c2>░░░</c2>",
			"<c1>████</c1>",
			"    ",
			"<c2>░░░░</c2>"
		],
		"M": [
			"<c2>░░░░</c2>",
			"<c1>█</c1><c2>░░</c2><c1>█</c1>",
			"<c1>████</c1>",
			"<c1>█  █</c1>",
			"<c1>█</c1><c2>░░</c2><c1>█</c1>",
			"<c1>█</c1><c2>░░</c2><c1>█</c1>",
			" <c2>░░</c2> ",
			"<c2>░░░░</c2>"
		],
		"N": [
			"<c2>░░░░</c2>",
			"<c1>█</c1><c2>░░</c2><c1>█</c1>",
			"<c1>██</c1><c2>░</c2><c1>█</c1>",
			"<c1>█ ██</c1>",
			"<c1>█</c1><c2>░</c2> <c1>█</c1>",
			"<c1>█</c1><c2>░░</c2><c1>█</c1>",
			" <c2>░░</c2> ",
			"<c2>░░░░</c2>"
		],
		"O": [
			"<c2>░░░░</c2>",
			"<c2>░</c2><c1>██</c1><c2>░</c2>",
			"<c1>█  █</c1>",
			"<c1>█</c1><c2>░░</c2><c1>█</c1>",
			"<c1>█</c1><c2>░░</c2><c1>█</c1>",
			" <c1>██</c1> ",
			"<c2>░  ░</c2>",
			"<c2>░░░░</c2>"
		],
		"P": [
			"<c2>░░░░</c2>",
			"<c1>███</c1><c2>░</c2>",
			"<c1>█  █</c1>",
			"<c1>███</c1> ",
			"<c1>█</c1>  <c2>░</c2>",
			"<c1>█</c1><c2>░░░</c2>",
			" <c2>░░░</c2>",
			"<c2>░░░░</c2>"
		],
		"Q": [
			"<c2>░░░░</c2>",
			"<c2>░</c2><c1>██</c1><c2>░</c2>",
			"<c1>█  █</c1>",
			"<c1>█</c1><c2>░░</c2><c1>█</c1>",
			"<c1>█</c1><c2>░░</c2><c1>█</c1>",
			" <c1>███</c1>",
			"<c2>░</c2>   ",
			"<c2>░░░░</c2>"
		],
		"R": [
			"<c2>░░░░</c2>",
			"<c1>███</c1><c2>░</c2>",
			"<c1>█  █</c1>",
			"<c1>███</c1> ",
			"<c1>█  █</c1>",
			"<c1>█</c1><c2>░░</c2><c1>█</c1>",
			" <c2>░░</c2> ",
			"<c2>░░░░</c2>"
		],
		"S": [
			"<c2>░░░░</c2>",
			"<c2>░</c2><c1>███</c1>",
			"<c1>█</c1>   ",
			" <c1>██</c1><c2>░</c2>",
			"<c2>░</c2>  <c1>█</c1>",
			"<c1>███</c1> ",
			"   <c2>░</c2>",
			"<c2>░░░░</c2>"
		],
		"T": [
			"<c2>░░░</c2>",
			"<c1>███</c1>",
			" <c1>█</c1> ",
			"<c2>░</c2><c1>█</c1><c2>░</c2>",
			"<c2>░</c2><c1>█</c1><c2>░</c2>",
			"<c2>░</c2><c1>█</c1><c2>░</c2>",
			"<c2>░ ░</c2>",
			"<c2>░░░</c2>"
		],
		"U": [
			"<c2>░░░░</c2>",
			"<c1>█</c1><c2>░░</c2><c1>█</c1>",
			"<c1>█</c1><c2>░░</c2><c1>█</c1>",
			"<c1>█</c1><c2>░░</c2><c1>█</c1>",
			"<c1>█</c1><c2>░░</c2><c1>█</c1>",
			" <c1>██</c1> ",
			"<c2>░  ░</c2>",
			"<c2>░░░░</c2>"
		],
		"V": [
			"<c2>░░░░░</c2>",
			"<c1>█</c1><c2>░░░</c2><c1>█</c1>",
			"<c1>█</c1><c2>░░░</c2><c1>█</c1>",
			"<c1>█</c1><c2>░░░</c2><c1>█</c1>",
			" <c1>█</c1><c2>░</c2><c1>█</c1> ",
			"<c2>░</c2> <c1>█</c1> <c2>░</c2>",
			"<c2>░░ ░░</c2>",
			"<c2>░░░░░</c2>"
		],
		"W": [
			"<c2>░░░░</c2>",
			"<c1>█</c1><c2>░░</c2><c1>█</c1>",
			"<c1>█</c1><c2>░░</c2><c1>█</c1>",
			"<c1>█</c1><c2>░░</c2><c1>█</c1>",
			"<c1>████</c1>",
			"<c1>█  █</c1>",
			" <c2>░░</c2> ",
			"<c2>░░░░</c2>"
		],
		"X": [
			"<c2>░░░░</c2>",
			"<c1>█</c1><c2>░░</c2><c1>█</c1>",
			"<c1>█</c1><c2>░░</c2><c1>█</c1>",
			" <c1>██</c1> ",
			"<c1>█  █</c1>",
			"<c1>█</c1><c2>░░</c2><c1>█</c1>",
			" <c2>░░</c2> ",
			"<c2>░░░░</c2>"
		],
		"Y": [
			"<c2>░░░</c2>",
			"<c1>█</c1><c2>░</c2><c1>█</c1>",
			"<c1>███</c1>",
			" <c1>█</c1> ",
			"<c2>░</c2><c1>█</c1><c2>░</c2>",
			"<c2>░</c2><c1>█</c1><c2>░</c2>",
			"<c2>░ ░</c2>",
			"<c2>░░░</c2>"
		],
		"Z": [
			"<c2>░░░░</c2>",
			"<c1>████</c1>",
			"  <c1>█</c1> ",
			"<c2>░</c2><c1>█</c1> <c2>░</c2>",
			"<c1>█</c1> <c2>░░</c2>",
			"<c1>████</c1>",
			"    ",
			"<c2>░░░░</c2>"
		],
		"0": [
			"<c2>░░░░</c2>",
			"<c2>░</c2><c1>██</c1><c2>░</c2>",
			"<c1>█  █</c1>",
			"<c1>█</c1><c2>░</c2><c1>▌█</c1>",
			"<c1>█</c1><c2>░</c2> <c1>█</c1>",
			" <c1>██</c1> ",
			"<c2>░  ░</c2>",
			"<c2>░░░░</c2>"
		],
		"1": [
			"<c2>░░░░</c2>",
			"<c1>██</c1><c2>░░</c2>",
			" <c1>█</c1><c2>░░</c2>",
			"<c2>░</c2><c1>█</c1><c2>░░</c2>",
			"<c2>░</c2><c1>█</c1><c2>░░</c2>",
			"<c1>███</c1><c2>░</c2>",
			"   <c2>░</c2>",
			"<c2>░░░░</c2>"
		],
		"2": [
			"<c2>░░░░</c2>",
			"<c1>▐██</c1><c2>░</c2>",
			"   <c1>█</c1>",
			"<c2>░░</c2><c1>█</c1> ",
			"<c2>░</c2><c1>█</c1> <c2>░</c2>",
			"<c1>████</c1>",
			"    ",
			"<c2>░░░░</c2>"
		],
		"3": [
			"<c2>░░░░</c2>",
			"<c1>████</c1>",
			"   <c1>█</c1>",
			"<c2>░░</c2><c1>██</c1>",
			"<c2>░░</c2> <c1>█</c1>",
			"<c1>████</c1>",
			"    ",
			"<c2>░░░░</c2>"
		],
		"4": [
			"<c2>░░░░</c2>",
			"<c1>█</c1><c2>░░░</c2>",
			"<c1>█</c1><c2>░</c2><c1>█</c1><c2>░</c2>",
			"<c1>████</c1>",
			"   <c1>█</c1>",
			"<c2>░░░</c2><c1>█</c1>",
			"<c2>░░░</c2> ",
			"<c2>░░░░</c2>"
		],
		"5": [
			"<c2>░░░░</c2>",
			"<c1>████</c1>",
			"<c1>█</c1>   ",
			"<c1>███</c1><c2>░</c2>",
			"   <c1>█</c1>",
			"<c1>███</c1> ",
			"   <c2>░</c2>",
			"<c2>░░░░</c2>"
		],
		"6": [
			"<c2>░░░░</c2>",
			"<c2>░</c2><c1>███</c1>",
			"<c1>█</c1>   ",
			"<c1>███</c1><c2>░</c2>",
			"<c1>█  █</c1>",
			" <c1>██</c1> ",
			"<c2>░  ░</c2>",
			"<c2>░░░░</c2>"
		],
		"7": [
			"<c2>░░░░</c2>",
			"<c1>████</c1>",
			"   <c1>█</c1>",
			"<c1>████</c1>",
			" <c1>█</c1>  ",
			"<c1>█</c1> <c2>░░</c2>",
			" <c2>░░░</c2>",
			"<c2>░░░░</c2>"
		],
		"8": [
			"<c2>░░░░</c2>",
			"<c2>░</c2><c1>██</c1><c2>░</c2>",
			"<c1>█  █</c1>",
			" <c1>██</c1> ",
			"<c1>█  █</c1>",
			" <c1>██</c1> ",
			"<c2>░  ░</c2>",
			"<c2>░░░░</c2>"
		],
		"9": [
			"<c2>░░░░</c2>",
			"<c2>░</c2><c1>██</c1><c2>░</c2>",
			"<c1>█  █</c1>",
			" <c1>███</c1>",
			"<c2>░</c2>  <c1>█</c1>",
			"<c2>░░</c2><c1>█</c1> ",
			"<c2>░░ ░</c2>",
			"<c2>░░░░</c2>"
		],
		"!": [
			"<c2>░░░░</c2>",
			"<c2>░</c2><c1>██</c1><c2>░</c2>",
			"<c2>░</c2><c1>██</c1><c2>░</c2>",
			"<c2>░</c2><c1>██</c1><c2>░</c2>",
			"<c2>░  ░</c2>",
			"<c2>░</c2><c1>██</c1><c2>░</c2>",
			"<c2>░  ░</c2>",
			"<c2>░░░░</c2>"
		],
		"?": [
			"<c2>░░░░</c2>",
			"<c1>▐██</c1><c2>░</c2>",
			"   <c1>█</c1>",
			"<c2>░░</c2><c1>█</c1> ",
			"<c2>░░ ░</c2>",
			"<c2>░░</c2><c1>█</c1><c2>░</c2>",
			"<c2>░░ ░</c2>",
			"<c2>░░░░</c2>"
		],
		".": [
			"<c2>░░░░</c2>",
			"<c2>░░░░</c2>",
			"<c2>░░░░</c2>",
			"<c2>░░░░</c2>",
			"<c2>░░░░</c2>",
			"<c2>░░</c2><c1>█</c1><c2>░</c2>",
			"<c2>░░ ░</c2>",
			"<c2>░░░░</c2>"
		],
		"+": [
			"<c2>░░░░</c2>",
			"<c2>░░░░</c2>",
			"<c2>░░</c2><c1>█</c1><c2>░</c2>",
			"<c2>░</c2><c1>███</c1>",
			"<c2>░</c2> <c1>█</c1> ",
			"<c2>░░ ░</c2>",
			"<c2>░░░░</c2>",
			"<c2>░░░░</c2>"
		],
		"-": [
			"<c2>░░░░</c2>",
			"<c2>░░░░</c2>",
			"<c2>░░░░</c2>",
			"<c1>████</c1>",
			"    ",
			"<c2>░░░░</c2>",
			"<c2>░░░░</c2>",
			"<c2>░░░░</c2>"
		],
		"_": [
			"<c2>░░░░</c2>",
			"<c2>░░░░</c2>",
			"<c2>░░░░</c2>",
			"<c2>░░░░</c2>",
			"<c2>░░░░</c2>",
			"<c2>░░░░</c2>",
			"<c1>████</c1>",
			"    "
		],
		"=": [
			"<c2>░░░░</c2>",
			"<c2>░░░░</c2>",
			"<c1>████</c1>",
			"    ",
			"<c1>████</c1>",
			"    ",
			"<c2>░░░░</c2>",
			"<c2>░░░░</c2>"
		],
		"@": [
			"<c2>░░░░</c2>",
			"<c2>░</c2><c1>██</c1><c2>░</c2>",
			"<c1>█  █</c1>",
			"<c1>█</c1><c2>░</c2><c1>▌█</c1>",
			"<c1>█</c1><c2>░</c2><c1>█</c1> ",
			" <c1>███</c1>",
			"    ",
			"<c2>░░░░</c2>"
		],
		"#": [
			"<c2>░░░░</c2>",
			"<c2>░</c2><c1>▌▐</c1><c2>░</c2>",
			"<c1>████</c1>",
			" <c1>▌▐</c1> ",
			"<c1>████</c1>",
			" <c1>▌▐</c1> ",
			"<c2>░  ░</c2>",
			"<c2>░░░░</c2>"
		],
		"$": [
			"<c2>░░░░</c2>",
			"<c2>░░</c2><c1>▌</c1><c2>░</c2>",
			"<c2>░</c2><c1>███</c1>",
			"<c1>█ █</c1> ",
			" <c1>██</c1><c2>░</c2>",
			"<c2>░░</c2><c1>▌█</c1>",
			"<c1>███</c1> ",
			"   <c2>░</c2>"
		],
		"%": [
			"<c2>░░░░</c2>",
			"<c2>░░░</c2><c1>█</c1>",
			"<c1>█</c1><c2>░</c2><c1>█</c1> ",
			" <c2>░</c2><c1>█</c1><c2>░</c2>",
			"<c2>░</c2><c1>█</c1> <c2>░</c2>",
			"<c2>░</c2><c1>█</c1><c2>░</c2><c1>█</c1>",
			"<c1>█</c1> <c2>░</c2> ",
			" <c2>░░░</c2>"
		],
		"&": [
			"<c2>░░░░░</c2>",
			"<c2>░</c2><c1>█</c1><c2>░░░</c2>",
			"<c2>░</c2><c1>█</c1><c2>░░░</c2>",
			"<c1>█████</c1>",
			"<c1>█  █</c1> ",
			"<c1>████</c1><c2>░</c2>",
			"<c2>    </c2> ",
			"<c2>░░░░░</c2>"
		],
		"(": [
			"<c2>░░░░</c2>",
			"<c2>░░</c2><c1>█</c1><c2>░</c2>",
			"<c2>░</c2><c1>█</c1> <c2>░</c2>",
			"<c1>█</c1> <c2>░░</c2>",
			"<c1>█</c1><c2>░░░</c2>",
			" <c1>█</c1><c2>░░</c2>",
			"<c2>░</c2> <c1>█</c1><c2>░</c2>",
			"<c2>░░ ░</c2>"
		],
		")": [
			"<c2>░░░░</c2>",
			"<c2>░</c2><c1>█</c1><c2>░░</c2>",
			"<c2>░</c2> <c1>█</c1><c2>░</c2>",
			"<c2>░░</c2> <c1>█</c1>",
			"<c2>░░░</c2><c1>█</c1>",
			"<c2>░░</c2><c1>█</c1> ",
			"<c2>░</c2><c1>█</c1> <c2>░</c2>",
			"<c2>░ ░░</c2>"
		],
		"/": [
			"<c2>░░░░</c2>",
			"<c2>░░░</c2><c1>█</c1>",
			"<c2>░░</c2><c1>█</c1> ",
			"<c2>░░</c2><c1>█</c1><c2>░</c2>",
			"<c2>░</c2><c1>█</c1> <c2>░</c2>",
			"<c2>░</c2><c1>█</c1><c2>░░</c2>",
			"<c1>█</c1> <c2>░░</c2>",
			" <c2>░░░</c2>"
		],
		":": [
			"<c2>░░░░</c2>",
			"<c2>░░░░</c2>",
			"<c2>░</c2><c1>█</c1><c2>░░</c2>",
			"<c2>░ ░░</c2>",
			"<c2>░░░░</c2>",
			"<c2>░</c2><c1>█</c1><c2>░░</c2>",
			"<c2>░ ░░</c2>",
			"<c2>░░░░</c2>"
		],
		";": [
			"<c2>░░░░</c2>",
			"<c2>░░░░</c2>",
			"<c2>░░░░</c2>",
			"<c2>░░░░</c2>",
			"<c2>░</c2><c1>█</c1><c2>░░</c2>",
			"<c2>░ ░░</c2>",
			"<c2>░</c2><c1>█</c1><c2>░░</c2>",
			"<c2>░</c2><c1>█</c1><c2>░░</c2>"
		],
		",": [
			"<c2>░░░░</c2>",
			"<c2>░░░░</c2>",
			"<c2>░░░░</c2>",
			"<c2>░░░░</c2>",
			"<c2>░░░░</c2>",
			"<c2>░░░░</c2>",
			"<c2>░░</c2><c1>█</c1><c2>░</c2>",
			"<c2>░</c2><c1>█</c1> <c2>░</c2>"
		],
		"'": [
			"<c2>░░░░</c2>",
			"<c2>░</c2><c1>█</c1><c2>░░</c2>",
			"<c2>░ ░░</c2>",
			"<c2>░░░░</c2>",
			"<c2>░░░░</c2>",
			"<c2>░░░░</c2>",
			"<c2>░░░░</c2>",
			"<c2>░░░░</c2>"
		],
		"\"": [
			"<c2>░░░░░░</c2>",
			"<c2>░</c2><c1>█</c1><c2>░</c2><c1>█</c1><c2>░░</c2>",
			"<c2>░ ░ ░░</c2>",
			"<c2>░░░░░░</c2>",
			"<c2>░░░░░░</c2>",
			"<c2>░░░░░░</c2>",
			"<c2>░░░░░░</c2>",
			"<c2>░░░░░░</c2>"
		],
		" ": [
			"<c2>░░░</c2>",
			"<c2>░░░</c2>",
			"<c2>░░░</c2>",
			"<c2>░░░</c2>",
			"<c2>░░░</c2>",
			"<c2>░░░</c2>",
			"<c2>░░░</c2>",
			"<c2>░░░</c2>"
		]
	}
}
