{
	"name": "simple",
	"version": "0.1.0",
	"homepage": "https://github.com/dominikwilkowski/cfonts",
	"colors": 1,
	"lines": 4,
	"buffer": [
		"",
		"",
		"",
		""
	],
	"letterspace": [
		" ",
		" ",
		" ",
		" "
	],
	"chars": {
		"A": [
			"   _   ",
			"  /_\\  ",
			" / _ \\ ",
			"/_/ \\_\\"
		],
		"B": [
			" ___ ",
			"| _ )",
			"| _ \\",
			"|___/"
		],
		"C": [
			"   __ ",
			" / __|",
			"| (__ ",
			" \\___|"
		],
		"D": [
			" ___  ",
			"|   \\ ",
			"| |) |",
			"|___/ "
		],
		"E": [
			" ___ ",
			"| __|",
			"| _| ",
			"|___|"
		],
		"F": [
			" ___ ",
			"| __|",
			"| _| ",
			"|_|  "
		],
		"G": [
			"  ___ ",
			" / __|",
			"| (_ |",
			" \\___|"
		],
		"H": [
			" _  _ ",
			"| || |",
			"| __ |",
			"|_||_|"
		],
		"I": [
			" ___ ",
			"|_ _|",
			" | | ",
			"|___|"
		],
		"J": [
			"    _ ",
			" _ | |",
			"| || |",
			" \\__/ "
		],
		"K": [
			" _  _ ",
			"| |/ /",
			"| ' < ",
			"|_|\\_\\"
		],
		"L": [
			" _    ",
			"| |   ",
			"| |__ ",
			"|____|"
		],
		"M": [
			" _    _ ",
			"| \\  / |",
			"| |\\/| |",
			"|_|  |_|"
		],
		"N": [
			" _  _ ",
			"| \\| |",
			"| .` |",
			"|_|\\_|"
		],
		"O": [
			"  ___  ",
			" / _ \\ ",
			"| (_) |",
			" \\___/ "
		],
		"P": [
			" ___ ",
			"| _ \\",
			"|  _/",
			"|_|  "
		],
		"Q": [
			"  ___  ",
			" / _ \\ ",
			"| (_) |",
			" \\__\\_\\"
		],
		"R": [
			" ___ ",
			"| _ \\",
			"|   /",
			"|_|_\\"
		],
		"S": [
			" ___ ",
			"/ __|",
			"\\__ \\",
			"|___/"
		],
		"T": [
			" _____ ",
			"|_   _|",
			"  | |  ",
			"  |_|  "
		],
		"U": [
			" _   _ ",
			"| | | |",
			"| |_| |",
			" \\___/ "
		],
		"V": [
			"_    _ ",
			"\\ \\ / /",
			" \\ V / ",
			"  \\_/  "
		],
		"W": [
			"__      __",
			"\\ \\    / /",
			" \\ \\/\\/ / ",
			"  \\_/\\_/  "
		],
		"X": [
			"_   _ ",
			"\\ \\/ /",
			" >  < ",
			"/_/\\_\\"
		],
		"Y": [
			"_    _ ",
			"\\ \\ / /",
			" \\ V / ",
			"  |_|  "
		],
		"Z": [
			" ____",
			"|_  /",
			" / / ",
			"/___|"
		],
		"0": [
			"  __  ",
			" /  \\ ",
			"| () |",
			" \\__/ "
		],
		"1": [
			" _ ",
			"/ |",
			"| |",
			"|_|"
		],
		"2": [
			" ___ ",
			"|_  )",
			" / / ",
			"/___|"
		],
		"3": [
			" ___ ",
			"|__ /",
			" |_ \\",
			"|___/"
		],
		"4": [
			" _ _  ",
			"| | | ",
			"|_  _|",
			"  |_| "
		],
		"5": [
			" ___ ",
			"| __|",
			"|__ \\",
			"|___/"
		],
		"6": [
			"  __ ",
			" / / ",
			"/ _ \\",
			"\\___/"
		],
		"7": [
			" ____ ",
			"|__  |",
			"  / / ",
			" /_/  "
		],
		"8": [
			" ___ ",
			"( _ )",
			"/ _ \\",
			"\\___/"
		],
		"9": [
			" ___ ",
			"/ _ \\",
			"\\_, /",
			" /_/ "
		],
		"!": [
			" _ ",
			"| |",
			"|_|",
			"(_)"
		],
		"?": [
			" ___ ",
			"|__ \\",
			" /_/ ",
			"(_)  "
		],
		".": [
			"   ",
			"   ",
			"   ",
			"(_)"
		],
		"+": [
			"   _   ",
			" _| |_ ",
			"|_   _|",
			"  |_|  "
		],
		"-": [
			"     ",
			" ___ ",
			"|___|",
			"     "
		],
		"_": [
			"     ",
			"     ",
			" ___ ",
			"|___|"
		],
		"=": [
			" ___ ",
			"|___|",
			" ___ ",
			"|___|"
		],
		"@": [
			" / __ \\ ",
			"/ / _` |",
			"\\ \\__,_|",
			" \\____/ "
		],
		"#": [
			" _| | |_ ",
			"|_  .  _|",
			"|_     _|",
			"  |_|_|  "
		],
		"$": [
			" ||_",
			"(_-<",
			"/ _/",
			" || "
		],
		"%": [
			"    __ ",
			"(_)/ / ",
			"  / /_ ",
			" /_/(_)"
		],
		"&": [
			" __     ",
			"/ _|___ ",
			"> _|_ _|",
			"\\_____| "
		],
		"(": [
			" / /",
			"| | ",
			"| | ",
			" \\_\\"
		],
		")": [
			"\\ \\ ",
			" | |",
			" | |",
			"/_/ "
		],
		"/": [
			"   __",
			"  / /",
			" / / ",
			"/_/  "
		],
		":": [
			"   ",
			"(_)",
			"   ",
			"(_)"
		],
		";": [
			"   ",
			"(_)",
			"( )",
			"|/ "
		],
		",": [
			"   ",
			"   ",
			"( )",
			"|/ "
		],
		"'": [
			"|-|",
			"|/ ",
			"   ",
			"   "
		],
		"\"": [
			"|-||-|",
			"|/ |/ ",
			"      ",
			"      "
		],
		" ": [
			"   ",
			"   ",
			"   ",
			"   "
		]
	}
}
