{
	"name": "simple3d",
	"version": "0.1.0",
	"homepage": "https://github.com/dominikwilkowski/cfonts",
	"colors": 1,
	"lines": 7,
	"buffer": [
		"",
		"",
		"",
		"",
		"",
		"",
		""
	],
	"letterspace": [
		"",
		"",
		"",
		"",
		"",
		"",
		""
	],
	"chars": {
		"A": [
			"          ",
			"   __     ",
			" /'__`\\   ",
			"/\\ \\_\\.\\_ ",
			"\\ \\__/.\\_\\",
			" \\/__/\\/_/",
			"          "
		],
		"B": [
			" __       ",
			"/\\ \\      ",
			"\\ \\ \\____ ",
			" \\ \\  ,. \\",
			"  \\ \\____/",
			"   \\/___/ ",
			"          "
		],
		"C": [
			"        ",
			"  ___   ",
			" /'___\\ ",
			"/\\ \\__/ ",
			"\\ \\____\\",
			" \\/____/",
			"        "
		],
		"D": [
			"  __    ",
			" /\\ \\   ",
			" \\_\\ \\  ",
			"/\\ ,. \\ ",
			"\\ \\____\\",
			" \\/___ /",
			"        "
		],
		"E": [
			"        ",
			"   __   ",
			" / ,.`\\ ",
			"/\\  __/ ",
			"\\ \\____\\",
			" \\/____/",
			"        "
		],
		"F": [
			"   ___  ",
			" /'___\\ ",
			"/\\ \\__/ ",
			"\\ \\ ,__\\",
			" \\ \\_\\_/",
			"  \\/_/  ",
			"        "
		],
		"G": [
			"   __     ",
			" / _ `\\   ",
			"/\\ \\_\\ \\  ",
			"\\ \\____ \\ ",
			" \\/___/\\ \\",
			"   /\\____/",
			"   \\_/__/ "
		],
		"H": [
			" __        ",
			"/\\ \\       ",
			"\\ \\ \\___   ",
			" \\ \\  _ `\\ ",
			"  \\ \\_\\ \\_\\",
			"   \\/_/\\/_/",
			"           "
		],
		"I": [
			"      ",
			" __   ",
			"/\\_\\  ",
			"\\/\\ \\ ",
			" \\ \\ \\",
			"  \\/_/",
			"      "
		],
		"J": [
			"  __    ",
			" /\\_\\   ",
			" \\/\\ \\  ",
			" _\\ \\ \\ ",
			"/\\ \\_\\ \\",
			"\\ \\____/",
			" \\/___/ "
		],
		"K": [
			"  __  __    ",
			" /\\ \\/  \\   ",
			" \\ \\    <   ",
			"  \\ \\  ^  \\ ",
			"   \\ \\_\\ \\_\\",
			"    \\/_/\\/_/",
			"            "
		],
		"L": [
			" ___     ",
			"/\\_ \\    ",
			"\\//\\ \\   ",
			"  \\_\\ \\_ ",
			"  /\\____\\",
			"  \\/____/",
			"         "
		],
		"M": [
			"             ",
			"  ___ ___    ",
			"/' __` __`\\  ",
			"/\\ \\/\\ \\/\\ \\ ",
			"\\ \\_\\ \\_\\ \\_\\",
			" \\/_/\\/_/\\/_/",
			"             "
		],
		"N": [
			"         ",
			"  ___    ",
			"/' _ `\\  ",
			"/\\ \\/\\ \\ ",
			"\\ \\_\\ \\_\\",
			" \\/_/\\/_/",
			"         "
		],
		"O": [
			"        ",
			"  ___   ",
			" / __`\\ ",
			"/\\ \\_\\ \\",
			"\\ \\____/",
			" \\/___/ ",
			"        "
		],
		"P": [
			"         ",
			" _____   ",
			"/\\ '__`\\ ",
			"\\ \\ \\_\\ \\",
			" \\ \\ ,__/",
			"  \\ \\ \\/ ",
			"   \\/_/  "
		],
		"Q": [
			"          ",
			"   __     ",
			" /'__`\\   ",
			"/\\ \\L\\ \\  ",
			"\\ \\___, \\ ",
			" \\/___/\\_\\",
			"      \\/_/"
		],
		"R": [
			"       ",
			" _ __  ",
			"/\\` __\\",
			"\\ \\ \\/ ",
			" \\ \\_\\ ",
			"  \\/_/ ",
			"       "
		],
		"S": [
			"        ",
			"  ____  ",
			" / ,__\\ ",
			"/\\__, `\\",
			"\\/\\____/",
			" \\/___/ ",
			"        "
		],
		"T": [
			" __      ",
			"/\\ \\__   ",
			"\\ \\ ,_\\  ",
			" \\ \\ \\/  ",
			"  \\ \\ \\_ ",
			"   \\ \\__\\",
			"    \\/__/"
		],
		"U": [
			"         ",
			" __  __  ",
			"/\\ \\/\\ \\ ",
			"\\ \\ \\_\\ \\",
			" \\ \\____/",
			"  \\/___/ ",
			"         "
		],
		"V": [
			"        ",
			" __  __ ",
			"/\\ \\/\\ \\",
			"\\ \\ \\/ |",
			" \\ \\___/",
			"  \\/__/ ",
			"        "
		],
		"W": [
			"             ",
			" __  __  __  ",
			"/\\ \\/\\ \\/\\ \\ ",
			"\\ \\ \\_/ \\_/ \\",
			" \\ \\___^___/'",
			"  \\/__//__/  ",
			"             "
		],
		"X": [
			"        ",
			" __  _  ",
			"/\\ \\/'\\ ",
			"\\/>  </ ",
			" /\\_/\\_\\",
			" \\//\\/_/",
			"        "
		],
		"Y": [
			"           ",
			"  __  __   ",
			" /\\ \\_\\ \\  ",
			" \\/`____ \\ ",
			"  `/___/> \\",
			"     /\\___/",
			"     \\/__/ "
		],
		"Z": [
			"         ",
			" ____    ",
			"/\\_ ,`\\  ",
			"\\/_/  /_ ",
			"  /\\____\\",
			"  \\/____/",
			"         "
		],
		"0": [
			"   __     ",
			" /'__`\\   ",
			"/\\ \\/\\ \\  ",
			"\\ \\ \\ \\ \\ ",
			" \\ \\ \\_\\ \\",
			"  \\ \\____/",
			"   \\/___/ "
		],
		"1": [
			"   _     ",
			" /' \\    ",
			"/\\_, \\   ",
			"\\/_/\\ \\  ",
			"   \\ \\ \\ ",
			"    \\ \\_\\",
			"     \\/_/"
		],
		"2": [
			"   ___     ",
			" /'___`\\   ",
			"/\\_\\ /\\ \\  ",
			"\\/_/// /__ ",
			"   // /_\\ \\",
			"  /\\______/",
			"  \\/_____/ "
		],
		"3": [
			"   __     ",
			" /'__`\\   ",
			"/\\_\\L\\ \\  ",
			"\\/_/_\\_<_ ",
			"  /\\ \\L\\ \\",
			"  \\ \\____/",
			"   \\/___/ "
		],
		"4": [
			" __ __      ",
			"/\\ \\\\ \\     ",
			"\\ \\ \\\\ \\    ",
			" \\ \\ \\\\ \\_  ",
			"  \\ \\__ ,__\\",
			"   \\/_/\\_\\_/",
			"      \\/_/  "
		],
		"5": [
			" ______    ",
			"/\\  ___\\   ",
			"\\ \\ \\__/   ",
			" \\ \\___``\\ ",
			"  \\/\\ \\L\\ \\",
			"   \\ \\____/",
			"    \\/___/ "
		],
		"6": [
			"  ____    ",
			" /'___\\   ",
			"/\\ \\__/   ",
			"\\ \\  _``\\ ",
			" \\ \\ \\L\\ \\",
			"  \\ \\____/",
			"   \\/___/ "
		],
		"7": [
			" ________ ",
			"/\\____   \\",
			"\\/___/' /'",
			"    /' /' ",
			"   /' /'  ",
			"  /\\_/    ",
			"  \\//     "
		],
		"8": [
			"   __     ",
			" /' _`\\   ",
			"/\\ \\L\\ \\  ",
			"\\/_> _ <_ ",
			"  /\\ \\L\\ \\",
			"  \\ \\____/",
			"   \\/___/ "
		],
		"9": [
			"   __      ",
			" /'_ `\\    ",
			"/\\ \\L\\ \\   ",
			"\\ \\___, \\  ",
			" \\/__,/\\ \\ ",
			"      \\ \\_\\",
			"       \\/_/"
		],
		"!": [
			" __     ",
			"/\\ \\    ",
			"\\ \\ \\   ",
			" \\ \\ \\  ",
			"  \\ \\_\\ ",
			"   \\/\\_\\",
			"    \\/_/"
		],
		"?": [
			"   _    ",
			" /'_`\\  ",
			"/\\_\\/\\`\\",
			"\\/_//'/'",
			"   /\\_\\ ",
			"   \\/\\_\\",
			"    \\/_/"
		],
		".": [
			"    ",
			"    ",
			"    ",
			"    ",
			" __ ",
			"/\\_\\",
			"\\/_/"
		],
		"+": [
			"  __      ",
			" /\\ \\     ",
			" \\_\\ \\___ ",
			"/\\___  __\\",
			"\\/__/\\ \\_/",
			"    \\ \\_\\ ",
			"     \\/_/ "
		],
		"-": [
			"         ",
			"         ",
			" _______ ",
			"/\\______\\",
			"\\/______/",
			"         ",
			"         "
		],
		"_": [
			"          ",
			"          ",
			"          ",
			"          ",
			"  _______ ",
			" /\\______\\",
			" \\/______/"
		],
		"=": [
			"           ",
			" _______   ",
			"/\\______\\  ",
			"\\/______/_ ",
			"  /\\______\\",
			"  \\/______/",
			"           "
		],
		"@": [
			"   __      ",
			"  /'_`\\_   ",
			" /'/'_` \\  ",
			"/\\ \\ \\L\\ \\ ",
			"\\ \\ `\\__,_\\",
			" \\ `\\_____\\",
			"  `\\/_____/"
		],
		"#": [
			"  __ __      ",
			" _\\ \\\\ \\__   ",
			"/\\__  _  _\\  ",
			"\\/_L\\ \\\\ \\L_ ",
			"  /\\_   _  _\\",
			"  \\/_/\\_\\\\_\\/",
			"     \\/_//_/ "
		],
		"$": [
			"    _     ",
			"  /|_\\_   ",
			" /'  _ `\\ ",
			" \\ \\___  \\",
			"  \\ `\\_ _/",
			"   `\\_/\\_\\",
			"      \\/_/"
		],
		"%": [
			" __    __    ",
			"/\\_\\  /\\_\\   ",
			"\\/_/ / / /   ",
			"    / / /    ",
			"   / / /  __ ",
			"  / / /  /\\_\\",
			"  \\/_/   \\/_/"
		],
		"&": [
			"   ____     ",
			" /|  _ \\    ",
			" |/\\ ` |    ",
			" \\ / __`\\/\\ ",
			" /|  \\L>  <_",
			" | \\_____/\\/",
			"  \\/____/\\/ "
		],
		"(": [
			"   _     ",
			" /' \\    ",
			"/\\ ,/    ",
			"\\ \\ \\    ",
			" \\ \\ `\\  ",
			"  \\ `\\__\\",
			"   `\\/_/ "
		],
		")": [
			" __     ",
			"/\\ `\\   ",
			"\\`\\  \\  ",
			" `\\`\\ \\ ",
			"  `\\/' \\",
			"   /\\__/",
			"   \\/_/ "
		],
		"/": [
			"     __ ",
			"    /\\_\\",
			"   / / /",
			"  / / / ",
			" / / /  ",
			"/ / /   ",
			"\\/_/    "
		],
		":": [
			"      ",
			" __   ",
			"/\\_\\  ",
			"\\/_/_ ",
			"  /\\_\\",
			"  \\/_/",
			"      "
		],
		";": [
			"      ",
			" __   ",
			"/\\_\\  ",
			"\\/_/_ ",
			"  /\\ \\",
			"  \\ \\/",
			"   \\/ "
		],
		",": [
			"     ",
			"     ",
			"     ",
			"   _ ",
			" /\\ \\",
			" \\ \\/",
			"  \\/ "
		],
		"'": [
			"  _  ",
			"/\\ \\ ",
			"\\ \\/ ",
			" \\/  ",
			"     ",
			"     ",
			"     "
		],
		"\"": [
			"  _   _  ",
			"/\\ \\/\\ \\ ",
			"\\ \\/\\ \\/ ",
			" \\/  \\/  ",
			"         ",
			"         ",
			"         "
		],
		" ": [
			"       ",
			"       ",
			"       ",
			"       ",
			"       ",
			"       ",
			"       "
		]
	}
}
