{
	"name": "tiny",
	"version": "0.1.0",
	"homepage": "https://github.com/dominikwilkowski/cfonts",
	"colors": 1,
	"lines": 2,
	"buffer": [
		"",
		""
	],
	"letterspace": [
		" ",
		" "
		],
	"chars": {
		"A": [
			"▄▀█",
			"█▀█"
		],
		"B": [
			"█▄▄",
			"█▄█"
		],
		"C": [
			"█▀▀",
			"█▄▄"
		],
		"D": [
			"█▀▄",
			"█▄▀"
		],
		"E": [
			"█▀▀",
			"██▄"
		],
		"F": [
			"█▀▀",
			"█▀ "
		],
		"G": [
			"█▀▀",
			"█▄█"
		],
		"H": [
			"█ █",
			"█▀█"
		],
		"I": [
			"█",
			"█"
		],
		"J": [
			"  █",
			"█▄█"
		],
		"K": [
			"█▄▀",
			"█ █"
		],
		"L": [
			"█  ",
			"█▄▄"
		],
		"M": [
			"█▀▄▀█",
			"█ ▀ █"
		],
		"N": [
			"█▄ █",
			"█ ▀█"
		],
		"O": [
			"█▀█",
			"█▄█"
		],
		"P": [
			"█▀█",
			"█▀▀"
		],
		"Q": [
			"█▀█",
			"▀▀█"
		],
		"R": [
			"█▀█",
			"█▀▄"
		],
		"S": [
			"█▀▀",
			"▄▄█"
		],
		"T": [
			"▀█▀",
			" █ "
		],
		"U": [
			"█ █",
			"█▄█"
		],
		"V": [
			"█ █",
			"▀▄▀"
		],
		"W": [
			"█ █ █",
			"▀▄▀▄▀"
		],
		"X": [
			"▀▄▀",
			"█ █"
		],
		"Y": [
			"█▄█",
			" █ "
		],
		"Z": [
			"▀█",
			"█▄"
		],
		"0": [
			"▞█▚",
			"▚█▞"
		],
		"1": [
			"▄█",
			" █"
		],
		"2": [
			"▀█",
			"█▄"
		],
		"3": [
			"▀▀█",
			"▄██"
		],
		"4": [
			"█ █",
			"▀▀█"
		],
		"5": [
			"█▀",
			"▄█"
		],
		"6": [
			"█▄▄",
			"█▄█"
		],
		"7": [
			"▀▀█",
			"  █"
		],
		"8": [
			"███",
			"█▄█"
		],
		"9": [
			"█▀█",
			"▀▀█"
		],
		"!": [
			"█",
			"▄"
		],
		"?": [
			"▀█",
			" ▄"
		],
		".": [
			" ",
			"▄"
		],
		"+": [
			"▄█▄",
			" ▀ "
		],
		"-": [
			"▄▄",
			"  "
		],
		"_": [
			"  ",
			"▄▄"
		],
		"=": [
			"▀▀",
			"▀▀"
		],
		"@": [
			"▛█▜",
			"▙▟▃"
		],
		"#": [
			"▟▄▙",
			"▜▀▛"
		],
		"$": [
			"▖█▗",
			"▘█▝"
		],
		"%": [
			"▀ ▄▀",
			"▄▀ ▄"
		],
		"&": [
			"▄▄█",
			"█▄█"
		],
		"(": [
			"▄▀",
			"▀▄"
		],
		")": [
			"▀▄",
			"▄▀"
		],
		"/": [
			"  ▄▀",
			"▄▀  "
		],
		":": [
			"▀",
			"▄"
		],
		";": [
			"  ",
			"▄▀"
		],
		",": [
			" ",
			"█"
		],
		"'": [
			"▀",
			" "
		],
		"\"": [
			"▛ ▜",
			"   "
		],
		" ": [
			" ",
			" "
		]
	}
}
